Row,mu,rho,alpha,beta,V0,sigma_v,lambda,mu_y,rho_j,sigma_y,mu_v,kappa,theta
mu,1,0.0950693430378021,0.228536947323768,0.135033250813115,-0.17900894717557,0.172868101359082,9.88616452366025e-17,-0.91508754371102,0.113961438771279,0.109758925008376,0.0309682781626289,-0.135033250813115,0.243023556842717
rho,0.0950693430378021,1,0.133260626026999,0.106226619583339,-0.0969807589414073,-0.0422095680628131,-1.28968500509443e-15,-0.0177628604112888,0.105379150627289,-0.073457740049828,0.012349820112574,-0.10622661958334,0.179722775116066
alpha,0.228536947323768,0.133260626026999,1,-0.00400223086025083,0.232211163579403,0.549080359743581,6.42023615560175e-16,-0.0519570705218683,0.115316175591517,-0.146819408279866,0.168041208507096,0.00400223086025078,0.924719716052648
beta,0.135033250813115,0.106226619583339,-0.00400223086025083,1,-0.0185927982436452,-0.747665280428575,-5.92151212575024e-16,-0.0380436699346226,-0.0546413585427104,0.190167509716268,0.0628222359878441,-1,0.36011640705225
V0,-0.17900894717557,-0.0969807589414073,0.232211163579403,-0.0185927982436452,1,0.144186442814245,-4.39057264263584e-16,0.25389925524983,0.0330950321267437,-0.244266027566112,-0.0536935671994314,0.0185927982436451,0.219282831191449
sigma_v,0.172868101359082,-0.0422095680628131,0.549080359743581,-0.747665280428575,0.144186442814245,1,-2.39080857871295e-17,-0.124198376809452,0.21887906225747,-0.154660591421628,0.0960325676178048,0.747665280428575,0.227043517279364
lambda,9.88616452366025e-17,-1.28968500509443e-15,6.42023615560175e-16,-5.92151212575024e-16,-4.39057264263584e-16,-2.39080857871295e-17,1,-4.55676423033607e-17,2.64996928280815e-18,-1.24147364915787e-16,-1.0700202615144e-16,6.00046562076025e-16,1.86426983659515e-16
mu_y,-0.91508754371102,-0.0177628604112888,-0.0519570705218683,-0.0380436699346226,0.25389925524983,-0.124198376809452,-4.55676423033607e-17,1,-0.135880405640618,-0.141370956479042,-0.00266473823343857,0.0380436699346225,-0.0315226943208046
rho_j,0.113961438771279,0.105379150627289,0.115316175591517,-0.0546413585427104,0.0330950321267437,0.21887906225747,2.64996928280815e-18,-0.135880405640618,1,0.00791273316778488,0.31140378400865,0.0546413585427104,0.0792569540915772
sigma_y,0.109758925008376,-0.073457740049828,-0.146819408279866,0.190167509716268,-0.244266027566112,-0.154660591421628,-1.24147364915787e-16,-0.141370956479042,0.00791273316778488,1,0.0843552546580051,-0.190167509716268,-0.0960942239563898
mu_v,0.0309682781626289,0.012349820112574,0.168041208507096,0.0628222359878441,-0.0536935671994314,0.0960325676178048,-1.0700202615144e-16,-0.00266473823343857,0.31140378400865,0.0843552546580051,1,-0.0628222359878441,0.173386414245731
kappa,-0.135033250813115,-0.10622661958334,0.00400223086025078,-1,0.0185927982436451,0.747665280428575,6.00046562076025e-16,0.0380436699346225,0.0546413585427104,-0.190167509716268,-0.0628222359878441,1,-0.36011640705225
theta,0.243023556842717,0.179722775116066,0.924719716052648,0.36011640705225,0.219282831191449,0.227043517279364,1.86426983659515e-16,-0.0315226943208046,0.0792569540915772,-0.0960942239563898,0.173386414245731,-0.36011640705225,1
