XBTJPY BGN Curncy,,,,
43143,897720.8,#N/A N/A,,
43145,931817,897720.8,,
43158,1126258,931817,,
43160,1125915.3,1126258,,
43165,1206374.8,1125915.3,,
43173,1002812.5,1206374.8,,
43179,917234.8,1002812.5,,
43185,840469,917234.8,,
43186,850259.5,840469,,
43187,849747,850259.5,,
43188,760895.5,849747,,
43189,735832,760895.5,,
43192,740541,735832,,
43193,795470.5,740541,,
43194,735768,795470.5,,
43195,729498.5,735768,,
43196,711344.5,729498.5,,
43199,714860,711344.5,,
43200,733172,714860,,
43201,736180,733172,,
43202,827454,736180,,
43203,849265,827454,,
43206,858909.5,849265,,
43207,848516.5,858909.5,,
43208,877973,848516.5,,
43209,885708.5,877973,,
43210,920794,885708.5,,
43213,969117,920794,,
43214,1029231.5,969117,,
43215,990304,1029231.5,,
43216,990173,990304,,
43217,976017,990173,,
43220,1013083.5,976017,,
43221,991062,1013083.5,,
43222,1003789,991062,,
43223,1048330,1003789,,
43224,1054933,1048330,,
43227,1028750,1054933,,
43228,998063,1028750,,
43229,1012425,998063,,
43230,987593,1012425,,
43231,919103.5,987593,,
43234,969140,919103.5,,
43235,942377.5,969140,,
43236,918868.5,942377.5,,
43237,913388.5,918868.5,,
43238,913087,913388.5,,
43241,935042.5,913087,,
43242,904202,935042.5,,
43243,835818,904202,,
43244,826946,835818,,
43245,819991,826946,,
43248,795666,819991,,
43249,817717,795666,,
43250,801227,817717,,
43251,821291,801227,,
43252,815185,821291,,
43255,824050,815185,,
43256,837506,824050,,
43257,827924,837506,,
43258,840618.5,827924,,
43259,838440.5,840618.5,,
43262,746714,838440.5,,
43263,735487,746714,,
43264,697770.5,735487,,
43265,741014.5,697770.5,,
43266,721460,741014.5,,
43269,742707.5,721460,,
43270,738842,742707.5,,
43271,745004.5,738842,,
43272,741491.5,745004.5,,
43273,670099,741491.5,,
43276,689410,670099,,
43277,684060,689410,,
43278,677316.5,684060,,
43279,670215.5,677316.5,,
43280,653718.5,670215.5,,
43283,731689,653718.5,,
43284,731464,731689,,
43285,738317.5,731464,,
43286,720753,738317.5,,
43287,725046.5,720753,,
43290,740225.5,725046.5,,
43291,710313.5,740225.5,,
43292,712037,710313.5,,
43293,694989.5,712037,,
43294,694399.5,694989.5,,
43297,745274.5,694399.5,,
43298,822878,745274.5,,
43299,819496.5,822878,,
43300,829534,819496.5,,
43301,820899.5,829534,,
43304,856236.5,820899.5,,
43305,913037.5,856236.5,,
43306,903614,913037.5,,
43307,907496,903614,,
43308,911216.5,907496,,
43311,899744.5,911216.5,,
43312,859306,899744.5,,
43313,836540,859306,,
43314,843228,836540,,
43315,822629.5,843228,,
43318,771636.5,822629.5,,
43319,766752,771636.5,,
43320,701224,766752,,
43321,721891,701224,,
43322,687971,721891,,
43325,699616.5,687971,,
43326,675868.5,699616.5,,
43327,704363.5,675868.5,,
43328,698451.5,704363.5,,
43329,717565.5,698451.5,,
43332,711404,717565.5,,
43333,712375,711404,,
43334,699646.5,712375,,
43335,712843,699646.5,,
43336,734207.5,712843,,
43339,745336.5,734207.5,,
43340,787562,745336.5,,
43341,784998,787562,,
43342,767172,784998,,
43343,781545.5,767172,,
43346,809490,781545.5,,
43347,818987,809490,,
43348,775284.5,818987,,
43349,713727.5,775284.5,,
43350,716717,713727.5,,
43353,701151.5,716717,,
43354,698462.5,701151.5,,
43355,702636.5,698462.5,,
43356,723812.5,702636.5,,
43357,731855,723812.5,,
43360,694722.5,731855,,
43361,708907,694722.5,,
43362,720821,708907,,
43363,716193.5,720821,,
43364,753619.5,716193.5,,
43367,746836,753619.5,,
43368,720221.5,746836,,
43369,732592.5,720221.5,,
43370,756922.5,732592.5,,
43371,755303,756922.5,,
43374,746597.5,755303,,
43375,741817,746597.5,,
43376,736735.5,741817,,
43377,745772.5,736735.5,,
43378,744429,745772.5,,
43381,748591.5,744429,,
43382,744425.5,748591.5,,
43383,735668,744425.5,,
43384,698118.5,735668,,
43385,698871,698118.5,,
43388,715553,698871,,
43389,725962.5,715553,,
43390,726220.5,725962.5,,
43391,716986.5,726220.5,,
43392,718568.5,716986.5,,
43395,722885.5,718568.5,,
43396,717235,722885.5,,
43397,719576.5,717235,,
43398,718661,719576.5,,
43399,716307.5,718661,,
43402,702043.5,716307.5,,
43403,706530,702043.5,,
43404,711055,706530,,
43405,712934,711055,,
43406,718578,712934,,
43409,722878.5,718578,,
43410,727115.5,722878.5,,
43411,736510.5,727115.5,,
43412,730408,736510.5,,
43413,719346,730408,,
43416,719008,719346,,
43417,715498,719008,,
43418,637913,715498,,
43419,624068,637913,,
43420,617066.8,624068,,
43423,538367,617066.8,,
43424,490502.5,538367,,
43425,504393,490502.5,,
43426,502027.5,504393,,
43427,481608,502027.5,,
43430,416056.5,481608,,
43431,429812.5,416056.5,,
43432,482685,429812.5,,
43433,475624.5,482685,,
43434,445168.5,475624.5,,
43437,440586.5,445168.5,,
43438,440556,440586.5,,
43439,422058,440556,,
43440,406544,422058,,
43441,381105.5,406544,,
43444,387411,381105.5,,
43445,383050,387411,,
43446,389737.5,383050,,
43447,369754.5,389737.5,,
43448,357043.5,369754.5,,
43451,394431,357043.5,,
43452,396784,394431,,
43453,410360,396784,,
43454,442353.5,410360,,
43455,428515.5,442353.5,,
43458,446897,428515.5,,
43459,418289,446897,,
43460,420843.5,418289,,
43461,399799,420843.5,,
43462,429250,399799,,
43465,403823,429250,,
43466,408623,403823,,
43467,422769,408623,,
43468,409371.5,422769,,
43469,416230.5,409371.5,,
43472,434969,416230.5,,
43473,435239.5,434969,,
43474,432604,435239.5,,
43475,394716,432604,,
43476,397023,394716,,
43479,396815,397023,,
43480,388231,396815,,
43481,393560,388231,,
43482,396092,393560,,
43483,397444,396092,,
43486,386130.5,397444,,
43487,391365.5,386130.5,,
43488,388781,391365.5,,
43489,391187,388781,,
43490,389848,391187,,
43493,373251,389848,,
43494,371970.5,373251,,
43495,373627.8,371970.5,,
43496,371567.5,373627.8,,
43497,377174.5,371567.5,,
43500,375302,377174.5,,
43501,376352,375302,,
43502,369730,376352,,
43503,368594,369730,,
43504,394236,368594,,
43507,395270.5,394236,,
43508,393998.5,395270.5,,
43509,394926,393998.5,,
43510,393731.5,394926,,
43511,393702,393731.5,,
43514,427239.5,393702,,
43515,430469.5,427239.5,,
43516,433721.5,430469.5,,
43517,431745,433721.5,,
43518,435434.5,431745,,
43521,422775.5,435434.5,,
43522,419002,422775.5,,
43523,415493.5,419002,,
43524,424029,415493.5,,
43525,428332,424029,,
43528,413230,428332,,
43529,428258,413230,,
43530,429199.5,428258,,
43531,431257.5,429199.5,,
43532,429967.5,431257.5,,
43535,427808.5,429967.5,,
43536,430023,427808.5,,
43537,427609.5,430023,,
43538,430183.5,427609.5,,
43539,434721,430183.5,,
43542,441909,434721,,
43543,444087.5,441909,,
43544,443763,444087.5,,
43545,440368,443763,,
43546,437930.5,440368,,
43549,427253,437930.5,,
43550,432460.5,427253,,
43551,442205,432460.5,,
43552,442811.5,442205,,
43553,451000,442811.5,,
43556,459124,451000,,
43557,534028,459124,,
43558,589337.5,534028,,
43559,540296,589337.5,,
43560,557960,540296,,
43563,586094,557960,,
43564,579961,586094,,
43565,588849.5,579961,,
43566,564329.5,588849.5,,
43567,565096.5,564329.5,,
43570,563447,565096.5,,
43571,578914,563447,,
43572,583293.5,578914,,
43573,593594,583293.5,,
43574,589283.5,593594,,
43577,599250,589283.5,,
43578,624558.5,599250,,
43579,611725,624558.5,,
43580,614596,611725,,
43581,573354,614596,,
43584,576351.5,573354,,
43585,584587,576351.5,,
43586,591467.5,584587,,
43587,604674.5,591467.5,,
43588,632048.5,604674.5,,
43591,631779.5,632048.5,,
43592,646689,631779.5,,
43593,648373,646689,,
43594,666075.5,648373,,
43595,692108.5,666075.5,,
43598,858080.5,692108.5,,
43599,846407,858080.5,,
43600,894900,846407,,
43601,858732,894900,,
43602,782303.5,858732,,
43605,877232,782303.5,,
43606,891392.5,877232,,
43607,865789,891392.5,,
43608,858467,865789,,
43609,883493.5,858467,,
43612,958158,883493.5,,
43613,949529.5,958158,,
43614,946229.5,949529.5,,
43615,930453.5,946229.5,,
43616,922617.5,930453.5,,
43619,924894.5,922617.5,,
43620,829620,924894.5,,
43621,840170.5,829620,,
43622,835780,840170.5,,
43623,858719.5,835780,,
43626,863239.5,858719.5,,
43627,861900.5,863239.5,,
43628,881878,861900.5,,
43629,895522.5,881878,,
43630,918142.5,895522.5,,
43633,1005582,918142.5,,
43634,990916,1005582,,
43635,989189.5,990916,,
43636,1026098.5,989189.5,,
43637,1063134.5,1026098.5,,
43640,1164327.5,1063134.5,,
43641,1219821,1164327.5,,
43642,1382695,1219821,,
43643,1156548.5,1382695,,
43644,1323974,1156548.5,,
43647,1145022,1323974,,
43648,1168226.5,1145022,,
43649,1228664.5,1168226.5,,
43650,1266449,1228664.5,,
43651,1197166.5,1266449,,
43654,1326833.5,1197166.5,,
43655,1353517,1326833.5,,
43656,1280808,1353517,,
43657,1215602.5,1280808,,
43658,1278461.5,1215602.5,,
43661,1170606.5,1278461.5,,
43662,1042452,1170606.5,,
43663,1047632,1042452,,
43664,1137811.5,1047632,,
43665,1132187.5,1137811.5,,
43668,1112602,1132187.5,,
43669,1100585.3,1112602,,
43670,1042480,1100585.3,,
43671,1071631.5,1042480,,
43672,1071032,1071631.5,,
43675,1034741,1071032,,
43676,1036965.5,1034741,,
43677,1091765.5,1036965.5,,
43678,1116819,1091765.5,,
43679,1109706,1116819,,
43682,1243394,1109706,,
43683,1240106.5,1243394,,
43684,1255753.5,1240106.5,,
43685,1230551,1255753.5,,
43686,1249588.5,1230551,,
43689,1203432.5,1249588.5,,
43690,1161953.5,1203432.5,,
43691,1078585,1161953.5,,
43692,1096982.5,1078585,,
43693,1105631,1096982.5,,
43696,1137671.5,1105631,,
43697,1134623.5,1137671.5,,
43698,1083516,1134623.5,,
43699,1083536,1083516,,
43700,1089531.5,1083536,,
43703,1087212,1089531.5,,
43704,1072927.5,1087212,,
43705,1027868,1072927.5,,
43706,1013816,1027868,,
43707,1023757.5,1013816,,
43710,1099872,1023757.5,,
43711,1132985.5,1099872,,
43712,1128197.5,1132985.5,,
43713,1124934.5,1128197.5,,
43714,1104303,1124934.5,,
43717,1099294.3,1104303,,
43718,1081424.5,1099294.3,,
43719,1087320,1081424.5,,
43720,1115715.5,1087320,,
43721,1109520,1115715.5,,
43724,1101337.5,1109520,,
43725,1108647,1101337.5,,
43726,1104857.5,1108647,,
43727,1107595,1104857.5,,
43728,1090857.5,1107595,,
43731,1051416.5,1090857.5,,
43732,916982.5,1051416.5,,
43733,899791,916982.5,,
43734,872798.5,899791,,
43735,869960.5,872798.5,,
43738,889163,869960.5,,
43739,902204.5,889163,,
43740,883022,902204.5,,
43741,872091.3,883022,,
43742,872993,872091.3,,
43745,880242.5,872993,,
43746,871335,880242.5,,
43747,923295.8,871335,,
43748,924775,923295.8,,
43749,905382.8,924775,,
43752,902933,905382.8,,
43753,888438,902933,,
43754,869424,888438,,
43755,874459,869424,,
43756,862062,874459,,
43759,891682.5,862062,,
43760,881118.5,891682.5,,
43761,813783,881118.5,,
43762,810433.8,813783,,
43763,934290.5,810433.8,,
43766,1029558,934290.5,,
43767,1027756,1029558,,
43768,998086,1027756,,
43769,992592.5,998086,,
43770,996141.5,992592.5,,
43773,1023361.5,996141.5,,
43774,1018631.5,1023361.5,,
43775,1013740.5,1018631.5,,
43776,1006501.8,1013740.5,,
43777,966288,1006501.8,,
43780,953813.3,966288,,
43781,956140,953813.3,,
43782,951967,956140,,
43783,938283,951967,,
43784,920992.5,938283,,
43787,894354,920992.5,,
43788,881678.5,894354,,
43789,877725.5,881678.5,,
43790,826343.5,877725.5,,
43791,797404.5,826343.5,,
43794,786480.5,797404.5,,
43795,775663.5,786480.5,,
43796,825772.5,775663.5,,
43797,829066.5,825772.5,,
43798,845310,829066.5,,
43801,797990.5,845310,,
43802,795825.5,797990.5,,
43803,782808,795825.5,,
43804,802824,782808,,
43805,809925,802824,,
43808,799453,809925,,
43809,786533.5,799453,,
43810,780000.5,786533.5,,
43811,786412.5,780000.5,,
43812,791700,786412.5,,
43815,754573,791700,,
43816,724760,754573,,
43817,783295.5,724760,,
43818,781810,783295.5,,
43819,787769,781810,,
43822,800260.5,787769,,
43823,792964.5,800260.5,,
43824,790093.5,792964.5,,
43825,788454,790093.5,,
43826,789666.5,788454,,
43829,790242,789666.5,,
43830,777986.5,790242,,
43831,784251.8,777986.5,,
43832,756690,784251.8,,
43833,786500.5,756690,,
43836,821849.5,786500.5,,
43837,871844,821849.5,,
43838,872929.5,871844,,
43839,853458,872929.5,,
43840,880640,853458,,
43843,889647,880640,,
43844,954166,889647,,
43845,966482.5,954166,,
43846,956702,966482.5,,
43847,980894.5,956702,,
43850,955472.5,980894.5,,
43851,958159,955472.5,,
43852,950007.8,958159,,
43853,918718,950007.8,,
43854,928969.5,918718,,
43857,974257.5,928969.5,,
43858,987549.5,974257.5,,
43859,1016859.5,987549.5,,
43860,1034031.5,1016859.5,,
43861,1013660,1034031.5,,
43864,1007569,1013660,,
43865,999985.5,1007569,,
43866,1059246,999985.5,,
43867,1069305.5,1059246,,
43868,1069845,1069305.5,,
43871,1082858.5,1069845,,
43872,1119343,1082858.5,,
43873,1141417.5,1119343,,
43874,1118674.5,1141417.5,,
43875,1133805,1118674.5,,
43878,1061013,1133805,,
43879,1111983,1061013,,
43880,1072827.5,1111983,,
43881,1077713.3,1072827.5,,
43882,1079711,1077713.3,,
43885,1065686,1079711,,
43886,1032357.5,1065686,,
43887,968054,1032357.5,,
43888,962559.5,968054,,
43889,937007.5,962559.5,,
43892,970050.5,937007.5,,
43893,937337.5,970050.5,,
43894,940671.5,937337.5,,
43895,969598.5,940671.5,,
43896,963735,969598.5,,
43899,807561,963735,,
43900,845027.5,807561,,
43901,823367.5,845027.5,,
43902,607598.5,823367.5,,
43903,597575,607598.5,,
43906,530392.5,597575,,
43907,592497.5,530392.5,,
43908,580829.5,592497.5,,
43909,694356,580829.5,,
43910,662785.5,694356,,
43913,714563,662785.5,,
43914,751349.5,714563,,
43915,735270,751349.5,,
43916,738716.5,735270,,
43917,722125,738716.5,,
43920,699421,722125,,
43921,697839.5,699421,,
43922,683371,697839.5,,
43923,728457,683371,,
43924,728472,728457,,
43927,790864,728472,,
43928,777226,790864,,
43929,798725.5,777226,,
43930,794132,798725.5,,
43931,752634,794132,,
43934,737525,752634,,
43935,738749,737525,,
43936,727420,738749,,
43937,760620.5,727420,,
43938,761380.5,760620.5,,
43941,741472.5,761380.5,,
43942,745676.5,741472.5,,
43943,766962,745676.5,,
43944,811179.5,766962,,
43945,810947,811179.5,,
43948,828698.5,810947,,
43949,828979,828698.5,,
43950,951223,828979,,
43951,945163,951223,,
43952,936051,945163,,
43955,953427.5,936051,,
43956,955245,953427.5,,
43957,981791.5,955245,,
43958,1040896.5,981791.5,,
43959,1065349.5,1040896.5,,
43962,930596,1065349.5,,
43963,947268,930596,,
43964,996149,947268,,
43965,1034840,996149,,
43966,991126.5,1034840,,
43969,1038790,991126.5,,
43970,1042531,1038790,,
43971,1030500.5,1042531,,
43972,975677,1030500.5,,
43973,990466,975677,,
43976,961045,990466,,
43977,954126.5,961045,,
43978,987985.5,954126.5,,
43979,1016474,987985.5,,
43980,1016572.5,1016474,,
43983,1040821.5,1016572.5,,
43984,1033197,1040821.5,,
43985,1043759,1033197,,
43986,1065988.5,1043759,,
43987,1062584,1065988.5,,
43990,1053364.5,1062584,,
43991,1050908.3,1053364.5,,
43992,1056851.5,1050908.3,,
43993,1000297,1056851.5,,
43994,1017388,1000297,,
43997,1015590,1017388,,
43998,1019225.5,1015590,,
43999,1004195,1019225.5,,
44000,1000834.5,1004195,,
44001,996260,1000834.5,,
44004,1029905.5,996260,,
44005,1027706.3,1029905.5,,
44006,997075.5,1027706.3,,
44007,995652.8,997075.5,,
44008,987396,995652.8,,
44011,987852,987396,,
44012,988231.5,987852,,
44013,993885,988231.5,,
44014,978988,993885,,
44015,978485.5,978988,,
44018,996643.5,978485.5,,
44019,995266.5,996643.5,,
44020,1010838,995266.5,,
44021,991414,1010838,,
44022,988389,991414,,
44025,994216,988389,,
44026,995113.5,994216,,
44027,987644.5,995113.5,,
44028,977718,987644.5,,
44029,980957,977718,,
44032,985412.5,980957,,
44033,1001228.5,985412.5,,
44034,1004629.5,1001228.5,,
44035,1023742,1004629.5,,
44036,1021701.5,1023742,,
44039,1142670.5,1021701.5,,
44040,1153102,1142670.5,,
44041,1178433,1153102,,
44042,1167787,1178433,,
44043,1199602,1167787,,
44046,1204879.5,1199602,,
44047,1188325.5,1204879.5,,
44048,1233620.5,1188325.5,,
44049,1252194,1233620.5,,
44050,1228778,1252194,,
44053,1254622,1228778,,
44054,1198477,1254622,,
44055,1236216,1198477,,
44056,1241099.5,1236216,,
44057,1255720,1241099.5,,
44060,1306439.5,1255720,,
44061,1270147,1306439.5,,
44062,1245491.5,1270147,,
44063,1256891,1245491.5,,
44064,1233662.5,1256891,,
44067,1245951,1233662.5,,
44068,1201998,1245951,,
44069,1220657.8,1201998,,
44070,1202194,1220657.8,,
44071,1212474,1202194,,
44074,1237555,1212474,,
44075,1272343.3,1237555,,
44076,1210774,1272343.3,,
44077,1148977.5,1210774,,
44078,1128757,1148977.5,,
44081,1081891,1128757,,
44082,1063969.5,1081891,,
44083,1090830.5,1063969.5,,
44084,1095301,1090830.5,,
44085,1098116.5,1095301,,
44088,1131156,1098116.5,,
44089,1147136.5,1131156,,
44090,1157510,1147136.5,,
44091,1146818,1157510,,
44092,1141561,1146818,,
44095,1099855,1141561,,
44096,1105165,1099855,,
44097,1076316.5,1105165,,
44098,1121985,1076316.5,,
44099,1131719.5,1121985,,
44102,1147838.5,1131719.5,,
44103,1137754,1147838.5,,
44104,1130692,1137754,,
44105,1120779.5,1130692,,
44106,1112184,1120779.5,,
44109,1136058.5,1112184,,
44110,1115623.5,1136058.5,,
44111,1130629,1115623.5,,
44112,1154690.5,1130629,,
44113,1166068.5,1154690.5,,
44116,1217813,1166068.5,,
44117,1205851.5,1217813,,
44118,1198002.5,1205851.5,,
44119,1216550,1198002.5,,
44120,1192058.5,1216550,,
44123,1234884.5,1192058.5,,
44124,1256124.5,1234884.5,,
44125,1341215,1256124.5,,
44126,1376335,1341215,,
44127,1356456.5,1376335,,
44130,1366453.5,1356456.5,,
44131,1422570,1366453.5,,
44132,1379457.5,1422570,,
44133,1410575,1379457.5,,
44134,1426399,1410575,,
44137,1427254,1426399,,
44138,1437164.5,1427254,,
44139,1465545,1437164.5,,
44140,1577242.5,1465545,,
44141,1606775,1577242.5,,
44144,1618849,1606775,,
44145,1617055,1618849,,
44146,1661709.8,1617055,,
44147,1697846,1661709.8,,
44148,1705454,1697846,,
44151,1746158.5,1705454,,
44152,1835682.5,1746158.5,,
44153,1846697.5,1835682.5,,
44154,1859480,1846697.5,,
44155,1928660,1859480,,
44158,1919639.5,1928660,,
44159,1954088,1919639.5,,
44160,1966910,1954088,,
44161,1781411.5,1966910,,
44162,1767666.5,1781411.5,,
44165,2017704,1767666.5,,
44166,1990707,2017704,,
44167,1999463.5,1990707,,
44168,2020500,1999463.5,,
44169,1961670.5,2020500,,
44172,1990712.5,1961670.5,,
44173,1957153.5,1990712.5,,
44174,1930912,1957153.5,,
44175,1909913,1930912,,
44176,1882753,1909913,,
44179,1995628,1882753,,
44180,2012155,1995628,,
44181,2192369,2012155,,
44182,2345340.5,2192369,,
44183,2362552.5,2345340.5,,
44186,2392667,2362552.5,,
44187,2425830,2392667,,
44188,2409345,2425830,,
44189,2424576.5,2409345,,
44190,2523009,2424576.5,,
44193,2762240.5,2523009,,
44194,2782484,2762240.5,,
44195,2962817.5,2782484,,
44196,2969274.5,2962817.5,,
44197,2999110.5,2969274.5,,
44200,3186580.5,2999110.5,,
44201,3455461.5,3186580.5,,
44202,3686620.5,3455461.5,,
44203,4120441,3686620.5,,
44204,4149415,4120441,,
44207,3537217,4149415,,
44208,3604777,3537217,,
44209,3863907,3604777,,
44210,4027372,3863907,,
44211,3774433,4027372,,
44214,3759220,3774433,,
44215,3796788,3759220,,
44216,3619428,3796788,,
44217,3239728.5,3619428,,
44218,3463793.5,3239728.5,,
44221,3398869.5,3463793.5,,
44222,3322025.5,3398869.5,,
44223,3225451.5,3322025.5,,
44224,3459617.5,3225451.5,,
44225,3634155.5,3459617.5,,
44228,3516880.5,3634155.5,,
44229,3725569.5,3516880.5,,
44230,3908680,3725569.5,,
44231,3970802.5,3908680,,
44232,3990642.5,3970802.5,,
44235,4707339.5,3990642.5,,
44236,4947486.5,4707339.5,,
44237,4716201,4947486.5,,
44238,4913070.5,4716201,,
44239,5022211,4913070.5,,
44242,5078593,5022211,,
44243,5153563.5,5078593,,
44244,5540937.5,5153563.5,,
44245,5502580.5,5540937.5,,
44246,5858312,5502580.5,,
44249,5779506.5,5858312,,
44250,5067627.5,5779506.5,,
44251,5174072,5067627.5,,
44252,5127947,5174072,,
44253,4870974,5127947,,
44256,5219516,4870974,,
44257,5076608,5219516,,
44258,5463335.5,5076608,,
44259,5186554,5463335.5,,
44260,5319606,5186554,,
44263,5632045,5319606,,
44264,5889166.5,5632045,,
44265,6154852.5,5889166.5,,
44266,6234532,6154852.5,,
44267,6217152.5,6234532,,
44270,6144575,6217152.5,,
44271,6145480,6144575,,
44272,6293361,6145480,,
44273,6263316.5,6293361,,
44274,6360388,6263316.5,,
44277,5956529,6360388,,
44278,5922522.5,5956529,,
44279,5893871.5,5922522.5,,
44280,5684665.5,5893871.5,,
44281,5927284.5,5684665.5,,
44284,6279461,5927284.5,,
44285,6469917.5,6279461,,
44286,6525316.5,6469917.5,,
44287,6511902.5,6525316.5,,
44288,6499552.5,6511902.5,,
44291,6474656,6499552.5,,
44292,6396149,6474656,,
44293,6173388.5,6396149,,
44294,6303276,6173388.5,,
44295,6401195.5,6303276,,
44298,6574105,6401195.5,,
44299,6883664.5,6574105,,
44300,6797623.5,6883664.5,,
44301,6895848,6797623.5,,
44302,6760319.5,6895848,,
44305,6093544,6760319.5,,
44306,6151704.5,6093544,,
44307,5954003.5,6151704.5,,
44308,5577587,5954003.5,,
44309,5465015,5577587,,
44312,5772926.5,5465015,,
44313,5997788,5772926.5,,
44314,5920870.5,5997788,,
44315,5781117,5920870.5,,
44316,6217753.5,5781117,,
44319,6213448.5,6217753.5,,
44320,6003345.5,6213448.5,,
44321,6215113,6003345.5,,
44322,6111777,6215113,,
44323,6244995,6111777,,
44326,6042256.5,6244995,,
44327,6186262,6042256.5,,
44328,5986529.5,6186262,,
44329,5393890.5,5986529.5,,
44330,5395861.5,5393890.5,,
44333,4893011,5395861.5,,
44334,4721093,4893011,,
44335,4191276.5,4721093,,
44336,4380825,4191276.5,,
44337,4173703.5,4380825,,
44340,4253015,4173703.5,,
44341,4100667,4253015,,
44342,4233888,4100667,,
44343,4230550.5,4233888,,
44344,3878077,4230550.5,,
44347,4022705.5,3878077,,
44348,3979123,4022705.5,,
44349,4138904,3979123,,
44350,4268459,4138904,,
44351,4059816,4268459,,
44354,3764748.5,4059816,,
44355,3686411.5,3764748.5,,
44356,3996603.5,3686411.5,,
44357,3983141,3996603.5,,
44358,4077257.5,3983141,,
44361,4382038.5,4077257.5,,
44362,4392632.5,4382038.5,,
44363,4268675,4392632.5,,
44364,4164765.5,4268675,,
44365,3915225,4164765.5,,
44368,3594719.3,3915225,,
44369,3637195.8,3594719.3,,
44370,3668788.5,3637195.8,,
44371,3864764,3668788.5,,
44372,3570356,3864764,,
44375,3837580,3570356,,
44376,3996669,3837580,,
44377,3845426,3996669,,
44378,3724059.5,3845426,,
44379,3676244.5,3724059.5,,
44382,3761440.5,3676244.5,,
44383,3758337.5,3761440.5,,
44384,3822883.5,3758337.5,,
44385,3601140.5,3822883.5,,
44386,3690888.5,3601140.5,,
44389,3624505.5,3690888.5,,
44390,3598484.5,3624505.5,,
44391,3609150,3598484.5,,
44392,3490359.5,3609150,,
44393,3505127,3490359.5,,
44396,3370305.5,3505127,,
44397,3281778,3370305.5,,
44398,3511570,3281778,,
44399,3552042.5,3511570,,
44400,3589372,3552042.5,,
44403,4148150.5,3589372,,
44404,4173145.5,4148150.5,,
44405,4397130,4173145.5,,
44406,4347256.5,4397130,,
44407,4461325,4347256.5,,
44410,4248039.5,4461325,,
44411,4153527.5,4248039.5,,
44412,4345013.5,4153527.5,,
44413,4486922.5,4345013.5,,
44414,4694811,4486922.5,,
44417,5010670.5,4694811,,
44418,5039364.5,5010670.5,,
44419,5115504.5,5039364.5,,
44420,4911306,5115504.5,,
44421,5204374.5,4911306,,
44424,5034816,5204374.5,,
44425,4932976,5034816,,
44426,4894173,4932976,,
44427,5112252,4894173,,
44428,5327279,5112252,,
44431,5427722,5327279,,
44432,5302633.5,5427722,,
44433,5356843.5,5302633.5,,
44434,5175533,5356843.5,,
44435,5366357,5175533,,
44438,5316166,5366357,,
44439,5162394,5316166,,
44440,5307357.5,5162394,,
44441,5440307,5307357.5,,
44442,5497297.5,5440307,,
44445,5694241,5497297.5,,
44446,5267061,5694241,,
44449,4955604,5267061,,
44452,4970390.5,4955604,,
44453,5138495,4970390.5,,
44454,5243262.5,5138495,,
44455,5174864,5243262.5,,
44456,5177759.5,5174864,,
44459,4765756.5,5177759.5,,
44460,4471454.5,4765756.5,,
44461,4773648,4471454.5,,
44462,4932554,4773648,,
44463,4763875,4932554,,
44466,4744612,4763875,,
44467,4663296,4744612,,
44468,4607170,4663296,,
44469,4833736.5,4607170,,
44470,5342228,4833736.5,,
44473,5435185,5342228,,
44474,5727583,5435185,,
44475,5996494,5727583,,
44477,6056436.5,5996494,,
44480,6497881,6056436.5,,
44481,6293322.5,6497881,,
44482,6447322.5,6293322.5,,
44483,6527802,6447322.5,,
44484,7124014.5,6527802,,
44487,7016711.5,7124014.5,,
44488,7326761,7016711.5,,
44489,7547951.5,7326761,,
44490,7141790.5,7547951.5,,
44491,6894088.5,7141790.5,,
44494,7115287,6894088.5,,
44495,7090499.5,7115287,,
44496,6720523.5,7090499.5,,
44497,6978927,6720523.5,,
44498,7120648.5,6978927,,
44501,6928113,7120648.5,,
44502,7195486.5,6928113,,
44503,7157730,7195486.5,,
44504,6986198,7157730,,
44505,6917678.5,6986198,,
44508,7485256,6917678.5,,
44509,7642636,7485256,,
44510,7352011,7642636,,
44511,7425861.5,7352011,,
44512,7309820.5,7425861.5,,
44515,7300836,7309820.5,,
44516,6948969.5,7300836,,
44517,6858931,6948969.5,,
44518,6575339.5,6858931,,
44519,6601098,6575339.5,,
44522,6466898.5,6601098,,
44523,6639701.5,6466898.5,,
44524,6616889,6639701.5,,
44525,6786220,6616889,,
44526,6142167,6786220,,
44529,6625821,6142167,,
44530,6469590,6625821,,
44531,6437288,6469590,,
44532,6445866.5,6437288,,
44533,6090185,6445866.5,,
44536,5690484.5,6090185,,
44537,5740812,5690484.5,,
44538,5757897,5740812,,
44539,5455765.5,5757897,,
44540,5448074,5455765.5,,
44543,5328510,5448074,,
44544,5498086,5328510,,
44545,5614722.5,5498086,,
44546,5475946,5614722.5,,
44547,5336050,5475946,,
44550,5345974,5336050,,
44551,5597787.5,5345974,,
44552,5603205,5597787.5,,
44553,5814489,5603205,,
44554,5824689.5,5814489,,
44557,5855619.5,5824689.5,,
44558,5466357.5,5855619.5,,
44559,5431297,5466357.5,,
44560,5438992,5431297,,
44561,5331262,5438992,,
44564,5315115,5331262,,
44565,5376395,5315115,,
44566,5068892.5,5376395,,
44567,5001414.5,5068892.5,,
44568,4849710,5001414.5,,
44571,4806758,4849710,,
44572,4927187,4806758,,
44573,5028959,4927187,,
44574,4896587,5028959,,
44575,4949899.5,4896587,,
44578,4795917,4949899.5,,
44579,4862516.5,4795917,,
44580,4775444.5,4862516.5,,
44581,4727343,4775444.5,,
44582,4176936.5,4727343,,
44585,4197268.5,4176936.5,,
44586,4166391,4197268.5,,
44587,4175611.5,4166391,,
44588,4179897,4175611.5,,
44589,4358487.5,4179897,,
44592,4427127.5,4358487.5,,
44593,4447003,4427127.5,,
44594,4226293,4447003,,
44595,4250436,4226293,,
44596,4681772.5,4250436,,
44599,5075815.5,4681772.5,,
44600,5114984,5075815.5,,
44601,5142720,5114984,,
44602,5077543,5142720,,
44603,4917569.5,5077543,,
44606,4884502.5,4917569.5,,
44607,5090764,4884502.5,,
44608,5090472,5090764,,
44609,4680457.5,5090472,,
44610,4605811,4680457.5,,
44613,4264547.5,4605811,,
44614,4362779,4264547.5,,
44615,4321166,4362779,,
44616,4438246.5,4321166,,
44617,4507987,4438246.5,,
44620,4788914,4507987,,
44621,4934188,4788914,,
44623,4862586.5,4934188,,
44624,4525045,4862586.5,,
44627,4367952,4525045,,
44628,4458406,4367952,,
44629,4854489.5,4458406,,
44630,4568987,4854489.5,,
44631,4561656.5,4568987,,
44634,4579495,4561656.5,,
44635,4666209.5,4579495,,
44636,4897599,4666209.5,,
44637,4833770,4897599,,
44638,4980786.5,4833770,,
44641,4915689,4980786.5,,
44642,5145641.5,4915689,,
44643,5128089.5,5145641.5,,
44644,5367936.5,5128089.5,,
44645,5443174,5367936.5,,
44648,5942138,5443174,,
44649,5829249.5,5942138,,
44650,5750765.5,5829249.5,,
44651,5565643.5,5750765.5,,
44652,5658230,5565643.5,,
44655,5685507,5658230,,
44656,5655327.5,5685507,,
44657,5435786,5655327.5,,
44658,5404339.5,5435786,,
44659,5319593.5,5404339.5,,
44662,4998210.5,5319593.5,,
44663,4961523,4998210.5,,
44664,5184753.5,4961523,,
44665,5024836,5184753.5,,
44666,5110865,5024836,,
44669,5161135,5110865,,
44670,5321229,5161135,,
44671,5297421,5321229,,
44672,5219437,5297421,,
44673,5097464.5,5219437,,
44676,5148180.5,5097464.5,,
44677,4856784.5,5148180.5,,
44678,5027117.5,4856784.5,,
44679,5224609.5,5027117.5,,
44680,5011180,5224609.5,,
44683,4990928.5,5011180,,
44684,4917747.5,4990928.5,,
44685,5138693.5,4917747.5,,
44686,5119524.5,5138693.5,,
44687,4713679,5119524.5,,
44690,4039414.5,4713679,,
44691,4047092.5,4039414.5,,
44692,3707980,4047092.5,,
44693,3672717,3707980,,
44694,3852170,3672717,,
44697,3863500,3852170,,
44698,3892816.5,3863500,,
44699,3749668,3892816.5,,
44700,3862959.5,3749668,,
44701,3730061.5,3862959.5,,
44704,3752318.5,3730061.5,,
44705,3739157,3752318.5,,
44706,3787359,3739157,,
44707,3742471,3787359,,
44708,3655604.5,3742471,,
44711,3987894.5,3655604.5,,
44712,4089978.5,3987894.5,,
44713,3857376,4089978.5,,
44714,3927136,3857376,,
44715,3879515,3927136,,
44718,4145467,3879515,,
44719,4155005,4145467,,
44720,4053877.5,4155005,,
44721,4054235,4053877.5,,
44722,3924571,4054235,,
44725,3127034,3924571,,
44726,2978574.5,3127034,,
44727,2902100,2978574.5,,
44728,2735064,2902100,,
44729,2785239,2735064,,
44732,2763947.5,2785239,,
44733,2850334.5,2763947.5,,
44734,2710494.5,2850334.5,,
44735,2806224,2710494.5,,
44736,2864462,2806224,,
44739,2831438.5,2864462,,
44740,2761057.5,2831438.5,,
44741,2760256.5,2761057.5,,
44742,2545156,2760256.5,,
44743,2628694,2545156,,
44746,2679990.5,2628694,,
44747,2782427,2679990.5,,
44748,2774261,2782427,,
44749,2937169.5,2774261,,
44750,2974682,2937169.5,,
44753,2804680,2974682,,
44754,2660622,2804680,,
44755,2704871,2660622,,
44756,2869569,2704871,,
44757,2899022.5,2869569,,
44760,2969441,2899022.5,,
44761,3221088.5,2969441,,
44762,3223600,3221088.5,,
44763,3179779.5,3223600,,
44764,3079100.5,3179779.5,,
44767,3031493,3079100.5,,
44768,2873892,3031493,,
44769,3113310.5,2873892,,
44770,3226856.5,3113310.5,,
44771,3193076.5,3226856.5,,
44774,3041177.5,3193076.5,,
44775,3066520.5,3041177.5,,
44776,3123933,3066520.5,,
44777,2994280.5,3123933,,
44778,3105109,2994280.5,,
44781,3250850,3105109,,
44782,3129687.5,3250850,,
44783,3177160,3129687.5,,
44784,3219443,3177160,,
44785,3234862,3219443,,
44788,3208703.5,3234862,,
44789,3217603.5,3208703.5,,
44790,3161137.5,3217603.5,,
44791,3181565,3161137.5,,
44792,2914427.5,3181565,,
44795,2907002.5,2914427.5,,
44796,2938927.5,2907002.5,,
44797,2976822,2938927.5,,
44798,2955255,2976822,,
44799,2844383,2955255,,
44802,2801095.5,2844383,,
44803,2773946.5,2801095.5,,
44804,2809115.5,2773946.5,,
44805,2814822,2809115.5,,
44806,2802023.5,2814822,,
44809,2779073.5,2802023.5,,
44810,2711962.5,2779073.5,,
44811,2789499.5,2711962.5,,
44812,2791806.5,2789499.5,,
44813,3036491,2791806.5,,
44816,3199135,3036491,,
44817,2925095,3199135,,
44818,2855428,2925095,,
44819,2849934.5,2855428,,
44820,2823508,2849934.5,,
44823,2795867.5,2823508,,
44824,2726279,2795867.5,,
44825,2724976,2726279,,
44826,2741829,2724976,,
44827,2703523,2741829,,
44830,2765680.5,2703523,,
44831,2761164,2765680.5,,
44832,2819296.5,2761164,,
44833,2817915.5,2819296.5,,
44834,2812055.5,2817915.5,,
44837,2832605,2812055.5,,
44838,2932072.5,2832605,,
44839,2893924,2932072.5,,
44840,2910260.5,2893924,,
44841,2843965.5,2910260.5,,
44844,2805525.5,2843965.5,,
44845,2776781.5,2805525.5,,
44846,2816696.5,2776781.5,,
44847,2853800.5,2816696.5,,
44848,2855069,2853800.5,,
44851,2910125.5,2855069,,
44852,2890529,2910125.5,,
44853,2876752,2890529,,
44854,2858203.5,2876752,,
44855,2832871.5,2858203.5,,
44858,2887398.5,2832871.5,,
44859,2984236.5,2887398.5,,
44860,3038904.5,2984236.5,,
44861,2986556.5,3038904.5,,
44862,3041483,2986556.5,,
44865,3035999.5,3041483,,
44866,3038255,3035999.5,,
44867,2985710,3038255,,
44868,3002761,2985710,,
44869,3098972,3002761,,
44872,3033442,3098972,,
44873,2732557,3033442,,
44874,2307342,2732557,,
44875,2514012,2307342,,
44876,2335454.5,2514012,,
44879,2294706,2335454.5,,
44880,2354899,2294706,,
44881,2311579.5,2354899,,
44882,2338149,2311579.5,,
44883,2336593.5,2338149,,
44886,2222407.5,2336593.5,,
44887,2281205.5,2222407.5,,
44888,2300617.5,2281205.5,,
44889,2297228,2300617.5,,
44890,2301821,2297228,,
44893,2254188,2301821,,
44894,2290765,2254188,,
44895,2364066,2290765,,
44896,2301232.5,2364066,,
44897,2294614,2301232.5,,
44900,2321190,2294614,,
44901,2330597,2321190,,
44902,2300965,2330597,,
44903,2348076,2300965,,
44904,2335595.5,2348076,,
44907,2365991,2335595.5,,
44908,2410170.5,2365991,,
44909,2415974,2410170.5,,
44910,2397383,2415974,,
44911,2303389,2397383,,
44914,2272513,2303389,,
44915,2227515,2272513,,
44916,2225280,2227515,,
44917,2223997,2225280,,
44918,2234840,2223997,,
44921,2236032,2234840,,
44922,2228445,2236032,,
44923,2220187.5,2228445,,
44924,2207789.5,2220187.5,,
44925,2176889.5,2207789.5,,
44928,2189220.5,2176889.5,,
44929,2179177.5,2189220.5,,
44930,2230248.5,2179177.5,,
44931,2244775,2230248.5,,
44932,2235735.5,2244775,,
44935,2268323.5,2235735.5,,
44936,2311133,2268323.5,,
44937,2327727,2311133,,
44938,2435635,2327727,,
44939,2534061.5,2435635,,
44942,2717621.5,2534061.5,,
44943,2733713.5,2717621.5,,
44944,2680718,2733713.5,,
44945,2690613,2680718,,
44946,2891147.5,2690613,,
44949,3002842.5,2891147.5,,
44950,2982800.5,3002842.5,,
44951,3055853,2982800.5,,
44952,3006525.5,3055853,,
44953,3000097.5,3006525.5,,
44956,2972839,3000097.5,,
44957,2988671,2972839,,
44958,3055235,2988671,,
44959,3028792,3055235,,
44960,3067815,3028792,,
44963,3040254,3067815,,
44964,3040642.5,3040254,,
44965,3020065,3040642.5,,
44966,2875279,3020065,,
44967,2833340,2875279,,
44970,2865448.5,2833340,,
44971,2964495,2865448.5,,
44972,3231547,2964495,,
44973,3282094.5,3231547,,
44974,3287901.5,3282094.5,,
44977,3325352.5,3287901.5,,
44978,3264464.5,3325352.5,,
44979,3211242.5,3264464.5,,
44980,3215038,3211242.5,,
44981,3154918,3215038,,
44984,3185483.5,3154918,,
44985,3153836,3185483.5,,
44986,3209259.8,3153836,,
44987,3202596,3209259.8,,
44988,3022832,3202596,,
44991,3046841.3,3022832,,
44992,3026119.5,3046841.3,,
44993,3023880,3026119.5,,
44994,2756371.5,3023880,,
44995,2715181,2756371.5,,
44998,3224158,2715181,,
44999,3304219,3224158,,
45000,3254918.8,3304219,,
45001,3311543.8,3254918.8,,
45002,3534867.8,3311543.8,,
45005,3688567.3,3534867.8,,
45006,3729365.8,3688567.3,,
45007,3601105,3729365.8,,
45008,3708329.5,3601105,,
45009,3613433.8,3708329.5,,
45012,3559330.5,3613433.8,,
45013,3576099,3559330.5,,
45014,3771728.3,3576099,,
45015,3736592.5,3771728.3,,
45016,3770844.3,3736592.5,,
45019,3654653,3770844.3,,
45020,3724629.8,3654653,,
45021,3699658.5,3724629.8,,
45022,3690886.3,3699658.5,,
45023,3688007.3,3690886.3,,
45026,3892687.5,3688007.3,,
45027,4036434,3892687.5,,
45028,3991293.5,4036434,,
45029,4016388.5,3991293.5,,
45030,4076018.8,4016388.5,,
45033,3963502.3,4076018.8,,
45034,4079261.5,3963502.3,,
45035,3942684.8,4079261.5,,
45036,3787649.5,3942684.8,,
45037,3659974.5,3787649.5,,
45040,3688623.5,3659974.5,,
45041,3743177.8,3688623.5,,
45042,3797329,3743177.8,,
45043,3970892.3,3797329,,
45044,4002131.3,3970892.3,,
45047,3811362,4002131.3,,
45048,3921547.5,3811362,,
45049,3848673,3921547.5,,
45050,3880568.5,3848673,,
45051,3982672.3,3880568.5,,
45054,3724910.8,3982672.3,,
45055,3743640,3724910.8,,
45056,3747908.5,3743640,,
45057,3636180.5,3747908.5,,
45058,3591708.5,3636180.5,,
45061,3725570.5,3591708.5,,
45062,3677658.8,3725570.5,,
45063,3765089.3,3677658.8,,
45064,3710520.3,3765089.3,,
45065,3704821.5,3710520.3,,
45068,3729127.5,3704821.5,,
45069,3773329.8,3729127.5,,
45070,3683436,3773329.8,,
45071,3709720.3,3683436,,
45072,3760753.3,3709720.3,,
45075,3889541,3760753.3,,
45076,3883243.5,3889541,,
45077,3778696.5,3883243.5,,
45078,3731025,3778696.5,,
45079,3806537,3731025,,
45082,3580840.8,3806537,,
45083,3762664.8,3580840.8,,
45084,3696494.8,3762664.8,,
45085,3703148,3696494.8,,
45086,3686786.3,3703148,,
45089,3616824.3,3686786.3,,
45090,3626886.5,3616824.3,,
45091,3495815,3626886.5,,
45092,3583475.8,3495815,,
45093,3742985.8,3583475.8,,
45096,3793739.3,3742985.8,,
45097,3982330,3793739.3,,
45098,4249355.5,3982330,,
45099,4315258.5,4249355.5,,
45100,4444575.5,4315258.5,,
45103,4329935.5,4444575.5,,
45104,4416770,4329935.5,,
45105,4350929,4416770,,
45106,4403073,4350929,,
45107,4389550,4403073,,
45110,4506352,4389550,,
45111,4451827,4506352,,
45112,4408979.5,4451827,,
45113,4369852,4408979.5,,
45114,4304725,4369852,,
45117,4353626,4304725,,
45118,4292834.5,4353626,,
45119,4205806,4292834.5,,
45120,4331621.5,4205806,,
45121,4192515,4331621.5,,
45124,4153198,4192515,,
45125,4135867.5,4153198,,
45126,4185765,4135867.5,,
45127,4165900,4185765,,
45128,4238228.5,4165900,,
45131,4124050,4238228.5,,
45132,4120872.3,4124050,,
45133,4152648.8,4120872.3,,
45134,4065421,4152648.8,,
45135,4142512,4065421,,
45138,4156523.5,4142512,,
45139,4186446.5,4156523.5,,
45140,4175337.3,4186446.5,,
45141,4175067.5,4175337.3,,
45142,4104820,4175067.5,,
45145,4156847,4104820,,
45146,4298479,4156847,,
45147,4238793,4298479,,
45148,4260589,4238793,,
45149,4261524,4260589,,
45152,4276270,4261524,,
45153,4248069,4276270,,
45154,4237211,4248069,,
45155,4032585,4237211,,
45156,3792227,4032585,,
45159,3819329.3,3792227,,
45160,3774040,3819329.3,,
45161,3853930.3,3774040,,
45162,3796723,3853930.3,,
45163,3816066.8,3796723,,
45166,3809101.3,3816066.8,,
45167,4025060,3809101.3,,
45168,3987580.5,4025060,,
45169,3788037.5,3987580.5,,
45170,3771141.8,3788037.5,,
45173,3785282.3,3771141.8,,
45174,3799174.5,3785282.3,,
45175,3792746.3,3799174.5,,
45176,3830985,3792746.3,,
45177,3829653.3,3830985,,
45180,3679910.8,3829653.3,,
45181,3837236.8,3679910.8,,
45182,3869068.5,3837236.8,,
45183,3922107.5,3869068.5,,
45184,3907939.5,3922107.5,,
45187,3953608.5,3907939.5,,
45188,4021397.3,3953608.5,,
45189,4018982.8,4021397.3,,
45190,3927986.3,4018982.8,,
45191,3939563.8,3927986.3,,
45194,3917937,3939563.8,,
45195,3900593.5,3917937,,
45196,3928603.8,3900593.5,,
45197,4045942.3,3928603.8,,
45198,4019641,4045942.3,,
45201,4174594.5,4019641,,
45202,4084811.5,4174594.5,,
45203,4126976.8,4084811.5,,
45204,4082609.5,4126976.8,,
45205,4179387.5,4082609.5,,
45208,4098448.5,4179387.5,,
45209,4076969.5,4098448.5,,
45210,3988599.8,4076969.5,,
45211,4007457,3988599.8,,
45212,4037747.3,4007457,,
45215,4247561,4037747.3,,
45216,4266679,4247561,,
45217,4237706.5,4266679,,
45218,4304973,4237706.5,,
45219,4436515,4304973,,
45222,4720668.5,4436515,,
45223,5042727,4720668.5,,
45224,5209899,5042727,,
45225,5143121,5209899,,
45226,5064932,5143121,,
45229,5134319,5064932,,
45230,5255153,5134319,,
45231,5344533,5255153,,
45232,5255743.5,5344533,,
45233,5172011,5255743.5,,
45236,5258367,5172011,,
45237,5338543,5258367,,
45238,5371582,5338543,,
45239,5531897,5371582,,
45240,5651832,5531897,,
45243,5538831,5651832,,
45244,5352537,5538831,,
45245,5698548,5352537,,
45246,5423264.5,5698548,,
45247,5449756,5423264.5,,
45250,5555014,5449756,,
45251,5467373,5555014,,
45252,5622725,5467373,,
45253,5574048,5622725,,
45254,5657072.5,5574048,,
45257,5507289.5,5657072.5,,
45258,5600062,5507289.5,,
45259,5557529,5600062,,
45260,5596459,5557529,,
45261,5698498,5596459,,
45264,6186827,5698498,,
45265,6463132.5,6186827,,
45266,6457290,6463132.5,,
45267,6256342.5,6457290,,
45268,6443810,6256342.5,,
45271,6019231.5,6443810,,
45272,5981621,6019231.5,,
45273,6145069.5,5981621,,
45274,6102129.5,6145069.5,,
45275,6006925,6102129.5,,
45278,6086726,6006925,,
45279,6115875,6086726,,
45280,6238055,6115875,,
45281,6256398.5,6238055,,
45282,6233150,6256398.5,,
45285,6199226,6233150,,
45286,6030312,6199226,,
45287,6153550,6030312,,
45288,6009738,6153550,,
45289,5918488,6009738,,
45292,6149675.5,5918488,,
45293,6407471,6149675.5,,
45294,6155141,6407471,,
45295,6426902,6155141,,
45296,6357475,6426902,,
45299,6788777,6357475,,
45300,6571957.5,6788777,,
45301,6696500,6571957.5,,
45302,6710024,6696500,,
45303,6295598.5,6710024,,
45306,6229937,6295598.5,,
45307,6395326,6229937,,
45308,6320893,6395326,,
45309,6088112,6320893,,
45310,6166252.5,6088112,,
45313,5906933,6166252.5,,
45314,5819534,5906933,,
45315,5868000,5819534,,
45316,5894724.5,5868000,,
45317,6222299,5894724.5,,
45320,6369078,6222299,,
45321,6429444,6369078,,
45322,6239728,6429444,,
45323,6310733,6239728,,
45324,6376703,6310733,,
45327,6298359,6376703,,
45328,6384228,6298359,,
45329,6543590,6384228,,
45330,6765685.5,6543590,,
45331,7086724,6765685.5,,
45334,7444771,7086724,,
45335,7469350,7444771,,
45336,7793651,7469350,,
45337,7703354,7793651,,
45338,7813479,7703354,,
45341,7793838,7813479,,
45342,7806994,7793838,,
45343,7724943,7806994,,
45344,7777793,7724943,,
45345,7675939,7777793,,
45348,8233890.5,7675939,,
45349,8538220,8233890.5,,
45350,9117629,8538220,,
45351,9212577,9117629,,
45352,9396550,9212577,,
45355,10138763,9396550,,
45356,9245158,10138763,,
45362,10592424,9245158,,
45363,10495579,10592424,,
45364,10814052,10495579,,
45365,10492474,10814052,,
45366,10114836,10492474,,
45369,10045563,10114836,,
45370,9621944,10045563,,
45371,10148904,9621944,,
45372,9924072,10148904,,
45373,9623088,9924072,,
45376,10736613,9623088,,
45377,10580742,10736613,,
45378,10420250,10580742,,
45379,10702301,10420250,,
45380,10544730,10702301,,
45383,10579321,10544730,,
45384,9959352,10579321,,
45385,9974750,9959352,,
45386,10284889,9974750,,
45387,10266000,10284889,,
45390,10885929,10266000,,
45391,10492316,10885929,,
45392,10691204,10492316,,
45393,10806628,10691204,,
45394,10291603,10806628,,
45397,9749122,10291603,,
45398,9756298,9749122,,
45399,9403863,9756298,,
45400,9827933,9403863,,
45401,9898442,9827933,,
45404,10299624,9898442,,
45405,10270334,10299624,,
45406,9952227,10270334,,
45407,10083397,9952227,,
45408,10116678,10083397,,
45411,9843220,10116678,,
45412,9454108,9843220,,
45413,8863174,9454108,,
45414,9026688,8863174,,
45415,9622740,9026688,,
45418,9747899,9622740,,
45419,9745277,9747899,,
45420,9582166,9745277,,
45421,9740604,9582166,,
45422,9430288,9740604,,
45425,9854708,9430288,,
45426,9635490,9854708,,
45427,10216444,9635490,,
45428,10146016,10216444,,
45429,10420342,10146016,,
45432,10855436,10420342,,
45433,10887414,10855436,,
45434,10891557,10887414,,
45435,10637505,10891557,,
45436,10811312,10637505,,
45439,10921745,10811312,,
45440,10736275,10921745,,
45441,10635334,10736275,,
45442,10740232,10635334,,
45443,10645718,10740232,,
45446,10796550,10645718,,
45447,10905974,10796550,,
45448,11119000,10905974,,
45449,11004496,11119000,,
45450,10864098,11004496,,
45453,10936678,10864098,,
45454,10567155,10936678,,
45455,10674197,10567155,,
45456,10473534,10674197,,
45457,10349750,10473534,,
45460,10473419,10349750,,
45461,10248700,10473419,,
45462,10254000,10248700,,
45463,10345391,10254000,,
45464,10256435,10345391,,
45467,9495691,10256435,,
45468,9890560,9495691,,
45469,9804279,9890560,,
45470,9882370,9804279,,
45471,9680364,9882370,,
45474,10212533,9680364,,
45475,10005740,10212533,,
45476,9638380,10005740,,
45477,9410779,9638380,,
45478,9067581,9410779,,
45481,9050980,9067581,,
45482,9346706,9050980,,
45483,9283088,9346706,,
45484,9146129,9283088,,
45485,9094180,9146129,,
45488,10077703,9094180,,
45489,10249030,10077703,,
45490,10082384,10249030,,
45491,10044596,10082384,,
45492,10545856,10044596,,
45495,10703347,10545856,,
45496,10252202,10703347,,
45497,10166182,10252202,,
45498,10036030,10166182,,
45499,10376557,10036030,,
45502,10377780,10376557,,
45503,10110092,10377780,,
45504,9688252,10110092,,
45505,9660860,9688252,,
45506,9167076,9660860,,
45509,7627636,9167076,,
45510,8166814,7627636,,
45511,8085764,8166814,,
45512,8768372,8085764,,
45513,8911042,8768372,,
45516,8666463,8911042,,
45517,8899388,8666463,,
45518,8717050,8899388,,
45519,8454544,8717050,,
45520,8754272,8454544,,
45523,8666426,8754272,,
45524,8619544,8666426,,
45525,8892932,8619544,,
45526,8878862,8892932,,
45527,9195678,8878862,,
45530,9171354,9195678,,
45531,8912821,9171354,,
45532,8585965,8912821,,
45533,8634106,8585965,,
45534,8634800,8634106,,
45537,8672378,8634800,,
45538,8471375,8672378,,
45539,8351750.5,8471375,,
45540,8048580,8351750.5,,
45541,7531530,8048580,,
45545,8209729.5,7531530,,
45546,8193291,8209729.5,,
45547,8264930,8193291,,
45548,8445904,8264930,,
45551,8116895,8445904,,
45552,8564404,8116895,,
45553,8576507,8564404,,
45554,8995811,8576507,,
45555,9044765,8995811,,
45558,9107203,9044765,,
45559,9205243,9107203,,
45560,9193511,9205243,,
45561,9375358,9193511,,
45562,9369544,9375358,,
45565,9164036,9369544,,
45566,8737533,9164036,,
45567,8925900,8737533,,
45568,8937388,8925900,,
45569,9287358,8937388,,
45572,9346720,9287358,,
45573,9244940,9346720,,
45574,9029570,9244940,,
45575,8885070,9029570,,
45576,9399043,8885070,,
45579,9866772,9399043,,
45580,9926243,9866772,,
45581,10130252,9926243,,
45582,10058530,10130252,,
45583,10237383,10058530,,
45586,10214810,10237383,,
45587,10200900,10214810,,
45588,10173314,10200900,,
45589,10347362,10173314,,
45590,10170601,10347362,,
45593,10665817,10170601,,
45594,11087549,10665817,,
45595,11168571,11087549,,
45596,10631432,11168571,,
45597,10588801,10631432,,
45600,10203427,10588801,,
45601,10483874,10203427,,
45602,11737855,10483874,,
45603,11620714,11737855,,
45604,11684712,11620714,,
45607,13524948,11684712,,
45608,13647900,13524948,,
45609,13793895,13647900,,
45610,13785110,13793895,,
45611,14155518,13785110,,
45614,14129793,14155518,,
45615,14285964,14129793,,
45616,14682308,14285964,,
45617,15156760,14682308,,
45618,15367845,15156760,,
45621,14455509,15367845,,
45622,14050606,14455509,,
45623,14566464,14050606,,
45624,14424118,14566464,,
45625,14597616,14424118,,
45628,14285537,14597616,,
45629,14373888,14285537,,
45630,14736676,14373888,,
45631,14868984,14736676,,
45632,15083927,14868984,,
45635,14668677,15083927,,
45636,14730548,14668677,,
45637,15481920,14730548,,
45638,15244290,15481920,,
45639,15576416,15244290,,
45642,16359136,15576416,,
45643,16354588,16359136,,
45644,15650196,16354588,,
45645,15364024,15650196,,
45646,15115312,15364024,,
45649,14790732,15115312,,
45650,15459577,14790732,,
45651,15474477,15459577,,
45652,15254686,15474477,,
45653,14925473,15254686,,
45656,14435720,14925473,,
45657,14743268,14435720,,
45658,14909836,14743268,,
45659,15305575,14909836,,
45660,15450060,15305575,,
45663,16025626,15450060,,
45664,15276104,16025626,,
45665,14977238,15276104,,
45666,14586875,14977238,,
45667,14944380,14586875,,
45670,14838490,14944380,,
45671,15237618,14838490,,
45672,15592555,15237618,,
45673,15543958,15592555,,
45674,16357958,15543958,,
45677,16274133,16357958,,
45678,16608082,16274133,,
45679,16298911,16608082,,
45680,16106688,16298911,,
45681,16402224,16106688,,
45684,15676576,16402224,,
45685,15610921,15676576,,
45686,16126234,15610921,,
45687,16216354,16126234,,
45688,15849308,16216354,,
45691,15786358,15849308,,
45692,14922999,15786358,,
45693,14814894,14922999,,
45694,14683611,14814894,,
45695,14546220,14683611,,
45698,14806520,14546220,,
45699,14693622,14806520,,
45700,15085524,14693622,,
45701,14755576,15085524,,
45702,14850638,14755576,,
45705,14608810,14850638,,
45706,14449950,14608810,,
45707,14580848,14449950,,
45708,14684646,14580848,,
45709,14235820,14684646,,
45712,14073487,14235820,,
45713,13205410,14073487,,
45714,12594750,13205410,,
45715,12622000,12594750,,
45716,12682400,12622000,,
45719,12747750,12682400,,
45720,13108520,12747750,,
45721,13461548,13108520,,
45722,13277122,13461548,,
45723,12776300,13277122,,
45726,11679658,12776300,,
45727,12244816,11679658,,
45728,12327893,12244816,,
45729,11876300,12327893,,
45730,12513154,11876300,,
45733,12523284,12513154,,
45734,12245280,12523284,,
45735,12693490,12245280,,
45736,12574090,12693490,,
45737,12570262,12574090,,
45740,13243234,12570262,,
45741,13177178,13243234,,
45742,13142870,13177178,,
45743,13187547,13142870,,
45744,12550014,13187547,,
45747,12359763,12550014,,
45748,12753116,12359763,,
45749,12784020,12753116,,
45750,12022154,12784020,,
45751,12367816,12022154,,
45754,11669582,12367816,,
45755,11268562,11669582,,
45756,11252109,11268562,,
45757,11537072,11252109,,
45758,12033493,11537072,,
45761,12138407,12033493,,
45762,12037512,12138407,,
45763,11964676,12037512,,
45764,12130248,11964676,,
45765,12015868,12130248,,
45768,12305589,12015868,,
45769,12912074,12305589,,
45770,13441780,12912074,,
45771,13334446,13441780,,
45772,13674207,13334446,,
45775,13424464,13674207,,
45776,13506413,13424464,,
45777,13532842,13506413,,
45778,14031064,13532842,,
45779,14074802,14031064,,
45782,13544867,14074802,,
45783,13489178,13544867,,
45784,13919558,13489178,,
45785,14973628,13919558,,
45786,15003412,14973628,,
45789,15238857,15003412,,
45790,15423876,15238857,,
45791,15196581,15423876,,
45792,15070876,15196581,,
45793,15109614,15070876,,
45796,15282133,15109614,,
45797,15459642,15282133,,
45798,15559850,15459642,,
45799,15991550,15559850,,
45800,15438183,15991550,,
45803,15656384,15438183,,
45804,15824785,15656384,,
45805,15553972,15824785,,
45806,15308308,15553972,,
45807,15073868,15308308,,
45810,14974177,15073868,,
45811,15236537,14974177,,
45812,14947930,15236537,,
45813,14435220,14947930,,
45814,15146042,14435220,,
45817,15726862,15146042,,
45818,15933658,15726862,,
45819,15754292,15933658,,
45820,15221431,15754292,,
45821,15199435,15221431,,
45824,15752082,15199435,,
45825,15176088,15752082,,
45826,15219820,15176088,,
45827,15173999,15219820,,
45828,15159246,15173999,,
45831,15169786,15159246,,
45832,15380181,15169786,,
45833,15660885,15380181,,
45834,15568500,15660885,,
45835,15504300,15568500,,
45838,15503252,15504300,,
45839,15204945,15503252,,
45840,15687650,15204945,,
45841,15934850,15687650,,
45842,15570650,15934850,,
45845,15759682,15570650,,
45846,15935650,15759682,,
45847,16207144,15935650,,
45848,16612700,16207144,,
45849,16681304,16612700,,
45852,17756104,16681304,,
45853,17354120,17756104,,
45854,17731896,17354120,,
45855,17718552,17731896,,
45856,17486712,17718552,,
45859,17245448,17486712,,
45860,17562536,17245448,,
45861,17290392,17562536,,
45862,17467152,17290392,,
45863,17297104,17467152,,
45866,17542440,17297104,,
45867,17448360,17542440,,
45868,17512152,17448360,,
45869,17560800,17512152,,
45870,16792952,17560800,,
45873,16888048,16792952,,
45874,16775220,16888048,,
45875,16954304,16775220,,
45876,17243136,16954304,,
45877,17263432,17243136,,
45880,17609648,17263432,,
45881,17763448,17609648,,
45882,18111924,17763448,,
45883,17436220,18111924,,
45884,17284100,17436220,,
45887,17222920,17284100,,
45888,16771412,17222920,,
45889,16855460,16771412,,
45890,16682440,16855460,,
45891,17191952,16682440,,
45894,16215637,17191952,,
45895,16421428,16215637,,
45896,16572006,16421428,,
45897,16455782,16572006,,
45898,15859960,16455782,,
45901,16021586,15859960,,
45902,16527346,16021586,,
45903,16622993,16527346,,
45904,16398952,16622993,,
45905,16465708,16398952,,
45908,16526602,16465708,,
45909,16446028,16526602,,
45910,16761412,16446028,,
45911,16848920,16761412,,
45912,17176288,16848920,,
45915,17011072,17176288,,
45916,17126440,17011072,,
45917,17011904,17126440,,
45918,17407872,17011904,,
45919,17081428,17407872,,
45922,16815254,17081428,,
45924,16914256,16815254,,
45925,16371774,16914256,,
45926,16373422,16371774,,
45929,16988152,16373422,,
45930,16964592,16988152,,
45931,17291768,16964592,,
45932,17768228,17291768,,
45933,18061964,17768228,,
45936,18828836,18061964,,
45937,18543232,18828836,,
45938,18778084,18543232,,
45939,18557024,18778084,,
45940,17448000,18557024,,
45943,17645360,17448000,,
45944,17167836,17645360,,
45945,16808032,17167836,,
45946,16235614,16808032,,
45947,16151428,16235614,,
45950,16748643,16151428,,
45951,16860176,16748643,,
45952,16368938,16860176,,
45953,16730443,16368938,,
45954,16957352,16730443,,
45957,17509904,16957352,,
45958,17174112,17509904,,
45959,17027224,17174112,,
45960,16577174,17027224,,
45961,16859520,16577174,,
45964,16488296,16859520,,
45965,15407579,16488296,,
45966,15985712,15407579,,
45967,15478779,15985712,,
45968,15929123,15478779,,
45971,16277020,15929123,,
45972,15824148,16277020,,
45973,15780889,15824148,,
45974,15268270,15780889,,
45975,14689611,15268270,,
45978,14262514,14689611,,
45979,14381324,14262514,,
45980,14231795,14381324,,
45981,13745179,14231795,,
45982,13322108,13745179,,
45985,13932703,13322108,,
45986,13591268,13932703,,
45987,14116766,13591268,,
45988,14295953,14116766,,
45989,14214850,14295953,,
45992,13446096,14214850,,
45993,14283508,13446096,,
45994,14556918,14283508,,
45995,14310558,14556918,,
45996,13859972,14310558,,
45999,14249310,13859972,,
46000,14535158,14249310,,
46001,14423166,14535158,,
46002,14457808,14423166,,
46003,14067855,14457808,,
46006,13388822,14067855,,
46007,13585050,13388822,,
46008,13387424,13585050,,
46009,13318324,13387424,,
46010,13845299,13318324,,
46013,13860391,13845299,,
46014,13704542,13860391,,
46015,13669662,13704542,,
46016,13706801,13669662,,
46017,13705121,13706801,,
46020,13618812,13705121,,
46021,13793888,13618812,,
46022,13729761,13793888,,
46023,13836047,13729761,,
46024,14104638,13836047,,
46027,14719812,14104638,,
46028,14610776,14719812,,
46029,14278456,14610776,,
46030,14314994,14278456,,
46031,14291395,14314994,,
46034,14390352,14291395,,
46035,14969683,14390352,,
46036,15455166,14969683,,
46037,15165809,15455166,,
46038,15102394,15165809,,
46041,14707366,15102394,,
46042,14144428,14707366,,
46043,14281914,14144428,,
46044,14136458,14281914,,
46045,13921052,14136458,,
46048,13572181,13921052,,
46049,13542858,13572181,,
46050,13696086,13542858,,
46051,12928578,13696086,,
46052,13035186,12928578,,
46055,12214609,13035186,,
46056,11869214,12214609,,
46057,11398155,11869214,,
46058,9915404,11398155,,
46059,11064663,9915404,,
46062,10975698,11064663,,
46063,10599811,10975698,,
46064,10394450,10599811,,
46065,10047778,10394450,,
46066,10516018,10047778,,
46069,10574261,10516018,,
46070,10374646,10574261,,
46071,10269055,10374646,,
46072,10373862,10269055,,
46073,10515459,10373862,,
46076,9991472,10515459,,
46077,9985486,9991472,,
46078,10781774,9985486,,
46079,10536890,10781774,,
46080,10233780,10536890,,
46083,10926262,10233780,,
46084,10733468,10926262,,
46085,11580962,10733468,,
46086,11213286,11580962,,
46087,10777515,11213286,,
46090,10879585,10777515,,
46091,11105732,10879585,,
46092,11229538,11105732,,
46093,11187306,11229538,,
46094,11403819,11187306,,
46097,11807762,11403819,,
46098,11858810,11807762,,
46099,11394168,11858810,,
46100,11121852,11394168,,
46101,11157102,11121852,,
46104,11234572,11157102,,
46105,11123884,11234572,,
46106,11324286,11123884,,
46107,11027885,11324286,,
46108,10579822,11027885,,
46111,10639422,10579822,,
46112,10824294,10639422,,
46113,10832015,10824294,,
46114,10686508,10832015,,
46115,10671826,10686508,,
46118,11152435,10671826,,
46119,11063929,11152435,,
46120,11322007,11063929,,
46121,11515656,11322007,,
46122,11688448,11515656,,
46125,11673760,11688448,,
46126,11776488,11673760,,
46127,11905618,11776488,,
46128,11975844,11905618,,
46129,12280807,11975844,,
46132,12124160,12280807,,
46133,12081200,12124160,,
46134,12513218,12081200,,
46135,12446170,12513218,,
46136,12401760,12446170,,
46139,12273402,12401760,,
46140,12205636,12273402,,
46141,12145156,12205636,,
46142,11976298,12145156,,
46143,12234698,11976298,,
46146,12568754,12234698,,
46147,12893182,12568754,,