TZT1 Comdty,,,,
40182,13.805,13.095,,
40183,13.975,13.805,,
40184,13.915,13.975,,
40185,14.036,13.915,,
40186,13.334,14.036,,
40189,13.494,13.334,,
40190,12.958,13.494,,
40191,12.646,12.958,,
40192,13.019,12.646,,
40193,12.535,13.019,,
40196,12.745,12.535,,
40197,13.19,12.745,,
40198,13.439,13.19,,
40199,13.31,13.439,,
40200,13.4,13.31,,
40203,14.156,13.4,,
40204,14.771,14.156,,
40205,15.373,14.771,,
40206,15.55,15.373,,
40207,14.847,15.55,,
40210,13.553,14.847,,
40211,13.537,13.553,,
40212,13.575,13.537,,
40213,13.747,13.575,,
40214,13.992,13.747,,
40217,14,13.992,,
40218,13.719,14,,
40219,13.141,13.719,,
40220,13.357,13.141,,
40221,13.32,13.357,,
40224,13.405,13.32,,
40225,13.775,13.405,,
40226,13.275,13.775,,
40227,12.945,13.275,,
40228,12.592,12.945,,
40231,12.35,12.592,,
40232,12.42,12.35,,
40233,12.774,12.42,,
40234,12.73,12.774,,
40235,12.216,12.73,,
40238,12.24,12.216,,
40239,12.052,12.24,,
40240,11.871,12.052,,
40241,11.532,11.871,,
40242,11.389,11.532,,
40245,11.43,11.389,,
40246,11.375,11.43,,
40247,11.482,11.375,,
40248,11.414,11.482,,
40249,11.367,11.414,,
40252,11.559,11.367,,
40253,11.482,11.559,,
40254,11.309,11.482,,
40255,11.138,11.309,,
40256,11.145,11.138,,
40259,11.244,11.145,,
40260,11.454,11.244,,
40261,11.595,11.454,,
40262,11.619,11.595,,
40263,11.913,11.619,,
40266,11.957,11.913,,
40267,12.271,11.957,,
40268,11.849,12.271,,
40269,11.555,11.849,,
40274,12.049,11.555,,
40275,12.177,12.049,,
40276,12.129,12.177,,
40277,12.735,12.129,,
40280,12.805,12.735,,
40281,12.61,12.805,,
40282,13.157,12.61,,
40283,12.93,13.157,,
40284,12.517,12.93,,
40287,12.405,12.517,,
40288,12.408,12.405,,
40289,12.788,12.408,,
40290,12.573,12.788,,
40291,12.618,12.573,,
40294,13.748,12.618,,
40295,15.196,13.748,,
40296,14.3,15.196,,
40301,15.134,14.3,,
40302,15.696,15.134,,
40304,16.245,15.696,,
40305,16.77,16.245,,
40308,16.296,16.77,,
40309,16.069,16.296,,
40310,15.94,16.069,,
40312,16.042,15.94,,
40315,15.854,16.042,,
40316,16.437,15.854,,
40317,16.3,16.437,,
40318,16.303,16.3,,
40319,16.48,16.303,,
40323,16.7,16.48,,
40324,16.9,16.7,,
40325,16.345,16.9,,
40326,16.328,16.345,,
40329,16.342,16.328,,
40330,16.384,16.342,,
40331,16.65,16.384,,
40332,16.615,16.65,,
40333,17.452,16.615,,
40336,18,17.452,,
40337,19.063,18,,
40338,19.01,19.063,,
40339,18.505,19.01,,
40340,18.28,18.505,,
40343,18.855,18.28,,
40344,19.923,18.855,,
40345,19.663,19.923,,
40346,19.863,19.663,,
40347,19.805,19.863,,
40350,19.78,19.805,,
40351,19.432,19.78,,
40352,19.385,19.432,,
40353,19.235,19.385,,
40354,18.996,19.235,,
40357,19.178,18.996,,
40358,19.865,19.178,,
40359,20.232,19.865,,
40360,20.634,20.232,,
40361,20.625,20.634,,
40364,21.018,20.625,,
40365,21.238,21.018,,
40366,20.725,21.238,,
40367,21.164,20.725,,
40368,21.145,21.164,,
40371,20.995,21.145,,
40372,20.817,20.995,,
40373,20.013,20.817,,
40374,19.874,20.013,,
40375,19.385,19.874,,
40378,18.855,19.385,,
40379,18.229,18.855,,
40380,17.051,18.229,,
40381,17.745,17.051,,
40382,18.021,17.745,,
40385,17.853,18.021,,
40386,17.125,17.853,,
40387,17.295,17.125,,
40388,17.89,17.295,,
40389,18.497,17.89,,
40392,18.9,18.497,,
40393,18.775,18.9,,
40394,19.153,18.775,,
40395,19.063,19.153,,
40396,18.73,19.063,,
40399,18.815,18.73,,
40400,18.84,18.815,,
40401,18.815,18.84,,
40402,18.607,18.815,,
40403,18.55,18.607,,
40406,18.113,18.55,,
40407,18.081,18.113,,
40408,17.649,18.081,,
40409,17.946,17.649,,
40410,18.212,17.946,,
40413,18.371,18.212,,
40414,17.716,18.371,,
40415,17.72,17.716,,
40416,17.944,17.72,,
40417,17.895,17.944,,
40420,18.063,17.895,,
40421,18.407,18.063,,
40422,18.21,18.407,,
40423,18.333,18.21,,
40424,18.8,18.333,,
40427,18.335,18.8,,
40428,18.26,18.335,,
40429,18.55,18.26,,
40430,18.809,18.55,,
40431,18.591,18.809,,
40434,18.651,18.591,,
40435,18.567,18.651,,
40436,18.549,18.567,,
40437,18.41,18.549,,
40438,18.411,18.41,,
40441,18.26,18.411,,
40442,18.121,18.26,,
40443,18.24,18.121,,
40444,18.41,18.24,,
40445,18.68,18.41,,
40448,18.516,18.68,,
40449,18.99,18.516,,
40450,19.125,18.99,,
40451,19.2,19.125,,
40452,18.93,19.2,,
40455,18.741,18.93,,
40456,18.95,18.741,,
40457,18.89,18.95,,
40458,18.729,18.89,,
40459,18.663,18.729,,
40462,18.96,18.663,,
40463,19,18.96,,
40464,18.821,19,,
40465,18.97,18.821,,
40466,18.99,18.97,,
40469,18.975,18.99,,
40470,18.673,18.975,,
40471,18.783,18.673,,
40472,18.673,18.783,,
40473,18.684,18.673,,
40476,18.768,18.684,,
40477,19.074,18.768,,
40478,19.079,19.074,,
40479,18.933,19.079,,
40480,18.807,18.933,,
40483,18.674,18.807,,
40484,18.675,18.674,,
40485,18.9,18.675,,
40486,18.774,18.9,,
40487,18.654,18.774,,
40490,18.359,18.654,,
40491,18.369,18.359,,
40492,18.493,18.369,,
40493,18.616,18.493,,
40494,18.775,18.616,,
40497,19.371,18.775,,
40498,19.408,19.371,,
40499,19.355,19.408,,
40500,19.5,19.355,,
40501,19.525,19.5,,
40504,20.778,19.525,,
40505,20.56,20.778,,
40506,20.922,20.56,,
40507,20.782,20.922,,
40508,20.869,20.782,,
40511,21.815,20.869,,
40512,21.759,21.815,,
40513,22.654,21.759,,
40514,22.525,22.654,,
40515,23.428,22.525,,
40518,23.888,23.428,,
40519,23.425,23.888,,
40520,24.062,23.425,,
40521,23.727,24.062,,
40522,23.688,23.727,,
40525,23.274,23.688,,
40526,22.255,23.274,,
40527,22.385,22.255,,
40528,23.142,22.385,,
40529,23.372,23.142,,
40532,23.129,23.372,,
40533,22.772,23.129,,
40534,22.838,22.772,,
40535,22.81,22.838,,
40539,22.81,22.81,,
40540,22.81,22.81,,
40541,24.163,22.81,,
40546,24.084,24.163,,
40547,22.938,24.084,,
40548,22.582,22.938,,
40549,22.748,22.582,,
40550,22.788,22.748,,
40553,22.442,22.788,,
40554,22.625,22.442,,
40555,22.951,22.625,,
40556,22.75,22.951,,
40557,22.312,22.75,,
40560,22.496,22.312,,
40561,22.55,22.496,,
40562,22.594,22.55,,
40563,22.542,22.594,,
40564,22.33,22.542,,
40567,22.05,22.33,,
40568,21.515,22.05,,
40569,21.66,21.515,,
40570,21.58,21.66,,
40571,21.257,21.58,,
40574,20.838,21.257,,
40575,21.179,20.838,,
40576,21.75,21.179,,
40577,22.08,21.75,,
40578,22.263,22.08,,
40581,21.85,22.263,,
40582,21.476,21.85,,
40583,21.213,21.476,,
40584,21.238,21.213,,
40585,21.56,21.238,,
40588,21.4,21.56,,
40589,21.375,21.4,,
40590,21.132,21.375,,
40591,21.36,21.132,,
40592,21.189,21.36,,
40595,21.595,21.189,,
40596,22.01,21.595,,
40597,22.015,22.01,,
40598,21.965,22.015,,
40599,21.784,21.965,,
40602,22.183,21.784,,
40603,22.278,22.183,,
40604,22.65,22.278,,
40605,22.738,22.65,,
40606,22.854,22.738,,
40609,23.702,22.854,,
40610,23.204,23.702,,
40611,23.438,23.204,,
40612,23.173,23.438,,
40613,23.847,23.173,,
40616,25.267,23.847,,
40617,25.675,25.267,,
40618,25.865,25.675,,
40619,25.194,25.865,,
40620,24.468,25.194,,
40623,23.965,24.468,,
40624,24.435,23.965,,
40625,24.683,24.435,,
40626,24.757,24.683,,
40627,24.444,24.757,,
40630,24.538,24.444,,
40631,24.085,24.538,,
40632,23.575,24.085,,
40633,24.774,23.575,,
40634,24.859,24.774,,
40637,24.848,24.859,,
40638,24.357,24.848,,
40639,24,24.357,,
40640,23.725,24,,
40641,23.944,23.725,,
40644,23.859,23.944,,
40645,23.742,23.859,,
40646,23.465,23.742,,
40647,23.25,23.465,,
40648,23.209,23.25,,
40651,23.015,23.209,,
40652,22.984,23.015,,
40653,23.029,22.984,,
40654,22.844,23.029,,
40659,21.829,22.844,,
40660,22.313,21.829,,
40661,23.175,22.313,,
40662,23.092,23.175,,
40665,23.136,23.092,,
40666,22.17,23.136,,
40667,21.933,22.17,,
40668,21.896,21.933,,
40669,22.075,21.896,,
40672,22.571,22.075,,
40673,23.107,22.571,,
40674,23.357,23.107,,
40675,23.082,23.357,,
40676,22.9,23.082,,
40679,22.988,22.9,,
40680,23.073,22.988,,
40681,23.06,23.073,,
40682,23.09,23.06,,
40683,23.175,23.09,,
40686,23.25,23.175,,
40687,23.125,23.25,,
40688,23.225,23.125,,
40689,23.215,23.225,,
40690,23.275,23.215,,
40693,23.698,23.275,,
40694,23.718,23.698,,
40695,23.234,23.718,,
40696,23.019,23.234,,
40697,23.075,23.019,,
40700,22.924,23.075,,
40701,22.966,22.924,,
40702,22.94,22.966,,
40703,22.946,22.94,,
40704,22.975,22.946,,
40707,23.184,22.975,,
40708,23.229,23.184,,
40709,23.115,23.229,,
40710,22.919,23.115,,
40711,22.898,22.919,,
40714,22.725,22.898,,
40715,22.682,22.725,,
40716,22.669,22.682,,
40717,22.421,22.669,,
40718,22.294,22.421,,
40721,22.022,22.294,,
40722,22.142,22.022,,
40723,22.285,22.142,,
40724,22.333,22.285,,
40725,22,22.333,,
40728,21.93,22,,
40729,21.95,21.93,,
40730,21.975,21.95,,
40731,22.188,21.975,,
40732,22.1,22.188,,
40735,21.858,22.1,,
40736,21.911,21.858,,
40737,21.95,21.911,,
40738,21.81,21.95,,
40739,21.85,21.81,,
40742,21.923,21.85,,
40743,21.9,21.923,,
40744,21.888,21.9,,
40745,21.881,21.888,,
40746,21.75,21.881,,
40749,21.588,21.75,,
40750,21.407,21.588,,
40751,21.225,21.407,,
40752,21.329,21.225,,
40753,22.229,21.329,,
40756,21.92,22.229,,
40757,21.8,21.92,,
40758,21.55,21.8,,
40759,21.525,21.55,,
40760,21.358,21.525,,
40763,21.6,21.358,,
40764,21.68,21.6,,
40765,21.74,21.68,,
40766,21.875,21.74,,
40767,22,21.875,,
40770,21.95,22,,
40771,21.75,21.95,,
40772,22.13,21.75,,
40773,22.291,22.13,,
40774,22.158,22.291,,
40777,22.38,22.158,,
40778,22.818,22.38,,
40779,23.364,22.818,,
40780,22.975,23.364,,
40781,23.788,22.975,,
40784,23.788,23.788,,
40785,24.558,23.788,,
40786,26.825,24.558,,
40787,26.554,26.825,,
40788,26.048,26.554,,
40791,26.1,26.048,,
40792,26.45,26.1,,
40793,26.55,26.45,,
40794,27.027,26.55,,
40795,26.7,27.027,,
40798,26.43,26.7,,
40799,26.21,26.43,,
40800,25.686,26.21,,
40801,25.805,25.686,,
40802,25.422,25.805,,
40805,25.385,25.422,,
40806,25.52,25.385,,
40807,25.45,25.52,,
40808,24.99,25.45,,
40809,25.1,24.99,,
40812,24.06,25.1,,
40813,24.38,24.06,,
40814,24.721,24.38,,
40815,24.56,24.721,,
40816,26.678,24.56,,
40819,26.383,26.678,,
40820,26.546,26.383,,
40821,26.716,26.546,,
40822,26.223,26.716,,
40823,25.8,26.223,,
40826,25.9,25.8,,
40827,26.225,25.9,,
40828,26.281,26.225,,
40829,25.488,26.281,,
40830,25.575,25.488,,
40833,25.658,25.575,,
40834,25.271,25.658,,
40835,25.128,25.271,,
40836,24.963,25.128,,
40837,25.52,24.963,,
40840,25.2,25.52,,
40841,25.025,25.2,,
40842,24.571,25.025,,
40843,24.752,24.571,,
40844,24.625,24.752,,
40847,25.621,24.625,,
40848,25.5,25.621,,
40849,25.204,25.5,,
40850,25.3,25.204,,
40851,25.396,25.3,,
40854,26.025,25.396,,
40855,25.631,26.025,,
40856,25.09,25.631,,
40857,25.2,25.09,,
40858,24.81,25.2,,
40861,24.63,24.81,,
40862,24.65,24.63,,
40863,24.83,24.65,,
40864,24.55,24.83,,
40865,24.33,24.55,,
40868,24.4,24.33,,
40869,24.4,24.4,,
40870,24.27,24.4,,
40871,24.05,24.27,,
40872,23.96,24.05,,
40875,23.783,23.96,,
40876,23.5,23.783,,
40877,23.951,23.5,,
40878,23.342,23.951,,
40879,23.269,23.342,,
40882,22.993,23.269,,
40883,22.8,22.993,,
40884,23.149,22.8,,
40885,23.489,23.149,,
40886,23.93,23.489,,
40889,23.661,23.93,,
40890,23.694,23.661,,
40891,23.52,23.694,,
40892,23.352,23.52,,
40893,23.171,23.352,,
40896,22.939,23.171,,
40897,23.25,22.939,,
40898,23.13,23.25,,
40899,23.218,23.13,,
40900,22.973,23.218,,
40904,22.973,22.973,,
40905,22.535,22.973,,
40906,22.075,22.535,,
40907,22.363,22.075,,
40910,22.363,22.363,,
40911,21.75,22.363,,
40912,21.76,21.75,,
40913,21.86,21.76,,
40914,21.675,21.86,,
40917,22.45,21.675,,
40918,22.35,22.45,,
40919,22.525,22.35,,
40920,22.3,22.525,,
40921,22.05,22.3,,
40924,21.6,22.05,,
40925,21.15,21.6,,
40926,21.13,21.15,,
40927,21.094,21.13,,
40928,21.781,21.094,,
40931,21.871,21.781,,
40932,22.175,21.871,,
40933,22.308,22.175,,
40934,21.833,22.308,,
40935,22.756,21.833,,
40938,24,22.756,,
40939,23.013,24,,
40940,23.403,23.013,,
40941,23.9,23.403,,
40942,24.225,23.9,,
40945,24.392,24.225,,
40946,24.677,24.392,,
40947,24.042,24.677,,
40948,23.825,24.042,,
40949,23.608,23.825,,
40952,22.767,23.608,,
40953,22.708,22.767,,
40954,23.525,22.708,,
40955,23.7,23.525,,
40956,23.638,23.7,,
40959,23.338,23.638,,
40960,23.551,23.338,,
40961,24.05,23.551,,
40962,24.054,24.05,,
40963,24.125,24.054,,
40966,25.083,24.125,,
40967,24.569,25.083,,
40968,24.37,24.569,,
40969,24.339,24.37,,
40970,24.121,24.339,,
40973,23.741,24.121,,
40974,23.538,23.741,,
40975,23.826,23.538,,
40976,24.553,23.826,,
40977,24.788,24.553,,
40980,24.313,24.788,,
40981,24.322,24.313,,
40982,24.953,24.322,,
40983,24.688,24.953,,
40984,24.806,24.688,,
40987,25.415,24.806,,
40988,25.323,25.415,,
40989,24.905,25.323,,
40990,24.463,24.905,,
40991,24.185,24.463,,
40994,24.3,24.185,,
40995,24.515,24.3,,
40996,24.775,24.515,,
40997,24.825,24.775,,
40998,25.238,24.825,,
41001,24.725,25.238,,
41002,24.703,24.725,,
41003,24.517,24.703,,
41004,24.417,24.517,,
41009,24.383,24.417,,
41010,24.506,24.383,,
41011,24.925,24.506,,
41012,24.975,24.925,,
41015,24.458,24.975,,
41016,24.488,24.458,,
41017,24.4,24.488,,
41018,24.383,24.4,,
41019,24.569,24.383,,
41022,24.381,24.569,,
41023,24.088,24.381,,
41024,24,24.088,,
41025,24.017,24,,
41026,24.267,24.017,,
41029,25.2,24.267,,
41031,24.967,25.2,,
41032,24.594,24.967,,
41033,24.8,24.594,,
41036,24.8,24.8,,
41037,24.4,24.8,,
41038,24.842,24.4,,
41039,24.825,24.842,,
41040,24.624,24.825,,
41043,24.463,24.624,,
41044,24.419,24.463,,
41045,24.254,24.419,,
41046,23.875,24.254,,
41047,23.538,23.875,,
41050,23.4,23.538,,
41051,23.483,23.4,,
41052,23.321,23.483,,
41053,23.433,23.321,,
41054,23.408,23.433,,
41057,24,23.408,,
41058,24.004,24,,
41059,23.4,24.004,,
41060,23.668,23.4,,
41061,23.38,23.668,,
41064,23.41,23.38,,
41065,23.41,23.41,,
41066,23.708,23.41,,
41067,23.709,23.708,,
41068,23.589,23.709,,
41071,23.643,23.589,,
41072,23.595,23.643,,
41073,23.457,23.595,,
41074,23.358,23.457,,
41075,23.528,23.358,,
41078,23.36,23.528,,
41079,23.241,23.36,,
41080,23.25,23.241,,
41081,23.35,23.25,,
41082,23.539,23.35,,
41085,23.45,23.539,,
41086,23.702,23.45,,
41087,23.96,23.702,,
41088,23.767,23.96,,
41089,23.95,23.767,,
41092,24.038,23.95,,
41093,24.475,24.038,,
41094,24.45,24.475,,
41095,24.95,24.45,,
41096,24.663,24.95,,
41099,25.2,24.663,,
41100,24.35,25.2,,
41101,24.1,24.35,,
41102,24.1,24.1,,
41103,24.25,24.1,,
41106,24.053,24.25,,
41107,24,24.053,,
41108,23.85,24,,
41109,23.75,23.85,,
41110,24,23.75,,
41113,23.692,24,,
41114,23.775,23.692,,
41115,23.813,23.775,,
41116,24,23.813,,
41117,23.825,24,,
41120,23.8,23.825,,
41121,24.1,23.8,,
41122,24.175,24.1,,
41123,23.9,24.175,,
41124,23.9,23.9,,
41127,23.738,23.9,,
41128,24.05,23.738,,
41129,24.45,24.05,,
41130,24.788,24.45,,
41131,24.725,24.788,,
41134,24.9,24.725,,
41135,25,24.9,,
41136,24.741,25,,
41137,24.484,24.741,,
41138,24.825,24.484,,
41141,25.108,24.825,,
41142,25.2,25.108,,
41143,25.1,25.2,,
41144,25.067,25.1,,
41145,24.975,25.067,,
41148,24.975,24.975,,
41149,24.75,24.975,,
41150,24.775,24.75,,
41151,24.883,24.775,,
41152,25.487,24.883,,
41155,26.204,25.487,,
41156,25.769,26.204,,
41157,25.792,25.769,,
41158,26,25.792,,
41159,25.65,26,,
41162,25.392,25.65,,
41163,25.192,25.392,,
41164,25.3,25.192,,
41165,25.55,25.3,,
41166,25.55,25.55,,
41169,25.458,25.55,,
41170,25.289,25.458,,
41171,25.153,25.289,,
41172,25.383,25.153,,
41173,25.749,25.383,,
41176,25.3,25.749,,
41177,25.542,25.3,,
41178,25.5,25.542,,
41179,25.567,25.5,,
41180,26.475,25.567,,
41183,26.396,26.475,,
41184,26.356,26.396,,
41185,26.35,26.356,,
41186,26.363,26.35,,
41187,26.669,26.363,,
41190,26.85,26.669,,
41191,26.675,26.85,,
41192,26.825,26.675,,
41193,26.525,26.825,,
41194,26.492,26.525,,
41197,26.3,26.492,,
41198,26.475,26.3,,
41199,26.55,26.475,,
41200,26.775,26.55,,
41201,27.273,26.775,,
41204,27.688,27.273,,
41205,27.645,27.688,,
41206,27.475,27.645,,
41207,27.225,27.475,,
41208,27.913,27.225,,
41211,27.681,27.913,,
41212,27.65,27.681,,
41213,27.275,27.65,,
41214,27.275,27.275,,
41215,27.2,27.275,,
41218,26.906,27.2,,
41219,27.171,26.906,,
41220,27.125,27.171,,
41221,27.1,27.125,,
41222,27.175,27.1,,
41225,27.3,27.175,,
41226,27.341,27.3,,
41227,27.15,27.341,,
41228,27.5,27.15,,
41229,27.638,27.5,,
41232,27.631,27.638,,
41233,27.488,27.631,,
41234,27.7,27.488,,
41235,27.67,27.7,,
41236,27.788,27.67,,
41239,27.419,27.788,,
41240,27.463,27.419,,
41241,27.5,27.463,,
41242,27.35,27.5,,
41243,27.65,27.35,,
41246,28.009,27.65,,
41247,28.1,28.009,,
41248,28.427,28.1,,
41249,28.214,28.427,,
41250,28.188,28.214,,
41253,27.752,28.188,,
41254,27.477,27.752,,
41255,27.517,27.477,,
41256,27.421,27.517,,
41257,27.456,27.421,,
41260,27.388,27.456,,
41261,27.365,27.388,,
41262,27.47,27.365,,
41263,27.263,27.47,,
41264,27.199,27.263,,
41270,26.482,27.199,,
41271,26.371,26.482,,
41276,26.625,26.371,,
41277,27.026,26.625,,
41278,27.187,27.026,,
41281,27.6,27.187,,
41282,27.388,27.6,,
41283,27.675,27.388,,
41284,27.134,27.675,,
41285,27,27.134,,
41288,26.775,27,,
41289,26.545,26.775,,
41290,27,26.545,,
41291,27.075,27,,
41292,26.638,27.075,,
41295,26.038,26.638,,
41296,26.338,26.038,,
41297,26.325,26.338,,
41298,25.85,26.325,,
41299,26.05,25.85,,
41302,26.067,26.05,,
41303,25.738,26.067,,
41304,25.675,25.738,,
41305,25.571,25.675,,
41306,25.825,25.571,,
41309,26,25.825,,
41310,25.9,26,,
41311,25.6,25.9,,
41312,25.8,25.6,,
41313,26.038,25.8,,
41316,25.602,26.038,,
41317,25.725,25.602,,
41318,25.691,25.725,,
41319,25.892,25.691,,
41320,25.623,25.892,,
41323,25.575,25.623,,
41324,25.475,25.575,,
41325,25.336,25.475,,
41326,25.575,25.336,,
41327,25.808,25.575,,
41330,25.7,25.808,,
41331,25.853,25.7,,
41332,25.958,25.853,,
41333,26.213,25.958,,
41334,26.038,26.213,,
41337,26.225,26.038,,
41338,26.488,26.225,,
41339,26.425,26.488,,
41340,26.468,26.425,,
41341,26.325,26.468,,
41344,26.419,26.325,,
41345,26.494,26.419,,
41346,26.45,26.494,,
41347,26.283,26.45,,
41348,26.182,26.283,,
41351,26.414,26.182,,
41352,26.7,26.414,,
41353,26.888,26.7,,
41354,27.017,26.888,,
41355,27.05,27.017,,
41358,28.534,27.05,,
41359,28.705,28.534,,
41360,28.325,28.705,,
41361,27.3,28.325,,
41366,26.95,27.3,,
41367,27.213,26.95,,
41368,27.3,27.213,,
41369,27.25,27.3,,
41372,26.994,27.25,,
41373,27.019,26.994,,
41374,27.038,27.019,,
41375,27.248,27.038,,
41376,27.188,27.248,,
41379,27.225,27.188,,
41380,27.125,27.225,,
41381,26.792,27.125,,
41382,26.684,26.792,,
41383,26.6,26.684,,
41386,26.363,26.6,,
41387,26.338,26.363,,
41388,26.45,26.338,,
41389,26.638,26.45,,
41390,26.4,26.638,,
41393,26.488,26.4,,
41394,26.413,26.488,,
41396,26.292,26.413,,
41397,26.45,26.292,,
41400,26.45,26.45,,
41401,26.625,26.45,,
41402,26.388,26.625,,
41403,26.363,26.388,,
41404,26.15,26.363,,
41407,26.2,26.15,,
41408,26.225,26.2,,
41409,26.394,26.225,,
41410,26.481,26.394,,
41411,26.556,26.481,,
41414,26.838,26.556,,
41415,26.875,26.838,,
41416,26.7,26.875,,
41417,26.775,26.7,,
41418,26.463,26.775,,
41421,26.5,26.463,,
41422,26.475,26.5,,
41423,26.563,26.475,,
41424,26.45,26.563,,
41425,26.32,26.45,,
41428,26.148,26.32,,
41429,26.046,26.148,,
41430,26.1,26.046,,
41431,26.002,26.1,,
41432,25.925,26.002,,
41435,25.871,25.925,,
41436,25.815,25.871,,
41437,26.014,25.815,,
41438,26.084,26.014,,
41439,26.317,26.084,,
41442,26.337,26.317,,
41443,25.904,26.337,,
41444,25.963,25.904,,
41445,25.913,25.963,,
41446,25.849,25.913,,
41449,25.82,25.849,,
41450,25.925,25.82,,
41451,25.961,25.925,,
41452,25.881,25.961,,
41453,26.25,25.881,,
41456,26.238,26.25,,
41457,26.25,26.238,,
41458,26.388,26.25,,
41459,26.238,26.388,,
41460,26.125,26.238,,
41463,26.138,26.125,,
41464,26.175,26.138,,
41465,26.275,26.175,,
41466,26.25,26.275,,
41467,26.2,26.25,,
41470,26.079,26.2,,
41471,25.963,26.079,,
41472,26.058,25.963,,
41473,26.188,26.058,,
41474,26.175,26.188,,
41477,26.15,26.175,,
41478,26.196,26.15,,
41479,26.138,26.196,,
41480,26.148,26.138,,
41481,26.138,26.148,,
41484,26.138,26.138,,
41485,26.056,26.138,,
41486,26.09,26.056,,
41487,25.859,26.09,,
41488,25.725,25.859,,
41491,25.738,25.725,,
41492,25.819,25.738,,
41493,25.925,25.819,,
41494,25.925,25.925,,
41495,25.963,25.925,,
41498,25.588,25.963,,
41499,25.613,25.588,,
41500,25.813,25.613,,
41501,25.775,25.813,,
41502,25.622,25.775,,
41505,25.563,25.622,,
41506,25.6,25.563,,
41507,25.6,25.6,,
41508,25.675,25.6,,
41509,25.531,25.675,,
41512,25.4,25.531,,
41513,25.45,25.4,,
41514,25.553,25.45,,
41515,25.6,25.553,,
41516,26.109,25.6,,
41519,26.301,26.109,,
41520,26.347,26.301,,
41521,26.355,26.347,,
41522,26.46,26.355,,
41523,26.567,26.46,,
41526,26.702,26.567,,
41527,26.696,26.702,,
41528,26.769,26.696,,
41529,26.999,26.769,,
41530,26.778,26.999,,
41533,26.839,26.778,,
41534,26.496,26.839,,
41535,26.502,26.496,,
41536,26.54,26.502,,
41537,26.575,26.54,,
41540,26.45,26.575,,
41541,26.269,26.45,,
41542,26.344,26.269,,
41543,26.388,26.344,,
41544,26.5,26.388,,
41547,27.044,26.5,,
41548,27.1,27.044,,
41549,27,27.1,,
41550,26.846,27,,
41551,26.907,26.846,,
41554,27.25,26.907,,
41555,27.25,27.25,,
41556,27.288,27.25,,
41557,27.15,27.288,,
41558,27.15,27.15,,
41561,27.151,27.15,,
41562,27.142,27.151,,
41563,27,27.142,,
41564,26.975,27,,
41565,26.983,26.975,,
41568,26.95,26.983,,
41569,26.839,26.95,,
41570,26.913,26.839,,
41571,26.925,26.913,,
41572,26.838,26.925,,
41575,26.738,26.838,,
41576,26.499,26.738,,
41577,26.469,26.499,,
41578,27.075,26.469,,
41579,26.981,27.075,,
41582,27.181,26.981,,
41583,27.488,27.181,,
41584,27.4,27.488,,
41585,27.267,27.4,,
41586,27.377,27.267,,
41589,27.606,27.377,,
41590,27.65,27.606,,
41591,27.788,27.65,,
41592,27.938,27.788,,
41593,28.246,27.938,,
41596,28.196,28.246,,
41597,28.041,28.196,,
41598,27.748,28.041,,
41599,27.769,27.748,,
41600,27.763,27.769,,
41603,27.725,27.763,,
41604,27.75,27.725,,
41605,27.931,27.75,,
41606,28.236,27.931,,
41607,28.279,28.236,,
41610,28.572,28.279,,
41611,29.291,28.572,,
41612,28.849,29.291,,
41613,28.547,28.849,,
41614,28.244,28.547,,
41617,27.989,28.244,,
41618,27.908,27.989,,
41619,27.825,27.908,,
41620,27.674,27.825,,
41621,27.696,27.674,,
41624,27.771,27.696,,
41625,27.779,27.771,,
41626,27.78,27.779,,
41627,27.792,27.78,,
41628,27.87,27.792,,
41631,27.749,27.87,,
41632,27.779,27.749,,
41634,27.779,#N/A N/A,,
41635,27.7,27.779,,
41638,27.289,27.7,,
41639,27.55,27.289,,
41641,27.302,27.55,,
41642,27.213,27.302,,
41645,27.372,27.213,,
41646,27.149,27.372,,
41647,27.43,27.149,,
41648,27.368,27.43,,
41649,26.905,27.368,,
41652,26.401,26.905,,
41653,26.406,26.401,,
41654,26.51,26.406,,
41655,26.666,26.51,,
41656,26.459,26.666,,
41659,26.5,26.459,,
41660,26.613,26.5,,
41661,26.475,26.613,,
41662,26.463,26.475,,
41663,26.625,26.463,,
41666,25.905,26.625,,
41667,25.93,25.905,,
41668,25.608,25.93,,
41669,25.401,25.608,,
41670,25.053,25.401,,
41673,24.65,25.053,,
41674,24.61,24.65,,
41675,24.4,24.61,,
41676,24.845,24.4,,
41677,24.75,24.845,,
41680,24.598,24.75,,
41681,24.575,24.598,,
41682,24.82,24.575,,
41683,24.352,24.82,,
41684,24.025,24.352,,
41687,24.051,24.025,,
41688,24.171,24.051,,
41689,23.85,24.171,,
41690,23.831,23.85,,
41691,23.614,23.831,,
41694,22.954,23.614,,
41695,22.934,22.954,,
41696,22.8,22.934,,
41697,23.229,22.8,,
41698,23.094,23.229,,
41701,25.277,23.094,,
41702,23.871,25.277,,
41703,23.806,23.871,,
41704,24.06,23.806,,
41705,24.23,24.06,,
41708,23.649,24.23,,
41709,23.482,23.649,,
41710,23.589,23.482,,
41711,23.71,23.589,,
41712,23.876,23.71,,
41715,23.531,23.876,,
41716,23.371,23.531,,
41717,22.934,23.371,,
41718,22.747,22.934,,
41719,22.553,22.747,,
41722,22.189,22.553,,
41723,22.056,22.189,,
41724,22.211,22.056,,
41725,21.949,22.211,,
41726,21.624,21.949,,
41729,21.168,21.624,,
41730,20.831,21.168,,
41731,20.001,20.831,,
41732,20.011,20.001,,
41733,20.022,20.011,,
41736,21.025,20.022,,
41737,20.725,21.025,,
41738,21.08,20.725,,
41739,21.12,21.08,,
41740,21.377,21.12,,
41743,21.828,21.377,,
41744,21.694,21.828,,
41745,21.771,21.694,,
41746,20.973,21.771,,
41750,20.973,#N/A N/A,,
41751,20.285,20.973,,
41752,20.095,20.285,,
41753,20.04,20.095,,
41754,19.998,20.04,,
41757,19.967,19.998,,
41758,19.575,19.967,,
41759,19.704,19.575,,
41760,19.497,19.704,,
41761,20.105,19.497,,
41764,20.15,20.105,,
41765,19.541,20.15,,
41766,19.079,19.541,,
41767,19.645,19.079,,
41768,19.846,19.645,,
41771,19.894,19.846,,
41772,19.75,19.894,,
41773,19.597,19.75,,
41774,19.582,19.597,,
41775,19.306,19.582,,
41778,19.333,19.306,,
41779,19.359,19.333,,
41780,19.492,19.359,,
41781,19.469,19.492,,
41782,19.593,19.469,,
41785,19.593,19.593,,
41786,19.2,19.593,,
41787,18.894,19.2,,
41788,18.817,18.894,,
41789,19.022,18.817,,
41792,18.322,19.022,,
41793,18.231,18.322,,
41794,17.656,18.231,,
41795,17.411,17.656,,
41796,16.94,17.411,,
41799,17.303,16.94,,
41800,17.235,17.303,,
41801,17.371,17.235,,
41802,17.445,17.371,,
41803,18.179,17.445,,
41806,18.389,18.179,,
41807,17.756,18.389,,
41808,17.491,17.756,,
41809,17.398,17.491,,
41810,17.462,17.398,,
41813,17.278,17.462,,
41814,17.327,17.278,,
41815,17.375,17.327,,
41816,17.205,17.375,,
41817,17.22,17.205,,
41820,17.291,17.22,,
41821,16.878,17.291,,
41822,16.712,16.878,,
41823,16.479,16.712,,
41824,15.847,16.479,,
41827,15.454,15.847,,
41828,15.626,15.454,,
41829,15.5,15.626,,
41830,15.415,15.5,,
41831,15.369,15.415,,
41834,16.075,15.369,,
41835,15.899,16.075,,
41836,16.056,15.899,,
41837,16.508,16.056,,
41838,16.789,16.508,,
41841,16.322,16.789,,
41842,16.3,16.322,,
41843,16.678,16.3,,
41844,17.111,16.678,,
41845,18.169,17.111,,
41848,18.847,18.169,,
41849,18.116,18.847,,
41850,17.57,18.116,,
41851,18.528,17.57,,
41852,18.018,18.528,,
41855,17.489,18.018,,
41856,17.592,17.489,,
41857,18.193,17.592,,
41858,18.32,18.193,,
41859,18.264,18.32,,
41862,17.986,18.264,,
41863,17.831,17.986,,
41864,17.963,17.831,,
41865,18.408,17.963,,
41866,19.032,18.408,,
41869,18.252,19.032,,
41870,17.938,18.252,,
41871,17.311,17.938,,
41872,17.293,17.311,,
41873,18.007,17.293,,
41876,18.3,18.007,,
41877,18.06,18.3,,
41878,18.078,18.06,,
41879,19.011,18.078,,
41880,22.03,19.011,,
41883,22.807,22.03,,
41884,22.118,22.807,,
41885,21.701,22.118,,
41886,22.018,21.701,,
41887,21.81,22.018,,
41890,21.645,21.81,,
41891,21.287,21.645,,
41892,21.398,21.287,,
41893,21.542,21.398,,
41894,21.404,21.542,,
41897,22.095,21.404,,
41898,21.951,22.095,,
41899,21.984,21.951,,
41900,22.272,21.984,,
41901,22.264,22.272,,
41904,22.071,22.264,,
41905,21.601,22.071,,
41906,21.81,21.601,,
41907,22.222,21.81,,
41908,22.003,22.222,,
41911,22.131,22.003,,
41912,24.067,22.131,,
41913,24.493,24.067,,
41914,23.999,24.493,,
41915,23.548,23.999,,
41918,23.301,23.548,,
41919,23.228,23.301,,
41920,23.47,23.228,,
41921,23.45,23.47,,
41922,23.153,23.45,,
41925,22.69,23.153,,
41926,22.716,22.69,,
41927,22.6,22.716,,
41928,22.944,22.6,,
41929,22.626,22.944,,
41932,22.458,22.626,,
41933,22.478,22.458,,
41934,22.753,22.478,,
41935,22.576,22.753,,
41936,22.496,22.576,,
41939,22.351,22.496,,
41940,22.681,22.351,,
41941,22.848,22.681,,
41942,22.431,22.848,,
41943,22.852,22.431,,
41946,23.2,22.852,,
41947,22.835,23.2,,
41948,22.796,22.835,,
41949,22.861,22.796,,
41950,23.221,22.861,,
41953,23.274,23.221,,
41954,22.941,23.274,,
41955,22.933,22.941,,
41956,22.525,22.933,,
41957,22.276,22.525,,
41960,22.791,22.276,,
41961,22.815,22.791,,
41962,22.897,22.815,,
41963,23.078,22.897,,
41964,23.394,23.078,,
41967,23.786,23.394,,
41968,24.642,23.786,,
41969,24.55,24.642,,
41970,24.358,24.55,,
41971,24.207,24.358,,
41974,24.02,24.207,,
41975,23.74,24.02,,
41976,23.667,23.74,,
41977,23.468,23.667,,
41978,23.296,23.468,,
41981,23.027,23.296,,
41982,23.141,23.027,,
41983,23.106,23.141,,
41984,22.792,23.106,,
41985,22.734,22.792,,
41988,22.358,22.734,,
41989,22.471,22.358,,
41990,22.414,22.471,,
41991,22.667,22.414,,
41992,22.382,22.667,,
41995,22.194,22.382,,
41996,22.348,22.194,,
41997,22.595,22.348,,
41999,22.595,#N/A N/A,,
42002,21.673,22.595,,
42003,21.208,21.673,,
42004,21.296,21.208,,
42006,20.448,21.296,,
42009,20.145,20.448,,
42010,19.538,20.145,,
42011,19.594,19.538,,
42012,19.591,19.594,,
42013,19.56,19.591,,
42016,19.76,19.56,,
42017,20.451,19.76,,
42018,20.592,20.451,,
42019,20.25,20.592,,
42020,19.82,20.25,,
42023,19.275,19.82,,
42024,19.249,19.275,,
42025,19.525,19.249,,
42026,19.549,19.525,,
42027,19.467,19.549,,
42030,19.612,19.467,,
42031,19.919,19.612,,
42032,20.214,19.919,,
42033,20.7,20.214,,
42034,20.265,20.7,,
42037,20.287,20.265,,
42038,20.112,20.287,,
42039,20.406,20.112,,
42040,21.374,20.406,,
42041,21.009,21.374,,
42044,21.601,21.009,,
42045,22.344,21.601,,
42046,22.878,22.344,,
42047,24.102,22.878,,
42048,23.55,24.102,,
42051,22.807,23.55,,
42052,22.684,22.807,,
42053,22.654,22.684,,
42054,21.877,22.654,,
42055,22.203,21.877,,
42058,21.877,22.203,,
42059,22.308,21.877,,
42060,23.016,22.308,,
42061,23.756,23.016,,
42062,23.056,23.756,,
42065,22.4,23.056,,
42066,21.902,22.4,,
42067,22.127,21.902,,
42068,21.434,22.127,,
42069,20.999,21.434,,
42072,21.674,20.999,,
42073,21.586,21.674,,
42074,22.12,21.586,,
42075,21.876,22.12,,
42076,21.628,21.876,,
42079,21.365,21.628,,
42080,21.145,21.365,,
42081,21.306,21.145,,
42082,21.237,21.306,,
42083,21.067,21.237,,
42086,20.932,21.067,,
42087,21.186,20.932,,
42088,21.111,21.186,,
42089,21.707,21.111,,
42090,21.809,21.707,,
42093,21.773,21.809,,
42094,21.567,21.773,,
42095,21.931,21.567,,
42096,21.877,21.931,,
42100,21.877,#N/A N/A,,
42101,21.488,21.877,,
42102,21.641,21.488,,
42103,21.841,21.641,,
42104,21.703,21.841,,
42107,21.975,21.703,,
42108,21.621,21.975,,
42109,21.806,21.621,,
42110,21.553,21.806,,
42111,21.147,21.553,,
42114,21.13,21.147,,
42115,21.399,21.13,,
42116,21.311,21.399,,
42117,21.007,21.311,,
42118,21.138,21.007,,
42121,21.003,21.138,,
42122,20.887,21.003,,
42123,20.946,20.887,,
42124,20.478,20.946,,
42125,20.163,20.478,,
42128,20.163,20.163,,
42129,20.427,20.163,,
42130,20.347,20.427,,
42131,20.129,20.347,,
42132,20.295,20.129,,
42135,20.9,20.295,,
42136,20.799,20.9,,
42137,20.751,20.799,,
42138,20.45,20.751,,
42139,20.484,20.45,,
42142,20.308,20.484,,
42143,20.356,20.308,,
42144,20.447,20.356,,
42145,20.413,20.447,,
42146,20.38,20.413,,
42149,20.38,20.38,,
42150,20.485,20.38,,
42151,20.492,20.485,,
42152,20.557,20.492,,
42153,20.244,20.557,,
42156,20.142,20.244,,
42157,20.17,20.142,,
42158,20.152,20.17,,
42159,19.978,20.152,,
42160,20.106,19.978,,
42163,20.35,20.106,,
42164,20.338,20.35,,
42165,20.4,20.338,,
42166,20.054,20.4,,
42167,20.045,20.054,,
42170,20.043,20.045,,
42171,20.214,20.043,,
42172,20.077,20.214,,
42173,20.119,20.077,,
42174,20.287,20.119,,
42177,20.711,20.287,,
42178,20.736,20.711,,
42179,20.631,20.736,,
42180,20.462,20.631,,
42181,20.447,20.462,,
42184,20.398,20.447,,
42185,20.454,20.398,,
42186,20.674,20.454,,
42187,20.876,20.674,,
42188,20.823,20.876,,
42191,20.721,20.823,,
42192,20.666,20.721,,
42193,20.462,20.666,,
42194,20.735,20.462,,
42195,20.872,20.735,,
42198,20.98,20.872,,
42199,20.836,20.98,,
42200,20.916,20.836,,
42201,21.073,20.916,,
42202,20.945,21.073,,
42205,20.991,20.945,,
42206,20.864,20.991,,
42207,20.655,20.864,,
42208,20.575,20.655,,
42209,20.449,20.575,,
42212,20.483,20.449,,
42213,20.709,20.483,,
42214,20.725,20.709,,
42215,20.882,20.725,,
42216,20.51,20.882,,
42219,20.358,20.51,,
42220,20.296,20.358,,
42221,20.216,20.296,,
42222,20.277,20.216,,
42223,20.024,20.277,,
42226,19.979,20.024,,
42227,19.969,19.979,,
42228,19.585,19.969,,
42229,19.466,19.585,,
42230,19.454,19.466,,
42233,19.317,19.454,,
42234,19.393,19.317,,
42235,19.204,19.393,,
42236,18.943,19.204,,
42237,18.9,18.943,,
42240,18.358,18.9,,
42241,18.729,18.358,,
42242,18.628,18.729,,
42243,18.973,18.628,,
42244,18.973,18.973,,
42247,19.25,18.973,,
42248,19.384,19.25,,
42249,19.501,19.384,,
42250,19.704,19.501,,
42251,19.425,19.704,,
42254,19.345,19.425,,
42255,19.343,19.345,,
42256,19.388,19.343,,
42257,19.321,19.388,,
42258,19.278,19.321,,
42261,19.172,19.278,,
42262,19.04,19.172,,
42263,19.261,19.04,,
42264,19.057,19.261,,
42265,18.927,19.057,,
42268,18.782,18.927,,
42269,18.953,18.782,,
42270,18.88,18.953,,
42271,18.587,18.88,,
42272,18.753,18.587,,
42275,18.496,18.753,,
42276,18.482,18.496,,
42277,18.667,18.482,,
42278,18.396,18.667,,
42279,18.177,18.396,,
42282,18.381,18.177,,
42283,18.859,18.381,,
42284,18.746,18.859,,
42285,18.8,18.746,,
42286,18.754,18.8,,
42289,18.449,18.754,,
42290,18.176,18.449,,
42291,18.028,18.176,,
42292,18.173,18.028,,
42293,18.198,18.173,,
42296,18.411,18.198,,
42297,18.187,18.411,,
42298,18.065,18.187,,
42299,18.144,18.065,,
42300,18.276,18.144,,
42303,18.05,18.276,,
42304,18.09,18.05,,
42305,18.125,18.09,,
42306,18.15,18.125,,
42307,17.989,18.15,,
42310,17.831,17.989,,
42311,17.876,17.831,,
42312,17.95,17.876,,
42313,17.707,17.95,,
42314,17.871,17.707,,
42317,17.458,17.871,,
42318,17.251,17.458,,
42319,17.074,17.251,,
42320,16.899,17.074,,
42321,17.001,16.899,,
42324,17.225,17.001,,
42325,17.624,17.225,,
42326,17.345,17.624,,
42327,17.36,17.345,,
42328,17.221,17.36,,
42331,17.192,17.221,,
42332,17.423,17.192,,
42333,17.561,17.423,,
42334,17.606,17.561,,
42335,17.542,17.606,,
42338,18.025,17.542,,
42339,18.218,18.025,,
42340,17.85,18.218,,
42341,17.354,17.85,,
42342,17.453,17.354,,
42345,16.836,17.453,,
42346,16.84,16.836,,
42347,16.586,16.84,,
42348,16.506,16.586,,
42349,16.289,16.506,,
42352,15.872,16.289,,
42353,16.094,15.872,,
42354,15.73,16.094,,
42355,15.603,15.73,,
42356,15.394,15.603,,
42359,15.086,15.394,,
42360,14.944,15.086,,
42361,14.566,14.944,,
42362,14.457,14.566,,
42366,14.83,14.457,,
42367,15.393,14.83,,
42368,14.911,15.393,,
42369,14.786,14.911,,
42373,14.605,14.786,,
42374,14.784,14.605,,
42375,15.126,14.784,,
42376,15.528,15.126,,
42377,14.766,15.528,,
42380,14.642,14.766,,
42381,14.048,14.642,,
42382,14.172,14.048,,
42383,13.757,14.172,,
42384,13.321,13.757,,
42387,13.39,13.321,,
42388,13.35,13.39,,
42389,12.797,13.35,,
42390,12.577,12.797,,
42391,13.458,12.577,,
42394,12.757,13.458,,
42395,12.892,12.757,,
42396,13.284,12.892,,
42397,13.669,13.284,,
42398,13.376,13.669,,
42401,12.803,13.376,,
42402,12.78,12.803,,
42403,12.924,12.78,,
42404,12.406,12.924,,
42405,12.272,12.406,,
42408,12.24,12.272,,
42409,12.156,12.24,,
42410,11.981,12.156,,
42411,11.859,11.981,,
42412,12.082,11.859,,
42415,11.965,12.082,,
42416,11.726,11.965,,
42417,11.886,11.726,,
42418,12.139,11.886,,
42419,11.995,12.139,,
42422,12.381,11.995,,
42423,12.309,12.381,,
42424,12.051,12.309,,
42425,11.904,12.051,,
42426,12.164,11.904,,
42429,12.193,12.164,,
42430,12.172,12.193,,
42431,12.214,12.172,,
42432,12.036,12.214,,
42433,11.852,12.036,,
42436,11.825,11.852,,
42437,11.942,11.825,,
42438,12.074,11.942,,
42439,11.877,12.074,,
42440,12,11.877,,
42443,12.02,12,,
42444,12.044,12.02,,
42445,11.995,12.044,,
42446,12.056,11.995,,
42447,12.121,12.056,,
42450,11.927,12.121,,
42451,11.921,11.927,,
42452,11.958,11.921,,
42453,12.042,11.958,,
42457,12.042,#N/A N/A,,
42458,12.044,12.042,,
42459,12.073,12.044,,
42460,11.937,12.073,,
42461,11.639,11.937,,
42464,11.375,11.639,,
42465,11.237,11.375,,
42466,11.4,11.237,,
42467,11.15,11.4,,
42468,11.226,11.15,,
42471,11.188,11.226,,
42472,11.26,11.188,,
42473,11.322,11.26,,
42474,11.225,11.322,,
42475,11.21,11.225,,
42478,11.343,11.21,,
42479,11.663,11.343,,
42480,11.799,11.663,,
42481,12.5,11.799,,
42482,13.08,12.5,,
42485,12.969,13.08,,
42486,13.98,12.969,,
42487,13.98,13.98,,
42488,12.643,13.98,,
42489,12.779,12.643,,
42492,12.275,12.779,,
42493,12.148,12.275,,
42494,12.425,12.148,,
42495,12.834,12.425,,
42496,12.875,12.834,,
42499,13.123,12.875,,
42500,12.919,13.123,,
42501,13.011,12.919,,
42502,12.914,13.011,,
42503,12.854,12.914,,
42506,13.094,12.854,,
42507,13.144,13.094,,
42508,13.096,13.144,,
42509,12.951,13.096,,
42510,13.028,12.951,,
42513,12.918,13.028,,
42514,12.999,12.918,,
42515,13.296,12.999,,
42516,13.486,13.296,,
42517,13.817,13.486,,
42520,13.91,13.817,,
42521,14.238,13.91,,
42522,14.073,14.238,,
42523,14.393,14.073,,
42524,14.268,14.393,,
42527,14.496,14.268,,
42528,14.62,14.496,,
42529,14.4,14.62,,
42530,14.193,14.4,,
42531,13.987,14.193,,
42534,13.85,13.987,,
42535,14.02,13.85,,
42536,14.2,14.02,,
42537,14.176,14.2,,
42538,14.518,14.176,,
42541,15.144,14.518,,
42542,14.884,15.144,,
42543,15.26,14.884,,
42544,15.171,15.26,,
42545,14.9,15.171,,
42548,14.302,14.9,,
42549,14.153,14.302,,
42550,14.428,14.153,,
42551,14.375,14.428,,
42552,14.28,14.375,,
42555,14.539,14.28,,
42556,14.24,14.539,,
42557,14.162,14.24,,
42558,14.387,14.162,,
42559,14.137,14.387,,
42562,14.114,14.137,,
42563,14.303,14.114,,
42564,14.225,14.303,,
42565,14.307,14.225,,
42566,14.219,14.307,,
42569,14.289,14.219,,
42570,14.413,14.289,,
42571,14.723,14.413,,
42572,14.983,14.723,,
42573,14.85,14.983,,
42576,14.843,14.85,,
42577,14.594,14.843,,
42578,14.45,14.594,,
42579,14.152,14.45,,
42580,14.458,14.152,,
42583,14.05,14.458,,
42584,13.803,14.05,,
42585,13.702,13.803,,
42586,13.65,13.702,,
42587,13.35,13.65,,
42590,13.074,13.35,,
42591,12.856,13.074,,
42592,12.895,12.856,,
42593,12.8,12.895,,
42594,12.273,12.8,,
42597,11.67,12.273,,
42598,11.884,11.67,,
42599,12.101,11.884,,
42600,12.024,12.101,,
42601,10.613,12.024,,
42604,11.276,10.613,,
42605,11.688,11.276,,
42606,11.127,11.688,,
42607,11.103,11.127,,
42608,11.438,11.103,,
42611,11.8,11.438,,
42612,11.544,11.8,,
42613,12.673,11.544,,
42614,12.62,12.673,,
42615,12.72,12.62,,
42618,12.521,12.72,,
42619,12.375,12.521,,
42620,12,12.375,,
42621,11.971,12,,
42622,11.9,11.971,,
42625,11.829,11.9,,
42626,12.006,11.829,,
42627,11.947,12.006,,
42628,12.482,11.947,,
42629,12.778,12.482,,
42632,13.377,12.778,,
42633,13.029,13.377,,
42634,13.267,13.029,,
42635,13.553,13.267,,
42636,14.01,13.553,,
42639,13.898,14.01,,
42640,13.3,13.898,,
42641,13.9,13.3,,
42642,13.95,13.9,,
42643,15.35,13.95,,
42646,15.598,15.35,,
42647,15.975,15.598,,
42648,16.128,15.975,,
42649,16.438,16.128,,
42650,16.075,16.438,,
42653,15.818,16.075,,
42654,15.459,15.818,,
42655,15.397,15.459,,
42656,15.725,15.397,,
42657,16.147,15.725,,
42660,16.29,16.147,,
42661,16.76,16.29,,
42662,16.746,16.76,,
42663,16.902,16.746,,
42664,16.775,16.902,,
42667,17.295,16.775,,
42668,17.587,17.295,,
42669,17.132,17.587,,
42670,17.434,17.132,,
42671,17.25,17.434,,
42674,17.791,17.25,,
42675,18.447,17.791,,
42676,18.955,18.447,,
42677,18.868,18.955,,
42678,18.338,18.868,,
42681,17.988,18.338,,
42682,17.646,17.988,,
42683,17.914,17.646,,
42684,18.071,17.914,,
42685,18.062,18.071,,
42688,17.589,18.062,,
42689,17.85,17.589,,
42690,17.63,17.85,,
42691,17.638,17.63,,
42692,17.898,17.638,,
42695,17.37,17.898,,
42696,17.629,17.37,,
42697,17.805,17.629,,
42698,17.844,17.805,,
42699,17.703,17.844,,
42702,17.961,17.703,,
42703,17.971,17.961,,
42704,18.213,17.971,,
42705,18.09,18.213,,
42706,17.54,18.09,,
42709,16.967,17.54,,
42710,16.316,16.967,,
42711,16.25,16.316,,
42712,16.404,16.25,,
42713,16.492,16.404,,
42716,17.1,16.492,,
42717,17.133,17.1,,
42718,17.124,17.133,,
42719,17.17,17.124,,
42720,17.499,17.17,,
42723,17.35,17.499,,
42724,17.499,17.35,,
42725,17.63,17.499,,
42726,18.061,17.63,,
42727,18.081,18.061,,
42731,18.334,18.081,,
42732,18.774,18.334,,
42733,18.996,18.774,,
42734,19.541,18.996,,
42737,19.202,19.541,,
42738,18.385,19.202,,
42739,18.843,18.385,,
42740,18.86,18.843,,
42741,18.543,18.86,,
42744,19.137,18.543,,
42745,19.806,19.137,,
42746,20.501,19.806,,
42747,20.319,20.501,,
42748,20.008,20.319,,
42751,19.002,20.008,,
42752,19.465,19.002,,
42753,19.619,19.465,,
42754,19.909,19.619,,
42755,20.493,19.909,,
42758,21.128,20.493,,
42759,20.703,21.128,,
42760,20.023,20.703,,
42761,19.846,20.023,,
42762,19.5,19.846,,
42765,20.4,19.5,,
42766,20.749,20.4,,
42767,21.515,20.749,,
42768,21.75,21.515,,
42769,22.243,21.75,,
42772,21.942,22.243,,
42773,21.27,21.942,,
42774,20.291,21.27,,
42775,20.188,20.291,,
42776,19.772,20.188,,
42779,19.05,19.772,,
42780,18.731,19.05,,
42781,18.85,18.731,,
42782,19.01,18.85,,
42783,18.476,19.01,,
42786,18.569,18.476,,
42787,18.121,18.569,,
42788,18.046,18.121,,
42789,18.302,18.046,,
42790,17.798,18.302,,
42793,17.281,17.798,,
42794,16.896,17.281,,
42795,17.112,16.896,,
42796,16.76,17.112,,
42797,16.766,16.76,,
42800,16.614,16.766,,
42801,16.503,16.614,,
42802,16.245,16.503,,
42803,16.121,16.245,,
42804,16.15,16.121,,
42807,15.825,16.15,,
42808,15.925,15.825,,
42809,16.095,15.925,,
42810,15.979,16.095,,
42811,15.983,15.979,,
42814,15.775,15.983,,
42815,15.636,15.775,,
42816,15.6,15.636,,
42817,15.579,15.6,,
42818,15.247,15.579,,
42821,14.937,15.247,,
42822,15.074,14.937,,
42823,15.576,15.074,,
42824,15.937,15.576,,
42825,15.801,15.937,,
42828,15.991,15.801,,
42829,16.133,15.991,,
42830,16.223,16.133,,
42831,16.15,16.223,,
42832,15.835,16.15,,
42835,15.514,15.835,,
42836,15.5,15.514,,
42837,15.635,15.5,,
42838,15.65,15.635,,
42842,15.65,#N/A N/A,,
42843,16.234,15.65,,
42844,16.164,16.234,,
42845,16.043,16.164,,
42846,16.321,16.043,,
42849,16.125,16.321,,
42850,15.774,16.125,,
42851,16.062,15.774,,
42852,16.049,16.062,,
42853,16.182,16.049,,
42856,16.175,16.182,,
42857,16.448,16.175,,
42858,16.327,16.448,,
42859,15.9,16.327,,
42860,15.822,15.9,,
42863,15.457,15.822,,
42864,15.42,15.457,,
42865,15.542,15.42,,
42866,15.4,15.542,,
42867,15.35,15.4,,
42870,15.49,15.35,,
42871,15.345,15.49,,
42872,15.578,15.345,,
42873,15.722,15.578,,
42874,15.5,15.722,,
42877,15.501,15.5,,
42878,15.634,15.501,,
42879,15.549,15.634,,
42880,15.377,15.549,,
42881,15.35,15.377,,
42884,15.425,15.35,,
42885,15.65,15.425,,
42886,15.295,15.65,,
42887,15.1,15.295,,
42888,14.943,15.1,,
42891,15.025,14.943,,
42892,14.846,15.025,,
42893,14.925,14.846,,
42894,15.285,14.925,,
42895,15.002,15.285,,
42898,14.794,15.002,,
42899,14.671,14.794,,
42900,14.7,14.671,,
42901,14.583,14.7,,
42902,14.599,14.583,,
42905,14.755,14.599,,
42906,14.794,14.755,,
42907,14.733,14.794,,
42908,14.619,14.733,,
42909,14.625,14.619,,
42912,14.799,14.625,,
42913,15.011,14.799,,
42914,15.127,15.011,,
42915,14.975,15.127,,
42916,14.84,14.975,,
42919,15.124,14.84,,
42920,14.954,15.124,,
42921,14.949,14.954,,
42922,15.003,14.949,,
42923,14.776,15.003,,
42926,14.597,14.776,,
42927,14.461,14.597,,
42928,14.469,14.461,,
42929,14.6,14.469,,
42930,14.635,14.6,,
42933,14.871,14.635,,
42934,14.74,14.871,,
42935,14.775,14.74,,
42936,14.948,14.775,,
42937,14.884,14.948,,
42940,14.723,14.884,,
42941,14.828,14.723,,
42942,15.177,14.828,,
42943,15.129,15.177,,
42944,14.983,15.129,,
42947,14.966,14.983,,
42948,14.675,14.966,,
42949,14.742,14.675,,
42950,14.79,14.742,,
42951,15,14.79,,
42954,15.349,15,,
42955,15.173,15.349,,
42956,15.571,15.173,,
42957,15.775,15.571,,
42958,16.014,15.775,,
42961,15.875,16.014,,
42962,15.577,15.875,,
42963,16.098,15.577,,
42964,16.198,16.098,,
42965,16.098,16.198,,
42968,16.182,16.098,,
42969,16.153,16.182,,
42970,16.36,16.153,,
42971,16.348,16.36,,
42972,16.303,16.348,,
42975,16.305,16.303,,
42976,16.471,16.305,,
42977,16.519,16.471,,
42978,16.451,16.519,,
42979,16.412,16.451,,
42982,16.449,16.412,,
42983,16.847,16.449,,
42984,16.827,16.847,,
42985,16.799,16.827,,
42986,16.787,16.799,,
42989,17.193,16.787,,
42990,17.152,17.193,,
42991,17.292,17.152,,
42992,17.585,17.292,,
42993,17.198,17.585,,
42996,17.103,17.198,,
42997,17.127,17.103,,
42998,16.925,17.127,,
42999,16.75,16.925,,
43000,16.647,16.75,,
43003,17.406,16.647,,
43004,17.36,17.406,,
43005,17.496,17.36,,
43006,17.608,17.496,,
43007,17.382,17.608,,
43010,17.633,17.382,,
43011,17.927,17.633,,
43012,17.958,17.927,,
43013,18.079,17.958,,
43014,18.049,18.079,,
43017,18.227,18.049,,
43018,18.1,18.227,,
43019,18.038,18.1,,
43020,17.872,18.038,,
43021,17.94,17.872,,
43024,18.131,17.94,,
43025,18.082,18.131,,
43026,18.305,18.082,,
43027,18.1,18.305,,
43028,17.769,18.1,,
43031,17.723,17.769,,
43032,17.573,17.723,,
43033,17.73,17.573,,
43034,17.6,17.73,,
43035,17.62,17.6,,
43038,17.612,17.62,,
43039,18.211,17.612,,
43040,18.436,18.211,,
43041,18.45,18.436,,
43042,18.215,18.45,,
43045,18.856,18.215,,
43046,19.22,18.856,,
43047,19.251,19.22,,
43048,19.418,19.251,,
43049,19.633,19.418,,
43052,19.835,19.633,,
43053,19.25,19.835,,
43054,18.895,19.25,,
43055,19.185,18.895,,
43056,18.85,19.185,,
43059,19.389,18.85,,
43060,19.746,19.389,,
43061,19.588,19.746,,
43062,19.943,19.588,,
43063,20.441,19.943,,
43066,20.608,20.441,,
43067,20.236,20.608,,
43068,20.339,20.236,,
43069,20.304,20.339,,
43070,20.852,20.304,,
43073,21.303,20.852,,
43074,21.355,21.303,,
43075,21.175,21.355,,
43076,21.375,21.175,,
43077,20.95,21.375,,
43080,20.985,20.95,,
43081,21.764,20.985,,
43082,20.648,21.764,,
43083,21.303,20.648,,
43084,21.036,21.303,,
43087,20.475,21.036,,
43088,20.122,20.475,,
43089,20.336,20.122,,
43090,20.016,20.336,,
43091,19.675,20.016,,
43095,19.675,#N/A N/A,,
43096,19.167,19.675,,
43097,19.711,19.167,,
43098,19.625,19.711,,
43102,19.428,19.625,,
43103,19.31,19.428,,
43104,19.2,19.31,,
43105,18.927,19.2,,
43108,19.059,18.927,,
43109,19.446,19.059,,
43110,19.512,19.446,,
43111,19.332,19.512,,
43112,19.854,19.332,,
43115,19.175,19.854,,
43116,18.999,19.175,,
43117,18.465,18.999,,
43118,18.3,18.465,,
43119,18.177,18.3,,
43122,18.539,18.177,,
43123,18.234,18.539,,
43124,17.862,18.234,,
43125,17.781,17.862,,
43126,17.853,17.781,,
43129,17.486,17.853,,
43130,17.351,17.486,,
43131,17.95,17.351,,
43132,18.25,17.95,,
43133,18.185,18.25,,
43136,17.624,18.185,,
43137,17.857,17.624,,
43138,18.262,17.857,,
43139,17.898,18.262,,
43140,17.901,17.898,,
43143,17.955,17.901,,
43144,18.31,17.955,,
43145,18.153,18.31,,
43146,17.775,18.153,,
43147,18.204,17.775,,
43150,19.181,18.204,,
43151,19.888,19.181,,
43152,19.806,19.888,,
43153,19.928,19.806,,
43154,20.71,19.928,,
43157,18.602,20.71,,
43158,19.185,18.602,,
43159,17.35,19.185,,
43160,17.542,17.35,,
43161,17.925,17.542,,
43164,17.54,17.925,,
43165,17.811,17.54,,
43166,17.803,17.811,,
43167,18.28,17.803,,
43168,18.937,18.28,,
43171,19.825,18.937,,
43172,19.595,19.825,,
43173,18.411,19.595,,
43174,18.92,18.411,,
43175,18.679,18.92,,
43178,18.737,18.679,,
43179,19.163,18.737,,
43180,19.375,19.163,,
43181,19.019,19.375,,
43182,18.453,19.019,,
43185,17.979,18.453,,
43186,18.493,17.979,,
43187,18.393,18.493,,
43188,18.206,18.393,,
43192,18.206,#N/A N/A,,
43193,18.05,18.206,,
43194,18.193,18.05,,
43195,18.155,18.193,,
43196,18.159,18.155,,
43199,18.639,18.159,,
43200,18.855,18.639,,
43201,19.295,18.855,,
43202,19.222,19.295,,
43203,19.6,19.222,,
43206,19.44,19.6,,
43207,19.084,19.44,,
43208,19.35,19.084,,
43209,19.764,19.35,,
43210,19.774,19.764,,
43213,19.942,19.774,,
43214,19.684,19.942,,
43215,19.871,19.684,,
43216,20.168,19.871,,
43217,20.248,20.168,,
43220,20.604,20.248,,
43221,20.16,20.604,,
43222,19.876,20.16,,
43223,19.896,19.876,,
43224,20.4,19.896,,
43227,20.65,20.4,,
43228,20.677,20.65,,
43229,20.837,20.677,,
43230,20.89,20.837,,
43231,21.242,20.89,,
43234,21.597,21.242,,
43235,21.692,21.597,,
43236,21.575,21.692,,
43237,22.242,21.575,,
43238,22.053,22.242,,
43241,22.316,22.053,,
43242,22.968,22.316,,
43243,22.754,22.968,,
43244,22.743,22.754,,
43245,21.918,22.743,,
43248,21.956,21.918,,
43249,22.79,21.956,,
43250,23.087,22.79,,
43251,22.6,23.087,,
43252,21.755,22.6,,
43255,21.947,21.755,,
43256,21.475,21.947,,
43257,21.311,21.475,,
43258,21.65,21.311,,
43259,21.536,21.65,,
43262,21.339,21.536,,
43263,21.79,21.339,,
43264,22.389,21.79,,
43265,22.488,22.389,,
43266,21.76,22.488,,
43269,22.175,21.76,,
43270,21.702,22.175,,
43271,21.492,21.702,,
43272,21.572,21.492,,
43273,21.682,21.572,,
43276,21.594,21.682,,
43277,21.461,21.594,,
43278,22.039,21.461,,
43279,21.96,22.039,,
43280,21.87,21.96,,
43283,22.2,21.87,,
43284,22.282,22.2,,
43285,22.251,22.282,,
43286,22.463,22.251,,
43287,22.356,22.463,,
43290,22.732,22.356,,
43291,22.731,22.732,,
43292,22.58,22.731,,
43293,21.971,22.58,,
43294,22.264,21.971,,
43297,22.022,22.264,,
43298,21.852,22.022,,
43299,22.138,21.852,,
43300,22.153,22.138,,
43301,21.874,22.153,,
43304,22.028,21.874,,
43305,22.097,22.028,,
43306,22.172,22.097,,
43307,22.113,22.172,,
43308,21.892,22.113,,
43311,22.059,21.892,,
43312,22.113,22.059,,
43313,21.932,22.113,,
43314,21.936,21.932,,
43315,22.261,21.936,,
43318,22.5,22.261,,
43319,22.611,22.5,,
43320,22.599,22.611,,
43321,22.713,22.599,,
43322,22.881,22.713,,
43325,23.5,22.881,,
43326,23.724,23.5,,
43327,23.519,23.724,,
43328,23.833,23.519,,
43329,24.153,23.833,,
43332,24.179,24.153,,
43333,24.406,24.179,,
43334,24.448,24.406,,
43335,24.76,24.448,,
43336,24.975,24.76,,
43339,25.411,24.975,,
43340,25.36,25.411,,
43341,25.868,25.36,,
43342,26.13,25.868,,
43343,25.837,26.13,,
43346,26.239,25.837,,
43347,26.712,26.239,,
43348,27.019,26.712,,
43349,27.454,27.019,,
43350,27.989,27.454,,
43353,29.125,27.989,,
43354,28.782,29.125,,
43355,27.494,28.782,,
43356,26.808,27.494,,
43357,26.929,26.808,,
43360,28.077,26.929,,
43361,27.41,28.077,,
43362,28.322,27.41,,
43363,28.591,28.322,,
43364,28.724,28.591,,
43367,29.244,28.724,,
43368,29.232,29.244,,
43369,28.262,29.232,,
43370,27.577,28.262,,
43371,27.329,27.577,,
43374,27.443,27.329,,
43375,27.257,27.443,,
43376,27.114,27.257,,
43377,27.471,27.114,,
43378,27.902,27.471,,
43381,27.218,27.902,,
43382,26.835,27.218,,
43383,26.22,26.835,,
43384,25.759,26.22,,
43385,26.628,25.759,,
43388,26.625,26.628,,
43389,26.328,26.625,,
43390,25.942,26.328,,
43391,26.025,25.942,,
43392,26.858,26.025,,
43395,26.114,26.858,,
43396,25.667,26.114,,
43397,25.261,25.667,,
43398,24.866,25.261,,
43399,24.281,24.866,,
43402,24.578,24.281,,
43403,23.873,24.578,,
43404,24.333,23.873,,
43405,23.649,24.333,,
43406,24.283,23.649,,
43409,23.808,24.283,,
43410,23.896,23.808,,
43411,24.42,23.896,,
43412,24.429,24.42,,
43413,24.326,24.429,,
43416,25.955,24.326,,
43417,26.519,25.955,,
43418,26.278,26.519,,
43419,26.677,26.278,,
43420,25.956,26.677,,
43423,24.152,25.956,,
43424,24.352,24.152,,
43425,24.5,24.352,,
43426,24.71,24.5,,
43427,24.819,24.71,,
43430,24.543,24.819,,
43431,25.159,24.543,,
43432,24.302,25.159,,
43433,24.633,24.302,,
43434,24.691,24.633,,
43437,25.083,24.691,,
43438,24.417,25.083,,
43439,23.822,24.417,,
43440,23.166,23.822,,
43441,23.143,23.166,,
43444,23.25,23.143,,
43445,23.621,23.25,,
43446,23.92,23.621,,
43447,24.226,23.92,,
43448,24.646,24.226,,
43451,24.681,24.646,,
43452,23.732,24.681,,
43453,24.21,23.732,,
43454,24.605,24.21,,
43455,24.9,24.605,,
43458,24.247,24.9,,
43460,24.247,#N/A N/A,,
43461,23.32,24.247,,
43462,22.81,23.32,,
43465,21.982,22.81,,
43467,22.473,21.982,,
43468,22.256,22.473,,
43469,22.93,22.256,,
43472,21.531,22.93,,
43473,22.092,21.531,,
43474,21.719,22.092,,
43475,21.674,21.719,,
43476,22.255,21.674,,
43479,21.675,22.255,,
43480,21.999,21.675,,
43481,22.005,21.999,,
43482,22.994,22.005,,
43483,22.604,22.994,,
43486,21.774,22.604,,
43487,21.813,21.774,,
43488,22.191,21.813,,
43489,21.279,22.191,,
43490,20.889,21.279,,
43493,20.552,20.889,,
43494,20.586,20.552,,
43495,20.181,20.586,,
43496,19.852,20.181,,
43497,19.299,19.852,,
43500,19.355,19.299,,
43501,19.138,19.355,,
43502,18.916,19.138,,
43503,18.912,18.916,,
43504,18.264,18.912,,
43507,18.053,18.264,,
43508,17.785,18.053,,
43509,18.022,17.785,,
43510,17.755,18.022,,
43511,18.1,17.755,,
43514,17.429,18.1,,
43515,17.703,17.429,,
43516,18.144,17.703,,
43517,17.521,18.144,,
43518,17.231,17.521,,
43521,16.946,17.231,,
43522,17.044,16.946,,
43523,17.617,17.044,,
43524,17.814,17.617,,
43525,17.321,17.814,,
43528,17.4,17.321,,
43529,17.181,17.4,,
43530,16.851,17.181,,
43531,16.868,16.851,,
43532,16.729,16.868,,
43535,16.623,16.729,,
43536,16.209,16.623,,
43537,15.725,16.209,,
43538,15.603,15.725,,
43539,15.252,15.603,,
43542,14.98,15.252,,
43543,15.003,14.98,,
43544,15.213,15.003,,
43545,14.563,15.213,,
43546,14.454,14.563,,
43549,14.185,14.454,,
43550,14.384,14.185,,
43551,14.994,14.384,,
43552,14.428,14.994,,
43553,14.213,14.428,,
43556,13.844,14.213,,
43557,13.457,13.844,,
43558,14.189,13.457,,
43559,14.807,14.189,,
43560,16.633,14.807,,
43563,15.964,16.633,,
43564,16.757,15.964,,
43565,15.73,16.757,,
43566,15.995,15.73,,
43567,15.853,15.995,,
43570,15.012,15.853,,
43571,14.836,15.012,,
43572,15.195,14.836,,
43573,14.462,15.195,,
43577,14.462,#N/A N/A,,
43578,14.422,14.462,,
43579,14.264,14.422,,
43580,14.535,14.264,,
43581,14.423,14.535,,
43584,14.525,14.423,,
43585,14.389,14.525,,
43586,14.056,14.389,,
43587,14.366,14.056,,
43588,14.566,14.366,,
43591,14.335,14.566,,
43592,14.155,14.335,,
43593,14.322,14.155,,
43594,14.457,14.322,,
43595,13.997,14.457,,
43598,13.761,13.997,,
43599,13.783,13.761,,
43600,13.856,13.783,,
43601,13.385,13.856,,
43602,12.856,13.385,,
43605,12.903,12.856,,
43606,12.705,12.903,,
43607,12.649,12.705,,
43608,12.595,12.649,,
43609,12.249,12.595,,
43612,12.162,12.249,,
43613,12.518,12.162,,
43614,12.223,12.518,,
43615,11.476,12.223,,
43616,11.205,11.476,,
43619,11.1,11.205,,
43620,11.91,11.1,,
43621,11.601,11.91,,
43622,11.103,11.601,,
43623,11.52,11.103,,
43626,11.804,11.52,,
43627,11.202,11.804,,
43628,11.142,11.202,,
43629,11.395,11.142,,
43630,11.319,11.395,,
43633,11.572,11.319,,
43634,11.034,11.572,,
43635,10.484,11.034,,
43636,10.148,10.484,,
43637,10.355,10.148,,
43640,10.198,10.355,,
43641,9.847,10.198,,
43642,9.62,9.847,,
43643,9.376,9.62,,
43644,10.117,9.376,,
43647,10.365,10.117,,
43648,10.227,10.365,,
43649,10.294,10.227,,
43650,10.546,10.294,,
43651,11.216,10.546,,
43654,11.878,11.216,,
43655,11.758,11.878,,
43656,12.133,11.758,,
43657,13.129,12.133,,
43658,13.278,13.129,,
43661,12.893,13.278,,
43662,11.415,12.893,,
43663,10.988,11.415,,
43664,10.736,10.988,,
43665,10.813,10.736,,
43668,10.16,10.813,,
43669,10.749,10.16,,
43670,10.073,10.749,,
43671,10.023,10.073,,
43672,9.964,10.023,,
43675,9.811,9.964,,
43676,9.791,9.811,,
43677,10.998,9.791,,
43678,12.361,10.998,,
43679,12.013,12.361,,
43682,11.465,12.013,,
43683,10.952,11.465,,
43684,11.412,10.952,,
43685,12.075,11.412,,
43686,12.024,12.075,,
43689,11.42,12.024,,
43690,11.859,11.42,,
43691,11.18,11.859,,
43692,11.223,11.18,,
43693,10.955,11.223,,
43696,10.786,10.955,,
43697,11.217,10.786,,
43698,11.414,11.217,,
43699,10.991,11.414,,
43700,10.583,10.991,,
43703,10.313,10.583,,
43704,10.07,10.313,,
43705,10.236,10.07,,
43706,10.716,10.236,,
43707,12.797,10.716,,
43710,11.848,12.797,,
43711,12.098,11.848,,
43712,11.958,12.098,,
43713,12.236,11.958,,
43714,12.351,12.236,,
43717,12.236,12.351,,
43718,14.404,12.236,,
43719,14.355,14.404,,
43720,14.463,14.355,,
43721,14.711,14.463,,
43724,15.334,14.711,,
43725,13.441,15.334,,
43726,12.434,13.441,,
43727,12.255,12.434,,
43728,12.711,12.255,,
43731,12.243,12.711,,
43732,12.339,12.243,,
43733,11.949,12.339,,
43734,12.044,11.949,,
43735,11.939,12.044,,
43738,16.392,11.939,,
43739,16.762,16.392,,
43740,16.004,16.762,,
43741,16.008,16.004,,
43742,15.769,16.008,,
43745,15.507,15.769,,
43746,15.64,15.507,,
43747,15.573,15.64,,
43748,15.85,15.573,,
43749,16.136,15.85,,
43752,16.04,16.136,,
43753,16.065,16.04,,
43754,16.073,16.065,,
43755,16.027,16.073,,
43756,15.967,16.027,,
43759,15.61,15.967,,
43760,15.596,15.61,,
43761,15.415,15.596,,
43762,15.656,15.415,,
43763,15.235,15.656,,
43766,14.391,15.235,,
43767,13.833,14.391,,
43768,13.779,13.833,,
43769,16.133,13.779,,
43770,16.177,16.133,,
43773,16.478,16.177,,
43774,16.789,16.478,,
43775,16.281,16.789,,
43776,16.118,16.281,,
43777,15.942,16.118,,
43780,15.845,15.942,,
43781,15.546,15.845,,
43782,15.451,15.546,,
43783,15.669,15.451,,
43784,15.713,15.669,,
43787,15.229,15.713,,
43788,15.292,15.229,,
43789,15.588,15.292,,
43790,15.624,15.588,,
43791,16.048,15.624,,
43794,16.237,16.048,,
43795,15.849,16.237,,
43796,15.98,15.849,,
43797,15.649,15.98,,
43798,16.33,15.649,,
43801,15.81,16.33,,
43802,15.771,15.81,,
43803,15.882,15.771,,
43804,15.415,15.882,,
43805,15.141,15.415,,
43808,14.888,15.141,,
43809,14.532,14.888,,
43810,14.047,14.532,,
43811,14.768,14.047,,
43812,13.804,14.768,,
43815,13.89,13.804,,
43816,14.461,13.89,,
43817,14.951,14.461,,
43818,15.007,14.951,,
43819,14.235,15.007,,
43822,13.027,14.235,,
43823,12.607,13.027,,
43825,12.607,#N/A N/A,,
43826,12.767,12.607,,
43829,12.293,12.767,,
43830,12.051,12.293,,
43832,12.073,12.051,,
43833,12.985,12.073,,
43836,12.28,12.985,,
43837,11.929,12.28,,
43838,11.964,11.929,,
43839,12.179,11.964,,
43840,11.94,12.179,,
43843,12.054,11.94,,
43844,11.303,12.054,,
43845,11.179,11.303,,
43846,11.117,11.179,,
43847,10.929,11.117,,
43850,10.566,10.929,,
43851,10.777,10.566,,
43852,10.455,10.777,,
43853,10.428,10.455,,
43854,10.455,10.428,,
43857,10.526,10.455,,
43858,10.792,10.526,,
43859,10.15,10.792,,
43860,9.781,10.15,,
43861,9.755,9.781,,
43864,9.211,9.755,,
43865,9.366,9.211,,
43866,9.313,9.366,,
43867,9.149,9.313,,
43868,9.068,9.149,,
43871,8.643,9.068,,
43872,8.557,8.643,,
43873,8.722,8.557,,
43874,8.889,8.722,,
43875,8.879,8.889,,
43878,9.312,8.879,,
43879,9.38,9.312,,
43880,9.572,9.38,,
43881,9.567,9.572,,
43882,9.41,9.567,,
43885,9.044,9.41,,
43886,9.007,9.044,,
43887,9.071,9.007,,
43888,8.871,9.071,,
43889,8.874,8.871,,
43892,8.887,8.874,,
43893,9.169,8.887,,
43894,8.912,9.169,,
43895,8.849,8.912,,
43896,8.647,8.849,,
43899,8.627,8.647,,
43900,8.993,8.627,,
43901,9.369,8.993,,
43902,9.324,9.369,,
43903,9.285,9.324,,
43906,8.741,9.285,,
43907,8.47,8.741,,
43908,8.265,8.47,,
43909,8.544,8.265,,
43910,8.293,8.544,,
43913,7.849,8.293,,
43914,7.908,7.849,,
43915,7.744,7.908,,
43916,7.575,7.744,,
43917,7.218,7.575,,
43920,6.897,7.218,,
43921,6.902,6.897,,
43922,6.824,6.902,,
43923,6.935,6.824,,
43924,6.922,6.935,,
43927,7.287,6.922,,
43928,7.283,7.287,,
43929,7.259,7.283,,
43930,7.279,7.259,,
43934,7.279,#N/A N/A,,
43935,6.874,7.279,,
43936,6.649,6.874,,
43937,6.907,6.649,,
43938,6.994,6.907,,
43941,6.618,6.994,,
43942,6.315,6.618,,
43943,6.226,6.315,,
43944,6.057,6.226,,
43945,5.77,6.057,,
43948,5.941,5.77,,
43949,6.147,5.941,,
43950,6.014,6.147,,
43951,6.221,6.014,,
43952,5.843,6.221,,
43955,5.74,5.843,,
43956,5.674,5.74,,
43957,5.763,5.674,,
43958,5.847,5.763,,
43959,5.831,5.847,,
43962,5.707,5.831,,
43963,5.313,5.707,,
43964,5.119,5.313,,
43965,5.265,5.119,,
43966,5.218,5.265,,
43969,4.922,5.218,,
43970,4.612,4.922,,
43971,4.462,4.612,,
43972,3.824,4.462,,
43973,3.889,3.824,,
43976,4.794,3.889,,
43977,4.123,4.794,,
43978,3.695,4.123,,
43979,3.509,3.695,,
43980,4.385,3.509,,
43983,4.053,4.385,,
43984,4.852,4.053,,
43985,5.331,4.852,,
43986,5.392,5.331,,
43987,5.708,5.392,,
43990,5.249,5.708,,
43991,4.806,5.249,,
43992,4.802,4.806,,
43993,4.988,4.802,,
43994,5.273,4.988,,
43997,5.516,5.273,,
43998,5.261,5.516,,
43999,5.209,5.261,,
44000,5.451,5.209,,
44001,5.615,5.451,,
44004,5.495,5.615,,
44005,5.829,5.495,,
44006,5.663,5.829,,
44007,5.256,5.663,,
44008,5.105,5.256,,
44011,5.839,5.105,,
44012,6.163,5.839,,
44013,5.863,6.163,,
44014,5.944,5.863,,
44015,6.031,5.944,,
44018,6.096,6.031,,
44019,6.124,6.096,,
44020,5.937,6.124,,
44021,5.757,5.937,,
44022,5.475,5.757,,
44025,5.11,5.475,,
44026,5.085,5.11,,
44027,5.226,5.085,,
44028,5.058,5.226,,
44029,5.114,5.058,,
44032,4.732,5.114,,
44033,4.792,4.732,,
44034,4.829,4.792,,
44035,4.984,4.829,,
44036,5.011,4.984,,
44039,4.787,5.011,,
44040,4.958,4.787,,
44041,5.177,4.958,,
44042,5.223,5.177,,
44043,6.023,5.223,,
44046,6.802,6.023,,
44047,7.355,6.802,,
44048,7.32,7.355,,
44049,7.94,7.32,,
44050,7.931,7.94,,
44053,7.589,7.931,,
44054,7.416,7.589,,
44055,7.172,7.416,,
44056,7.312,7.172,,
44057,8.019,7.312,,
44060,8.181,8.019,,
44061,8.549,8.181,,
44062,8.353,8.549,,
44063,8.15,8.353,,
44064,7.622,8.15,,
44067,8.361,7.622,,
44068,8.867,8.361,,
44069,9.149,8.867,,
44070,8.872,9.149,,
44071,11.169,8.872,,
44074,11.239,11.169,,
44075,11.297,11.239,,
44076,11.11,11.297,,
44077,11.733,11.11,,
44078,11.682,11.733,,
44081,11.232,11.682,,
44082,10.802,11.232,,
44083,10.734,10.802,,
44084,10.516,10.734,,
44085,10.497,10.516,,
44088,10.707,10.497,,
44089,10.896,10.707,,
44090,11.318,10.896,,
44091,11.121,11.318,,
44092,11.475,11.121,,
44095,11.497,11.475,,
44096,11.704,11.497,,
44097,12.019,11.704,,
44098,11.634,12.019,,
44099,11.666,11.634,,
44102,12.352,11.666,,
44103,12.28,12.352,,
44104,13.286,12.28,,
44105,13.181,13.286,,
44106,13.026,13.181,,
44109,13.419,13.026,,
44110,13.307,13.419,,
44111,13.709,13.307,,
44112,13.9,13.709,,
44113,13.753,13.9,,
44116,13.838,13.753,,
44117,13.596,13.838,,
44118,13.872,13.596,,
44119,14.239,13.872,,
44120,14.499,14.239,,
44123,14.718,14.499,,
44124,14.895,14.718,,
44125,14.867,14.895,,
44126,15.257,14.867,,
44127,15.41,15.257,,
44130,14.866,15.41,,
44131,14.743,14.866,,
44132,14.487,14.743,,
44133,14.216,14.487,,
44134,14.061,14.216,,
44137,13.656,14.061,,
44138,13.665,13.656,,
44139,13.883,13.665,,
44140,14.456,13.883,,
44141,13.902,14.456,,
44144,13.854,13.902,,
44145,14.035,13.854,,
44146,14.096,14.035,,
44147,14.001,14.096,,
44148,14.239,14.001,,
44151,14.494,14.239,,
44152,13.968,14.494,,
44153,13.682,13.968,,
44154,13.022,13.682,,
44155,12.894,13.022,,
44158,13.537,12.894,,
44159,13.902,13.537,,
44160,13.932,13.902,,
44161,13.914,13.932,,
44162,14.485,13.914,,
44165,15.138,14.485,,
44166,14.912,15.138,,
44167,14.905,14.912,,
44168,14.143,14.905,,
44169,14.643,14.143,,
44172,14.357,14.643,,
44173,14.447,14.357,,
44174,14.733,14.447,,
44175,15.539,14.733,,
44176,15.959,15.539,,
44179,16.607,15.959,,
44180,17.225,16.607,,
44181,16.381,17.225,,
44182,15.941,16.381,,
44183,15.886,15.941,,
44186,16.795,15.886,,
44187,17.636,16.795,,
44188,17.507,17.636,,
44189,17.649,17.507,,
44193,19.152,17.649,,
44194,18.774,19.152,,
44195,19.001,18.774,,
44196,19.123,19.001,,
44200,19.844,19.123,,
44201,18.007,19.844,,
44202,17.564,18.007,,
44203,19.303,17.564,,
44204,20.118,19.303,,
44207,22.124,20.118,,
44208,26.155,22.124,,
44209,21.5,26.155,,
44210,21.333,21.5,,
44211,20.2,21.333,,
44214,19.026,20.2,,
44215,20.327,19.026,,
44216,20.26,20.327,,
44217,20.063,20.26,,
44218,21.483,20.063,,
44221,20.162,21.483,,
44222,19.509,20.162,,
44223,19.701,19.509,,
44224,20.908,19.701,,
44225,19.819,20.908,,
44228,18.139,19.819,,
44229,18.251,18.139,,
44230,17.854,18.251,,
44231,18.12,17.854,,
44232,18.38,18.12,,
44235,20.179,18.38,,
44236,19.045,20.179,,
44237,18.558,19.045,,
44238,17.373,18.558,,
44239,17.618,17.373,,
44242,16.54,17.618,,
44243,16.715,16.54,,
44244,16.54,16.715,,
44245,17.329,16.54,,
44246,16.554,17.329,,
44249,15.96,16.554,,
44250,16.248,15.96,,
44251,16.381,16.248,,
44252,15.935,16.381,,
44253,15.694,15.935,,
44256,16.082,15.694,,
44257,15.869,16.082,,
44258,15.527,15.869,,
44259,15.932,15.527,,
44260,16.367,15.932,,
44263,16.151,16.367,,
44264,16.925,16.151,,
44265,17.632,16.925,,
44266,18.127,17.632,,
44267,18.448,18.127,,
44270,17.932,18.448,,
44271,17.658,17.932,,
44272,17.972,17.658,,
44273,17.761,17.972,,
44274,17.266,17.761,,
44277,18.046,17.266,,
44278,18.39,18.046,,
44279,18.589,18.39,,
44280,18.367,18.589,,
44281,18.699,18.367,,
44284,18.443,18.699,,
44285,18.804,18.443,,
44286,18.994,18.804,,
44287,19.172,18.994,,
44291,19.172,#N/A N/A,,
44292,19.781,19.172,,
44293,19.287,19.781,,
44294,18.991,19.287,,
44295,18.938,18.991,,
44298,19.65,18.938,,
44299,19.512,19.65,,
44300,19.682,19.512,,
44301,20.26,19.682,,
44302,20.538,20.26,,
44305,20.941,20.538,,
44306,21.066,20.941,,
44307,21.109,21.066,,
44308,21.368,21.109,,
44309,20.046,21.368,,
44312,20.001,20.046,,
44313,21.403,20.001,,
44314,21.554,21.403,,
44315,22.501,21.554,,
44316,23.285,22.501,,
44319,23.813,23.285,,
44320,23.048,23.813,,
44321,23.962,23.048,,
44322,24.33,23.962,,
44323,23.941,24.33,,
44326,25.192,23.941,,
44327,25.803,25.192,,
44328,26.42,25.803,,
44329,26.251,26.42,,
44330,26.83,26.251,,
44333,26.31,26.83,,
44334,24.811,26.31,,
44335,22.663,24.811,,
44336,24.685,22.663,,
44337,24.794,24.685,,
44340,24.761,24.794,,
44341,26.188,24.761,,
44342,26.427,26.188,,
44343,25.199,26.427,,
44344,24.931,25.199,,
44347,25.123,24.931,,
44348,25.975,25.123,,
44349,25.723,25.975,,
44350,25.707,25.723,,
44351,25.795,25.707,,
44354,26.492,25.795,,
44355,27.802,26.492,,
44356,28.298,27.802,,
44357,28.687,28.298,,
44358,27.845,28.687,,
44361,28.81,27.845,,
44362,28.133,28.81,,
44363,28.03,28.133,,
44364,28.312,28.03,,
44365,29.404,28.312,,
44368,29.616,29.404,,
44369,30.737,29.616,,
44370,31.547,30.737,,
44371,32.016,31.547,,
44372,32.383,32.016,,
44375,32.289,32.383,,
44376,33.486,32.289,,
44377,34.622,33.486,,
44378,36.143,34.622,,
44379,35.827,36.143,,
44382,37.945,35.827,,
44383,34.105,37.945,,
44384,32.338,34.105,,
44385,33.312,32.338,,
44386,36.632,33.312,,
44389,34.649,36.632,,
44390,35.463,34.649,,
44391,34.775,35.463,,
44392,33.797,34.775,,
44393,34.842,33.797,,
44396,35.649,34.842,,
44397,35.165,35.649,,
44398,35.949,35.165,,
44399,36.129,35.949,,
44400,35.523,36.129,,
44403,36.914,35.523,,
44404,37.59,36.914,,
44405,39.698,37.59,,
44406,41.154,39.698,,
44407,40.756,41.154,,
44410,42.153,40.756,,
44411,41.243,42.153,,
44412,42.253,41.243,,
44413,42.899,42.253,,
44414,43.118,42.899,,
44417,42.786,43.118,,
44418,44.655,42.786,,
44419,45.986,44.655,,
44420,45.871,45.986,,
44421,44.628,45.871,,
44424,47.988,44.628,,
44425,46.949,47.988,,
44426,45.385,46.949,,
44427,40.395,45.385,,
44428,41.944,40.395,,
44431,41.68,41.944,,
44432,44.87,41.68,,
44433,45.285,44.87,,
44434,45.788,45.285,,
44435,47.806,45.788,,
44438,49.679,47.806,,
44439,50.338,49.679,,
44440,50.232,50.338,,
44441,51.916,50.232,,
44442,51.505,51.916,,
44445,52.874,51.505,,
44446,53.908,52.874,,
44447,55.288,53.908,,
44448,56.581,55.288,,
44449,57.916,56.581,,
44452,61.279,57.916,,
44453,65.764,61.279,,
44454,70.707,65.764,,
44455,63.251,70.707,,
44456,65.103,63.251,,
44459,75.317,65.103,,
44460,73.782,75.317,,
44461,71.692,73.782,,
44462,69.684,71.692,,
44463,70.24,69.684,,
44466,76.507,70.24,,
44467,78.565,76.507,,
44468,86.609,78.565,,
44469,97.774,86.609,,
44470,93.625,97.774,,
44473,96.652,93.625,,
44474,116.02,96.652,,
44475,108.191,116.02,,
44476,96.584,108.191,,
44477,87.606,96.584,,
44480,85.216,87.606,,
44481,85.698,85.216,,
44482,93.616,85.698,,
44483,102.172,93.616,,
44484,93.648,102.172,,
44487,93.933,93.648,,
44488,89.932,93.933,,
44489,93.451,89.932,,
44490,88.463,93.451,,
44491,87.338,88.463,,
44494,88.643,87.338,,
44495,88.493,88.643,,
44496,86.819,88.493,,
44497,77.032,86.819,,
44498,64.864,77.032,,
44501,65.619,64.864,,
44502,67.606,65.619,,
44503,76.542,67.606,,
44504,73.376,76.542,,
44505,74.027,73.376,,
44508,79.074,74.027,,
44509,72.587,79.074,,
44510,70.123,72.587,,
44511,74.79,70.123,,
44512,75.675,74.79,,
44515,79.947,75.675,,
44516,94.189,79.947,,
44517,95.004,94.189,,
44518,95.167,95.004,,
44519,87.125,95.167,,
44522,84.017,87.125,,
44523,90.927,84.017,,
44524,93.984,90.927,,
44525,93.194,93.984,,
44526,87.772,93.194,,
44529,93.146,87.772,,
44530,92.513,93.146,,
44531,95.675,92.513,,
44532,94.83,95.675,,
44533,89.478,94.83,,
44536,89.928,89.478,,
44537,95.883,89.928,,
44538,101.502,95.883,,
44539,100.445,101.502,,
44540,105.776,100.445,,
44543,116.084,105.776,,
44544,128.301,116.084,,
44545,132.284,128.301,,
44546,142.765,132.284,,
44547,136.913,142.765,,
44550,146.926,136.913,,
44551,180.267,146.926,,
44552,172.875,180.267,,
44553,132.579,172.875,,
44554,110.469,132.579,,
44557,106.893,110.469,,
44558,106.59,106.893,,
44559,96.476,106.59,,
44560,87.027,96.476,,
44561,70.343,87.027,,
44564,80.434,70.343,,
44565,88.741,80.434,,
44566,91.522,88.741,,
44567,96.502,91.522,,
44568,88.174,96.502,,
44571,84.607,88.174,,
44572,78.736,84.607,,
44573,75.153,78.736,,
44574,85.46,75.153,,
44575,86.97,85.46,,
44578,77.012,86.97,,
44579,78.334,77.012,,
44580,75.602,78.334,,
44581,75.203,75.602,,
44582,78.98,75.203,,
44585,93,78.98,,
44586,93.582,93,,
44587,91.837,93.582,,
44588,92.301,91.837,,
44589,92.062,92.301,,
44592,84.672,92.062,,
44593,76.167,84.672,,
44594,77.351,76.167,,
44595,80.223,77.351,,
44596,82.652,80.223,,
44599,79.595,82.652,,
44600,77.3,79.595,,
44601,74.417,77.3,,
44602,74.353,74.417,,
44603,77.426,74.353,,
44606,80.771,77.426,,
44607,70.919,80.771,,
44608,69.795,70.919,,
44609,74.914,69.795,,
44610,73.762,74.914,,
44613,72.564,73.762,,
44614,79.789,72.564,,
44615,88.891,79.789,,
44616,134.316,88.891,,
44617,94.422,134.316,,
44620,98.595,94.422,,
44621,121.674,98.595,,
44622,165.543,121.674,,
44623,160.823,165.543,,
44624,192.55,160.823,,
44627,227.201,192.55,,
44628,214.554,227.201,,
44629,155.88,214.554,,
44630,126.399,155.88,,
44631,131.229,126.399,,
44634,114.522,131.229,,
44635,115.439,114.522,,
44636,102.623,115.439,,
44637,105.088,102.623,,
44638,105.044,105.088,,
44641,96.302,105.044,,
44642,98.747,96.302,,
44643,117.001,98.747,,
44644,111.608,117.001,,
44645,101.269,111.608,,
44648,102.545,101.269,,
44649,108.381,102.545,,
44650,118.97,108.381,,
44651,125.906,118.97,,
44652,112.15,125.906,,
44655,109.523,112.15,,
44656,108.564,109.523,,
44657,106.791,108.564,,
44658,104.564,106.791,,
44659,103.882,104.564,,
44662,100.137,103.882,,
44663,102.219,100.137,,
44664,105.324,102.219,,
44665,95.62,105.324,,
44669,95.62,#N/A N/A,,
44670,93.768,95.62,,
44671,94.231,93.768,,
44672,100.061,94.231,,
44673,94.875,100.061,,
44676,92.837,94.875,,
44677,103.208,92.837,,
44678,107.427,103.208,,
44679,100.142,107.427,,
44680,99.45,100.142,,
44683,97.051,99.45,,
44684,99.426,97.051,,
44685,103.821,99.426,,
44686,106.508,103.821,,
44687,101.708,106.508,,
44690,93.787,101.708,,
44691,98.801,93.787,,
44692,94.012,98.801,,
44693,106.701,94.012,,
44694,96.881,106.701,,
44697,92.86,96.881,,
44698,94.175,92.86,,
44699,94.538,94.175,,
44700,91.024,94.538,,
44701,87.902,91.024,,
44704,83.288,87.902,,
44705,84.507,83.288,,
44706,88.078,84.507,,
44707,85.971,88.078,,
44708,86.875,85.971,,
44711,87.987,86.875,,
44712,94.004,87.987,,
44713,85.551,94.004,,
44714,83.945,85.551,,
44715,83.101,83.945,,
44718,82.558,83.101,,
44719,79.608,82.558,,
44720,79.407,79.608,,
44721,84.88,79.407,,
44722,82.464,84.88,,
44725,83.402,82.464,,
44726,97.04,83.402,,
44727,120.332,97.04,,
44728,124.364,120.332,,
44729,117.738,124.364,,
44732,120.627,117.738,,
44733,125.56,120.627,,
44734,127.171,125.56,,
44735,133.347,127.171,,
44736,128.505,133.347,,
44739,129.459,128.505,,
44740,129.176,129.459,,
44741,139.588,129.176,,
44742,144.514,139.588,,
44743,147.784,144.514,,
44746,162.94,147.784,,
44747,165.073,162.94,,
44748,170.999,165.073,,
44749,183.183,170.999,,
44750,175.212,183.183,,
44753,164.52,175.212,,
44754,172.609,164.52,,
44755,180.505,172.609,,
44756,175.033,180.505,,
44757,159.567,175.033,,
44760,157.258,159.567,,
44761,154.457,157.258,,
44762,155.038,154.457,,
44763,155.6,155.038,,
44764,159.864,155.6,,
44767,176.616,159.864,,
44768,199.918,176.616,,
44769,205.225,199.918,,
44770,198.93,205.225,,
44771,190.915,198.93,,
44774,200.794,190.915,,
44775,205.174,200.794,,
44776,199.195,205.174,,
44777,199.248,199.195,,
44778,196.32,199.248,,
44781,193.055,196.32,,
44782,192.184,193.055,,
44783,205.367,192.184,,
44784,208.11,205.367,,
44785,206.108,208.11,,
44788,220.11,206.108,,
44789,225.914,220.11,,
44790,225.835,225.914,,
44791,241.004,225.835,,
44792,244.55,241.004,,
44795,276.748,244.55,,
44796,269.049,276.748,,
44797,292.15,269.049,,
44798,321.414,292.15,,
44799,339.196,321.414,,
44802,272.603,339.196,,
44803,252.937,272.603,,
44804,239.907,252.937,,
44805,243.004,239.907,,
44806,214.665,243.004,,
44809,245.926,214.665,,
44810,239.842,245.926,,
44811,213.883,239.842,,
44812,220.541,213.883,,
44813,207.091,220.541,,
44816,190.588,207.091,,
44817,198.612,190.588,,
44818,217.882,198.612,,
44819,214.283,217.882,,
44820,187.793,214.283,,
44823,182.262,187.793,,
44824,194.259,182.262,,
44825,189.781,194.259,,
44826,187.468,189.781,,
44827,185.495,187.468,,
44830,173.834,185.495,,
44831,186.099,173.834,,
44832,207.187,186.099,,
44833,187.665,207.187,,
44834,188.8,187.665,,
44837,169.912,188.8,,
44838,161.95,169.912,,
44839,173.693,161.95,,
44840,175.712,173.693,,
44841,156.207,175.712,,
44844,154.118,156.207,,
44845,156.781,154.118,,
44846,160.19,156.781,,
44847,153.809,160.19,,
44848,141.997,153.809,,
44851,127.978,141.997,,
44852,113.222,127.978,,
44853,112.51,113.222,,
44854,127.147,112.51,,
44855,113.576,127.147,,
44858,99.17,113.576,,
44859,99.794,99.17,,
44860,104.32,99.794,,
44861,107.384,104.32,,
44862,112.244,107.384,,
44865,123.352,112.244,,
44866,116.193,123.352,,
44867,125.863,116.193,,
44868,125.445,125.863,,
44869,114.786,125.445,,
44872,109.683,114.786,,
44873,118.147,109.683,,
44874,113.144,118.147,,
44875,113.452,113.144,,
44876,97.853,113.452,,
44879,113.704,97.853,,
44880,124.104,113.704,,
44881,113.9,124.104,,
44882,112.556,113.9,,
44883,115.509,112.556,,
44886,116.128,115.509,,
44887,119.639,116.128,,
44888,129.62,119.639,,
44889,123.785,129.62,,
44890,124.37,123.785,,
44893,123.282,124.37,,
44894,132.286,123.282,,
44895,146.397,132.286,,
44896,139.258,146.397,,
44897,135.562,139.258,,
44900,134.699,135.562,,
44901,138.488,134.699,,
44902,149.245,138.488,,
44903,138.893,149.245,,
44904,139.113,138.893,,
44907,136.59,139.113,,
44908,137.529,136.59,,
44909,131.511,137.529,,
44910,134.767,131.511,,
44911,115.451,134.767,,
44914,108.543,115.451,,
44915,105.688,108.543,,
44916,97.752,105.688,,
44917,91.938,97.752,,
44918,82.977,91.938,,
44922,80.043,82.977,,
44923,81.351,80.043,,
44924,83.83,81.351,,
44925,76.315,83.83,,
44928,77.017,76.315,,
44929,72.314,77.017,,
44930,65.022,72.314,,
44931,72.422,65.022,,
44932,69.534,72.422,,
44935,74.302,69.534,,
44936,70.071,74.302,,
44937,65.346,70.071,,
44938,66.809,65.346,,
44939,64.812,66.809,,
44942,55.454,64.812,,
44943,60.061,55.454,,
44944,61.709,60.061,,
44945,60.717,61.709,,
44946,66.898,60.717,,
44949,65.999,66.898,,
44950,58.269,65.999,,
44951,56.66,58.269,,
44952,54.815,56.66,,
44953,55.425,54.815,,
44956,55.156,55.425,,
44957,57.352,55.156,,
44958,59.527,57.352,,
44959,57.04,59.527,,
44960,57.889,57.04,,
44963,58.109,57.889,,
44964,55.403,58.109,,
44965,53.687,55.403,,
44966,52.734,53.687,,
44967,53.947,52.734,,
44970,51.707,53.947,,
44971,52.386,51.707,,
44972,54.716,52.386,,
44973,52.011,54.716,,
44974,49.047,52.011,,
44977,49.874,49.047,,
44978,48.542,49.874,,
44979,50.568,48.542,,
44980,50.78,50.568,,
44981,51.013,50.78,,
44984,47.299,51.013,,
44985,46.665,47.299,,
44986,47.084,46.665,,
44987,46.815,47.084,,
44988,44.98,46.815,,
44991,42.149,44.98,,
44992,43.37,42.149,,
44993,42.339,43.37,,
44994,43.599,42.339,,
44995,52.857,43.599,,
44998,49.584,52.857,,
44999,44.185,49.584,,
45000,42.905,44.185,,
45001,44.341,42.905,,
45002,42.857,44.341,,
45005,39.325,42.857,,
45006,42.4,39.325,,
45007,39.974,42.4,,
45008,43.186,39.974,,
45009,41.094,43.186,,
45012,42.528,41.094,,
45013,42.752,42.528,,
45014,42.803,42.752,,
45015,43.609,42.803,,
45016,47.843,43.609,,
45019,51.367,47.843,,
45020,46.568,51.367,,
45021,44.575,46.568,,
45022,43.125,44.575,,
45026,43.125,#N/A N/A,,
45027,43.692,43.125,,
45028,42.88,43.692,,
45029,42.093,42.88,,
45030,41.149,42.093,,
45033,41.127,41.149,,
45034,42.722,41.127,,
45035,40.298,42.722,,
45036,40.565,40.298,,
45037,40.164,40.565,,
45040,39.925,40.164,,
45041,39.833,39.925,,
45042,38.551,39.833,,
45043,39.039,38.551,,
45044,38.538,39.039,,
45047,38.834,38.538,,
45048,37.529,38.834,,
45049,36.782,37.529,,
45050,35.653,36.782,,
45051,36.574,35.653,,
45054,36.874,36.574,,
45055,35.95,36.874,,
45056,34.993,35.95,,
45057,34.993,34.993,,
45058,32.767,34.993,,
45061,32.314,32.767,,
45062,31.821,32.314,,
45063,31.953,31.821,,
45064,29.785,31.953,,
45065,30.176,29.785,,
45068,29.711,30.176,,
45069,29.127,29.711,,
45070,27.785,29.127,,
45071,25.452,27.785,,
45072,24.52,25.452,,
45075,24.562,24.52,,
45076,24.681,24.562,,
45077,26.852,24.681,,
45078,23.103,26.852,,
45079,23.689,23.103,,
45082,28.478,23.689,,
45083,24.86,28.478,,
45084,26.331,24.86,,
45085,26.945,26.331,,
45086,32.049,26.945,,
45089,31.036,32.049,,
45090,36.051,31.036,,
45091,38.312,36.051,,
45092,41.145,38.312,,
45093,35.008,41.145,,
45096,34.898,35.008,,
45097,38.708,34.898,,
45098,36.743,38.708,,
45099,34.097,36.743,,
45100,32.507,34.097,,
45103,31.975,32.507,,
45104,34.506,31.975,,
45105,34.125,34.506,,
45106,35.18,34.125,,
45107,37.103,35.18,,
45110,33.929,37.103,,
45111,35.41,33.929,,
45112,34.373,35.41,,
45113,32.348,34.373,,
45114,33.478,32.348,,
45117,30.227,33.478,,
45118,29.061,30.227,,
45119,26.639,29.061,,
45120,26.607,26.639,,
45121,25.957,26.607,,
45124,25.101,25.957,,
45125,27.069,25.101,,
45126,26.963,27.069,,
45127,28.018,26.963,,
45128,28.164,28.018,,
45131,30.557,28.164,,
45132,32.648,30.557,,
45133,29.275,32.648,,
45134,28.434,29.275,,
45135,25.841,28.434,,
45138,28.366,25.841,,
45139,27.123,28.366,,
45140,28.742,27.123,,
45141,30.473,28.742,,
45142,28.853,30.473,,
45145,30.487,28.853,,
45146,31.066,30.487,,
45147,39.823,31.066,,
45148,37.056,39.823,,
45149,35.3,37.056,,
45152,34.434,35.3,,
45153,38.813,34.434,,
45154,37.784,38.813,,
45155,36.825,37.784,,
45156,36.41,36.825,,
45159,40.782,36.41,,
45160,42.908,40.782,,
45161,36.786,42.908,,
45162,31.938,36.786,,
45163,34.777,31.938,,
45166,38.414,34.777,,
45167,35.195,38.414,,
45168,35.992,35.195,,
45169,35.029,35.992,,
45170,35.617,35.029,,
45173,33.571,35.617,,
45174,34.449,33.571,,
45175,31.075,34.449,,
45176,32.755,31.075,,
45177,34.508,32.755,,
45180,35.848,34.508,,
45181,34.701,35.848,,
45182,36.817,34.701,,
45183,35.521,36.817,,
45184,36.483,35.521,,
45187,34.475,36.483,,
45188,36.782,34.475,,
45189,37.284,36.782,,
45190,39.105,37.284,,
45191,39.791,39.105,,
45194,44.442,39.791,,
45195,40.322,44.442,,
45196,39.296,40.322,,
45197,39.736,39.296,,
45198,41.859,39.736,,
45201,39.335,41.859,,
45202,36.987,39.335,,
45203,38.441,36.987,,
45204,36.207,38.441,,
45205,38.231,36.207,,
45208,43.953,38.231,,
45209,49.455,43.953,,
45210,46.068,49.455,,
45211,53.002,46.068,,
45212,53.982,53.002,,
45215,48.467,53.982,,
45216,48.896,48.467,,
45217,50.833,48.896,,
45218,50.172,50.833,,
45219,51.112,50.172,,
45222,51.276,51.112,,
45223,49.264,51.276,,
45224,49.924,49.264,,
45225,50.809,49.924,,
45226,50.532,50.809,,
45229,50.547,50.532,,
45230,48.006,50.547,,
45231,47.757,48.006,,
45232,48.564,47.757,,
45233,48.057,48.564,,
45236,44.832,48.057,,
45237,46.057,44.832,,
45238,45.777,46.057,,
45239,48.129,45.777,,
45240,46.632,48.129,,
45243,47.873,46.632,,
45244,47.608,47.873,,
45245,47.037,47.608,,
45246,45.849,47.037,,
45247,45.064,45.849,,
45250,45.821,45.064,,
45251,44.065,45.821,,
45252,44.616,44.065,,
45253,46.834,44.616,,
45254,46.657,46.834,,
45257,43.984,46.657,,
45258,42.774,43.984,,
45259,40.36,42.774,,
45260,42.091,40.36,,
45261,43.496,42.091,,
45264,40.104,43.496,,
45265,38.133,40.104,,
45266,39.313,38.133,,
45267,39.968,39.313,,
45268,38.598,39.968,,
45271,36.118,38.598,,
45272,34.703,36.118,,
45273,35.812,34.703,,
45274,34.85,35.812,,
45275,33.189,34.85,,
45278,35.522,33.189,,
45279,32.568,35.522,,
45280,33.521,32.568,,
45281,34.203,33.521,,
45282,34.174,34.203,,
45287,35.513,34.174,,
45288,33.105,35.513,,
45289,32.35,33.105,,
45293,30.572,32.35,,
45294,32.795,30.572,,
45295,33.41,32.795,,
45296,34.551,33.41,,
45299,31.58,34.551,,
45300,30.641,31.58,,
45301,30.942,30.641,,
45302,30.817,30.942,,
45303,31.991,30.817,,
45306,29.923,31.991,,
45307,29.656,29.923,,
45308,27.708,29.656,,
45309,27.893,27.708,,
45310,28.429,27.893,,
45313,27.264,28.429,,
45314,27.227,27.264,,
45315,28.929,27.227,,
45316,27.784,28.929,,
45317,28.079,27.784,,
45320,28.174,28.079,,
45321,29.391,28.174,,
45322,30.235,29.391,,
45323,28.991,30.235,,
45324,29.304,28.991,,
45327,28.341,29.304,,
45328,28.607,28.341,,
45329,28.186,28.607,,
45330,27.812,28.186,,
45331,27.117,27.812,,
45334,25.729,27.117,,
45335,25.436,25.729,,
45336,24.857,25.436,,
45337,24.966,24.857,,
45338,24.822,24.966,,
45341,23.704,24.822,,
45342,24.168,23.704,,
45343,23.977,24.168,,
45344,23.193,23.977,,
45345,22.934,23.193,,
45348,24.009,22.934,,
45349,24.392,24.009,,
45350,25.619,24.392,,
45351,24.865,25.619,,
45352,25.809,24.865,,
45355,26.885,25.809,,
45356,27.468,26.885,,
45357,26.572,27.468,,
45358,25.992,26.572,,
45359,26.392,25.992,,
45362,24.93,26.392,,
45363,24.775,24.93,,
45364,24.903,24.775,,
45365,26.049,24.903,,
45366,27.026,26.049,,
45369,28.822,27.026,,
45370,28.866,28.822,,
45371,27.742,28.866,,
45372,26.402,27.742,,
45373,27.776,26.402,,
45376,28.489,27.776,,
45377,27.132,28.489,,
45378,27.687,27.132,,
45379,27.34,27.687,,
45384,26.203,27.34,,
45385,25.563,26.203,,
45386,26.206,25.563,,
45387,26.606,26.206,,
45390,27.908,26.606,,
45391,27.351,27.908,,
45392,27.1,27.351,,
45393,29.377,27.1,,
45394,30.732,29.377,,
45397,31.143,30.732,,
45398,33.139,31.143,,
45399,31.289,33.139,,
45400,32.309,31.289,,
45401,30.758,32.309,,
45404,29.31,30.758,,
45405,28.417,29.31,,
45406,29.018,28.417,,
45407,29.771,29.018,,
45408,28.886,29.771,,
45411,27.994,28.886,,
45412,29.118,27.994,,
45413,28.73,29.118,,
45414,30.913,28.73,,
45415,30.528,30.913,,
45418,31.801,30.528,,
45419,31.067,31.801,,
45420,30.609,31.067,,
45421,30.865,30.609,,
45422,30.029,30.865,,
45425,29.578,30.029,,
45426,29.669,29.578,,
45427,29.734,29.669,,
45428,30.248,29.734,,
45429,30.769,30.248,,
45432,31.768,30.769,,
45433,33.004,31.768,,
45434,34.389,33.004,,
45435,35.228,34.389,,
45436,34.115,35.228,,
45439,35.243,34.115,,
45440,33.534,35.243,,
45441,33.879,33.534,,
45442,35.192,33.879,,
45443,34.223,35.192,,
45446,36.014,34.223,,
45447,33.797,36.014,,
45448,33.355,33.797,,
45449,33.686,33.355,,
45450,33.109,33.686,,
45453,34.258,33.109,,
45454,34.285,34.258,,
45455,35.294,34.285,,
45456,35.724,35.294,,
45457,35.36,35.724,,
45460,34.21,35.36,,
45461,34.7,34.21,,
45462,35.338,34.7,,
45463,34.464,35.338,,
45464,33.936,34.464,,
45467,34.08,33.936,,
45468,34.853,34.08,,
45469,33.824,34.853,,
45470,34.565,33.824,,
45471,34.48,34.565,,
45474,33.485,34.48,,
45475,33.685,33.485,,
45476,32.691,33.685,,
45477,33.246,32.691,,
45478,33.067,33.246,,
45481,32.286,33.067,,
45482,31.335,32.286,,
45483,30.784,31.335,,
45484,31.112,30.784,,
45485,31.719,31.112,,
45488,31.371,31.719,,
45489,32.797,31.371,,
45490,31.893,32.797,,
45491,32.674,31.893,,
45492,32.17,32.674,,
45495,31.839,32.17,,
45496,31.622,31.839,,
45497,32.621,31.622,,
45498,31.779,32.621,,
45499,32.475,31.779,,
45502,33.873,32.475,,
45503,34.361,33.873,,
45504,35.868,34.361,,
45505,36.969,35.868,,
45506,36.649,36.969,,
45509,35.498,36.649,,
45510,36.676,35.498,,
45511,38.451,36.676,,
45512,40.095,38.451,,
45513,40.396,40.095,,
45516,39.658,40.396,,
45517,39.48,39.658,,
45518,38.967,39.48,,
45519,39.601,38.967,,
45520,39.644,39.601,,
45523,39.845,39.644,,
45524,37.957,39.845,,
45525,37.01,37.957,,
45526,36.587,37.01,,
45527,36.863,36.587,,
45530,37.656,36.863,,
45531,38.689,37.656,,
45532,38.52,38.689,,
45533,38.601,38.52,,
45534,39.823,38.601,,
45537,38.58,39.823,,
45538,37.193,38.58,,
45539,35.798,37.193,,
45540,36.195,35.798,,
45541,36.479,36.195,,
45544,37.333,36.479,,
45545,35.282,37.333,,
45546,36.142,35.282,,
45547,35.191,36.142,,
45548,35.648,35.191,,
45551,34.081,35.648,,
45552,35.547,34.081,,
45553,35.245,35.547,,
45554,33.083,35.245,,
45555,34.444,33.083,,
45558,36.211,34.444,,
45559,35.413,36.211,,
45560,37.319,35.413,,
45561,37.89,37.319,,
45562,38.114,37.89,,
45565,39.044,38.114,,
45566,39.273,39.044,,
45567,38.617,39.273,,
45568,39.912,38.617,,
45569,40.98,39.912,,
45572,40.244,40.98,,
45573,38.919,40.244,,
45574,38.341,38.919,,
45575,40.293,38.341,,
45576,39.879,40.293,,
45579,40.559,39.879,,
45580,39.973,40.559,,
45581,39.241,39.973,,
45582,39.65,39.241,,
45583,39.204,39.65,,
45586,40.024,39.204,,
45587,40.704,40.024,,
45588,41.38,40.704,,
45589,42.154,41.38,,
45590,43.513,42.154,,
45593,42.519,43.513,,
45594,42.869,42.519,,
45595,40.903,42.869,,
45596,40.588,40.903,,
45597,39.175,40.588,,
45600,40.301,39.175,,
45601,40.492,40.301,,
45602,40.388,40.492,,
45603,41.276,40.388,,
45604,42.409,41.276,,
45607,43.728,42.409,,
45608,44.255,43.728,,
45609,43.666,44.255,,
45610,46.224,43.666,,
45611,46.551,46.224,,
45614,46.9,46.551,,
45615,45.668,46.9,,
45616,46.796,45.668,,
45617,48.303,46.796,,
45618,47.018,48.303,,
45621,47.733,47.018,,
45622,47.216,47.733,,
45623,46.762,47.216,,
45624,46.26,46.762,,
45625,47.811,46.26,,
45628,48.655,47.811,,
45629,48.557,48.655,,
45630,47.046,48.557,,
45631,46.551,47.046,,
45632,46.48,46.551,,
45635,44.855,46.48,,
45636,45.552,44.855,,
45637,44.694,45.552,,
45638,42.804,44.694,,
45639,41.215,42.804,,
45642,40.277,41.215,,
45643,42.065,40.277,,
45644,41.007,42.065,,
45645,43.078,41.007,,
45646,44.13,43.078,,
45649,45.545,44.13,,
45650,45.731,45.545,,
45652,45.731,#N/A N/A,,
45653,47.731,45.731,,
45656,47.633,47.731,,
45657,48.889,47.633,,
45659,50.273,48.889,,
45660,49.622,50.273,,
45663,47.326,49.622,,
45664,47.474,47.326,,
45665,45.559,47.474,,
45666,44.987,45.559,,
45667,45.008,44.987,,
45670,48.261,45.008,,
45671,46.947,48.261,,
45672,47.006,46.947,,
45673,46.241,47.006,,
45674,46.887,46.241,,
45677,47.853,46.887,,
45678,50.027,47.853,,
45679,48.716,50.027,,
45680,49.123,48.716,,
45681,49.702,49.123,,
45684,47.862,49.702,,
45685,48.224,47.862,,
45686,51.156,48.224,,
45687,51.726,51.156,,
45688,53.237,51.726,,
45691,53.794,53.237,,
45692,52.048,53.794,,
45693,53.438,52.048,,
45694,54.502,53.438,,
45695,55.723,54.502,,
45698,58.039,55.723,,
45699,57.766,58.039,,
45700,55.661,57.766,,
45701,51.383,55.661,,
45702,50.685,51.383,,
45705,48.136,50.685,,
45706,49.215,48.136,,
45707,48.264,49.215,,
45708,47.494,48.264,,
45709,47.195,47.494,,
45712,47.144,47.195,,
45713,44.291,47.144,,
45714,41.336,44.291,,
45715,44.93,41.336,,
45716,44.32,44.93,,
45719,45.213,44.32,,
45720,43.464,45.213,,
45721,41.508,43.464,,
45722,38.24,41.508,,
45723,39.971,38.24,,
45726,41.232,39.971,,
45727,42.71,41.232,,
45728,42.254,42.71,,
45729,42.076,42.254,,
45730,42.29,42.076,,
45733,41.248,42.29,,
45734,40.755,41.248,,
45735,43.355,40.755,,
45736,42.855,43.355,,
45737,42.605,42.855,,
45740,42.748,42.605,,
45741,41.555,42.748,,
45742,40.87,41.555,,
45743,41.202,40.87,,
45744,40.587,41.202,,
45747,40.667,40.587,,
45748,42.45,40.667,,
45749,41.263,42.45,,
45750,39.203,41.263,,
45751,36.401,39.203,,
45754,37,36.401,,
45755,36.231,37,,
45756,33.666,36.231,,
45757,33.293,33.666,,
45758,33.463,33.293,,
45761,34.499,33.463,,
45762,34.407,34.499,,
45763,35.312,34.407,,
45764,35.657,35.312,,
45769,34.244,35.657,,
45770,34.16,34.244,,
45771,33.574,34.16,,
45772,32.432,33.574,,
45775,32.398,32.432,,
45776,31.856,32.398,,
45777,32.317,31.856,,
45778,32.149,32.317,,
45779,33.078,32.149,,
45782,32.93,33.078,,
45783,34.743,32.93,,
45784,34.531,34.743,,
45785,35.341,34.531,,
45786,34.618,35.341,,
45789,35.39,34.618,,
45790,35.744,35.39,,
45791,35.048,35.744,,
45792,35.294,35.048,,
45793,35.156,35.294,,
45796,35.225,35.156,,
45797,36.979,35.225,,
45798,36.621,36.979,,
45799,36.356,36.621,,
45800,36.45,36.356,,
45803,37.253,36.45,,
45804,37.006,37.253,,
45805,36.687,37.006,,
45806,35.158,36.687,,
45807,34.228,35.158,,
45810,35.015,34.228,,
45811,35.848,35.015,,
45812,35.65,35.848,,
45813,36.393,35.65,,
45814,36.251,36.393,,
45817,35.605,36.251,,
45818,34.638,35.605,,
45819,35.913,34.638,,
45820,36.177,35.913,,
45821,37.894,36.177,,
45824,37.906,37.894,,
45825,39.309,37.906,,
45826,38.693,39.309,,
45827,41.628,38.693,,
45828,40.929,41.628,,
45831,40.522,40.929,,
45832,35.615,40.522,,
45833,35.401,35.615,,
45834,34.024,35.401,,
45835,33.087,34.024,,
45838,32.898,33.087,,
45839,33.693,32.898,,
45840,33.591,33.693,,
45841,33.621,33.591,,
45842,33.469,33.621,,
45845,33.621,33.469,,
45846,34.219,33.621,,
45847,34.304,34.219,,
45848,35.17,34.304,,
45849,35.561,35.17,,
45852,35.454,35.561,,
45853,34.445,35.454,,
45854,34.809,34.445,,
45855,34.407,34.809,,
45856,33.595,34.407,,
45859,33.159,33.595,,
45860,33.111,33.159,,
45861,32.69,33.111,,
45862,32.358,32.69,,
45863,32.499,32.358,,
45866,32.899,32.499,,
45867,34.103,32.899,,
45868,34.537,34.103,,
45869,35.279,34.537,,
45870,33.972,35.279,,
45873,34.283,33.972,,
45874,34.406,34.283,,
45875,33.257,34.406,,
45876,32.951,33.257,,
45877,32.446,32.951,,
45880,32.999,32.446,,
45881,32.409,32.999,,
45882,32.6,32.409,,
45883,32.141,32.6,,
45884,31.031,32.141,,
45887,31.272,31.031,,
45888,31.227,31.272,,
45889,31.906,31.227,,
45890,33.175,31.906,,
45891,33.573,33.175,,
45894,33.774,33.573,,
45895,33.46,33.774,,
45896,32.551,33.46,,
45897,31.559,32.551,,
45898,31.622,31.559,,
45901,32.061,31.622,,
45902,31.772,32.061,,
45903,32.112,31.772,,
45904,32.412,32.112,,
45905,31.969,32.412,,
45908,33.064,31.969,,
45909,32.931,33.064,,
45910,33.122,32.931,,
45911,32.323,33.122,,
45912,32.662,32.323,,
45915,32.154,32.662,,
45916,32.329,32.154,,
45917,32.401,32.329,,
45918,32.952,32.401,,
45919,32.308,32.952,,
45922,31.844,32.308,,
45923,32.265,31.844,,
45924,31.903,32.265,,
45925,32.456,31.903,,
45926,32.697,32.456,,
45929,32.06,32.697,,
45930,31.411,32.06,,
45931,31.335,31.411,,
45932,31.455,31.335,,
45933,31.438,31.455,,
45936,33.116,31.438,,
45937,33.246,33.116,,
45938,32.7,33.246,,
45939,32.363,32.7,,
45940,32.17,32.363,,
45943,31.475,32.17,,
45944,31.801,31.475,,
45945,31.826,31.801,,
45946,32.378,31.826,,
45947,31.816,32.378,,
45950,31.739,31.816,,
45951,32.2,31.739,,
45952,31.768,32.2,,
45953,32.454,31.768,,
45954,32.016,32.454,,
45957,31.4,32.016,,
45958,31.494,31.4,,
45959,31.869,31.494,,
45960,31.048,31.869,,
45961,31.122,31.048,,
45964,31.741,31.122,,
45965,32.551,31.741,,
45966,31.819,32.551,,
45967,31.548,31.819,,
45968,31.201,31.548,,
45971,31.071,31.201,,
45972,31.102,31.071,,
45973,30.933,31.102,,
45974,30.458,30.933,,
45975,31.25,30.458,,
45978,31.418,31.25,,
45979,31.694,31.418,,
45980,30.94,31.694,,
45981,31.159,30.94,,
45982,30.198,31.159,,
45985,29.747,30.198,,
45986,29.386,29.747,,
45987,29.368,29.386,,
45988,29.021,29.368,,
45989,28.817,29.021,,
45992,28.227,28.817,,
45993,28.05,28.227,,
45994,28.206,28.05,,
45995,27.088,28.206,,
45996,27.266,27.088,,
45999,26.871,27.266,,
46000,27.489,26.871,,
46001,26.602,27.489,,
46002,26.805,26.602,,
46003,27.684,26.805,,
46006,27.425,27.684,,
46007,26.764,27.425,,
46008,27.357,26.764,,
46009,27.652,27.357,,
46010,28.161,27.652,,
46013,27.687,28.161,,
46014,27.732,27.687,,
46015,28.095,27.732,,
46017,28.095,#N/A N/A,,
46020,28.534,28.095,,
46021,27.766,28.534,,
46022,28.161,27.766,,
46024,29.004,28.161,,
46027,27.399,29.004,,
46028,28.072,27.399,,
46029,28.777,28.072,,
46030,27.699,28.777,,
46031,28.374,27.699,,
46034,30.246,28.374,,
46035,31.473,30.246,,
46036,31.813,31.473,,
46037,33.158,31.813,,
46038,36.879,33.158,,
46041,35.395,36.879,,
46042,35.887,35.395,,
46043,39.208,35.887,,
46044,38.079,39.208,,
46045,40.039,38.079,,
46048,39.112,40.039,,
46049,38.761,39.112,,
46050,38.861,38.761,,
46051,40.113,38.861,,
46052,39.285,40.113,,
46055,33.945,39.285,,
46056,32.86,33.945,,
46057,33.501,32.86,,
46058,33.735,33.501,,
46059,35.694,33.735,,
46062,33.496,35.694,,
46063,31.846,33.496,,
46064,32.167,31.846,,
46065,32.994,32.167,,
46066,32.5,32.994,,
46069,30.903,32.5,,
46070,29.822,30.903,,
46071,31.481,29.822,,
46072,33.523,31.481,,
46073,32.029,33.523,,
46076,31.834,32.029,,
46077,30.891,31.834,,
46078,31.05,30.891,,
46079,32.224,31.05,,
46080,31.959,32.224,,
46083,44.506,31.959,,
46084,54.29,44.506,,
46085,48.767,54.29,,
46086,50.731,48.767,,
46087,53.385,50.731,,
46090,56.453,53.385,,
46091,47.393,56.453,,
46092,49.989,47.393,,
46093,50.87,49.989,,
46094,50.115,50.87,,
46097,50.887,50.115,,
46098,51.559,50.887,,
46099,54.662,51.559,,
46100,61.852,54.662,,
46101,59.255,61.852,,
46104,56.683,59.255,,
46105,54.041,56.683,,
46106,52.816,54.041,,
46107,55.218,52.816,,
46108,54.177,55.218,,
46111,54.814,54.177,,
46112,50.757,54.814,,
46113,47.51,50.757,,
46114,50.044,47.51,,
46118,50.044,#N/A N/A,,
46119,53.247,50.044,,
46120,45.301,53.247,,
46121,46.175,45.301,,
46122,43.638,46.175,,
46125,46.413,43.638,,
46126,43.365,46.413,,
46127,41.399,43.365,,
46128,42.422,41.399,,
46129,38.769,42.422,,
46132,40.292,38.769,,
46133,41.931,40.292,,
46134,43.552,41.931,,
46135,44.496,43.552,,
46136,44.861,44.496,,
46139,44.646,44.861,,
46140,43.594,44.646,,
46141,46.853,43.594,,
46142,45.987,46.853,,
46143,45.766,45.987,,
46146,48.143,45.766,,
46147,46.926,48.143,,