GC1 Comdty,,,,
40182,1118.3,1096.2,,
40183,1118.7,1118.3,,
40184,1136.5,1118.7,,
40185,1133.7,1136.5,,
40186,1138.9,1133.7,,
40189,1151.4,1138.9,,
40190,1129.4,1151.4,,
40191,1136.8,1129.4,,
40192,1143,1136.8,,
40193,1130.5,1143,,
40197,1140,1130.5,,
40198,1112.6,1140,,
40199,1103.2,1112.6,,
40200,1089.7,1103.2,,
40203,1095.7,1089.7,,
40204,1098.3,1095.7,,
40205,1084.5,1098.3,,
40206,1083.6,1084.5,,
40207,1083,1083.6,,
40210,1104.3,1083,,
40211,1117.4,1104.3,,
40212,1111.4,1117.4,,
40213,1062.4,1111.4,,
40214,1052.2,1062.4,,
40217,1065.7,1052.2,,
40218,1076.7,1065.7,,
40219,1075.8,1076.7,,
40220,1094.2,1075.8,,
40221,1089.5,1094.2,,
40225,1119.3,1089.5,,
40226,1119.5,1119.3,,
40227,1118,1119.5,,
40228,1121.3,1118,,
40231,1112.6,1121.3,,
40232,1102.7,1112.6,,
40233,1096.5,1102.7,,
40234,1108.5,1096.5,,
40235,1118.9,1108.5,,
40238,1118.3,1118.9,,
40239,1137.4,1118.3,,
40240,1143.3,1137.4,,
40241,1133.1,1143.3,,
40242,1135.2,1133.1,,
40245,1124,1135.2,,
40246,1122.3,1124,,
40247,1108.1,1122.3,,
40248,1108.2,1108.1,,
40249,1101.7,1108.2,,
40252,1105.4,1101.7,,
40253,1122.5,1105.4,,
40254,1124.2,1122.5,,
40255,1127.5,1124.2,,
40256,1107.6,1127.5,,
40259,1099.5,1107.6,,
40260,1103.7,1099.5,,
40261,1088.8,1103.7,,
40262,1092.9,1088.8,,
40263,1104.3,1092.9,,
40266,1110.3,1104.3,,
40267,1104.5,1110.3,,
40268,1113.3,1104.5,,
40269,1125.1,1113.3,,
40273,1132.9,1125.1,,
40274,1135.1,1132.9,,
40275,1152.3,1135.1,,
40276,1152.2,1152.3,,
40277,1161.1,1152.2,,
40280,1161.6,1161.1,,
40281,1152.8,1161.6,,
40282,1159,1152.8,,
40283,1159.7,1159,,
40284,1136.3,1159.7,,
40287,1135.2,1136.3,,
40288,1138.6,1135.2,,
40289,1148.2,1138.6,,
40290,1142.3,1148.2,,
40291,1153.1,1142.3,,
40294,1153.5,1153.1,,
40295,1161.7,1153.5,,
40296,1171.3,1161.7,,
40297,1168.8,1171.3,,
40298,1180.7,1168.8,,
40301,1183.3,1180.7,,
40302,1169.2,1183.3,,
40303,1175,1169.2,,
40304,1197.3,1175,,
40305,1210.4,1197.3,,
40308,1200.8,1210.4,,
40309,1220.3,1200.8,,
40310,1243.1,1220.3,,
40311,1229.2,1243.1,,
40312,1227.8,1229.2,,
40315,1228.1,1227.8,,
40316,1214.6,1228.1,,
40317,1193.1,1214.6,,
40318,1188.6,1193.1,,
40319,1176.1,1188.6,,
40322,1194,1176.1,,
40323,1198,1194,,
40324,1213.4,1198,,
40325,1211.9,1213.4,,
40326,1212.2,1211.9,,
40330,1224.8,1212.2,,
40331,1220.6,1224.8,,
40332,1208.3,1220.6,,
40333,1216.2,1208.3,,
40336,1239.3,1216.2,,
40337,1244,1239.3,,
40338,1228.5,1244,,
40339,1220.8,1228.5,,
40340,1228.9,1220.8,,
40343,1223.3,1228.9,,
40344,1233.2,1223.3,,
40345,1229.3,1233.2,,
40346,1247.5,1229.3,,
40347,1257.2,1247.5,,
40350,1239.7,1257.2,,
40351,1239.9,1239.7,,
40352,1234.1,1239.9,,
40353,1245.5,1234.1,,
40354,1255.8,1245.5,,
40357,1238.2,1255.8,,
40358,1242.4,1238.2,,
40359,1245.9,1242.4,,
40360,1206.7,1245.9,,
40361,1207.7,1206.7,,
40365,1195.1,1207.7,,
40366,1198.9,1195.1,,
40367,1196.1,1198.9,,
40368,1209.8,1196.1,,
40371,1198.7,1209.8,,
40372,1213.5,1198.7,,
40373,1207,1213.5,,
40374,1208.3,1207,,
40375,1188.2,1208.3,,
40378,1181.9,1188.2,,
40379,1191.7,1181.9,,
40380,1191.8,1191.7,,
40381,1195.6,1191.8,,
40382,1187.8,1195.6,,
40385,1183.1,1187.8,,
40386,1158,1183.1,,
40387,1160.4,1158,,
40388,1168.4,1160.4,,
40389,1181.7,1168.4,,
40392,1183.4,1181.7,,
40393,1185.2,1183.4,,
40394,1193.7,1185.2,,
40395,1197.2,1193.7,,
40396,1203.4,1197.2,,
40399,1200.7,1203.4,,
40400,1196.2,1200.7,,
40401,1197.5,1196.2,,
40402,1214.8,1197.5,,
40403,1214.9,1214.8,,
40406,1224.5,1214.9,,
40407,1226.6,1224.5,,
40408,1229.7,1226.6,,
40409,1233.8,1229.7,,
40410,1227.2,1233.8,,
40413,1226.9,1227.2,,
40414,1231.8,1226.9,,
40415,1239.5,1231.8,,
40416,1235.4,1239.5,,
40417,1236,1235.4,,
40420,1238,1236,,
40421,1249,1238,,
40422,1246.8,1249,,
40423,1252.1,1246.8,,
40424,1249.8,1252.1,,
40428,1257.9,1249.8,,
40429,1256.1,1257.9,,
40430,1249.4,1256.1,,
40431,1245,1249.4,,
40434,1245.6,1245,,
40435,1270.2,1245.6,,
40436,1267.1,1270.2,,
40437,1272.2,1267.1,,
40438,1275.9,1272.2,,
40441,1279.3,1275.9,,
40442,1272.7,1279.3,,
40443,1290.5,1272.7,,
40444,1294.6,1290.5,,
40445,1296.3,1294.6,,
40448,1296.9,1296.3,,
40449,1306.6,1296.9,,
40450,1308.5,1306.6,,
40451,1307.8,1308.5,,
40452,1316.1,1307.8,,
40455,1315.4,1316.1,,
40456,1338.9,1315.4,,
40457,1346.4,1338.9,,
40458,1333.9,1346.4,,
40459,1344.2,1333.9,,
40462,1353.3,1344.2,,
40463,1345.7,1353.3,,
40464,1369.5,1345.7,,
40465,1376.7,1369.5,,
40466,1371.1,1376.7,,
40469,1371.2,1371.1,,
40470,1335.1,1371.2,,
40471,1343.3,1335.1,,
40472,1324.7,1343.3,,
40473,1324.4,1324.7,,
40476,1338.3,1324.4,,
40477,1338,1338.3,,
40478,1322.2,1338,,
40479,1342.5,1322.2,,
40480,1357.6,1342.5,,
40483,1350.6,1357.6,,
40484,1356.9,1350.6,,
40485,1337.6,1356.9,,
40486,1383.1,1337.6,,
40487,1397.7,1383.1,,
40490,1403.2,1397.7,,
40491,1410.1,1403.2,,
40492,1399.3,1410.1,,
40493,1403.3,1399.3,,
40494,1365.5,1403.3,,
40497,1368.5,1365.5,,
40498,1338.4,1368.5,,
40499,1336.9,1338.4,,
40500,1353,1336.9,,
40501,1352.3,1353,,
40504,1357.8,1352.3,,
40505,1377.6,1357.8,,
40506,1373,1377.6,,
40508,1362.4,1373,,
40511,1366,1362.4,,
40512,1385,1366,,
40513,1387.3,1385,,
40514,1388.5,1387.3,,
40515,1405.4,1388.5,,
40518,1415.3,1405.4,,
40519,1408.3,1415.3,,
40520,1382.5,1408.3,,
40521,1392.1,1382.5,,
40522,1384.3,1392.1,,
40525,1397.3,1384.3,,
40526,1403.6,1397.3,,
40527,1385.5,1403.6,,
40528,1370.4,1385.5,,
40529,1378.6,1370.4,,
40532,1385.5,1378.6,,
40533,1388.2,1385.5,,
40534,1386.8,1388.2,,
40535,1380,1386.8,,
40539,1382.4,1380,,
40540,1405.2,1382.4,,
40541,1413.1,1405.2,,
40542,1405.9,1413.1,,
40543,1421.4,1405.9,,
40546,1422.9,1421.4,,
40547,1378.8,1422.9,,
40548,1373.7,1378.8,,
40549,1371.7,1373.7,,
40550,1368.9,1371.7,,
40553,1374.1,1368.9,,
40554,1384.3,1374.1,,
40555,1385.8,1384.3,,
40556,1387,1385.8,,
40557,1360.5,1387,,
40561,1368.2,1360.5,,
40562,1370.2,1368.2,,
40563,1346.5,1370.2,,
40564,1341,1346.5,,
40567,1344.5,1341,,
40568,1332.3,1344.5,,
40569,1333,1332.3,,
40570,1318.4,1333,,
40571,1340.7,1318.4,,
40574,1333.8,1340.7,,
40575,1339.6,1333.8,,
40576,1331.5,1339.6,,
40577,1352.3,1331.5,,
40578,1348.3,1352.3,,
40581,1347.6,1348.3,,
40582,1363.4,1347.6,,
40583,1364.8,1363.4,,
40584,1361.9,1364.8,,
40585,1359.9,1361.9,,
40588,1364.6,1359.9,,
40589,1373.6,1364.6,,
40590,1374.7,1373.6,,
40591,1384.7,1374.7,,
40592,1388.2,1384.7,,
40596,1400.5,1388.2,,
40597,1413.4,1400.5,,
40598,1415.3,1413.4,,
40599,1409.3,1415.3,,
40602,1409.9,1409.3,,
40603,1431.2,1409.9,,
40604,1437.7,1431.2,,
40605,1416.4,1437.7,,
40606,1428.6,1416.4,,
40609,1434.5,1428.6,,
40610,1427.2,1434.5,,
40611,1429.6,1427.2,,
40612,1412.5,1429.6,,
40613,1421.8,1412.5,,
40616,1424.9,1421.8,,
40617,1392.8,1424.9,,
40618,1396.1,1392.8,,
40619,1404.2,1396.1,,
40620,1416.1,1404.2,,
40623,1426.4,1416.1,,
40624,1427.6,1426.4,,
40625,1438,1427.6,,
40626,1434.9,1438,,
40627,1426.2,1434.9,,
40630,1419.9,1426.2,,
40631,1416.2,1419.9,,
40632,1423.8,1416.2,,
40633,1438.9,1423.8,,
40634,1428.1,1438.9,,
40637,1432.2,1428.1,,
40638,1451.8,1432.2,,
40639,1457.7,1451.8,,
40640,1458.5,1457.7,,
40641,1473.4,1458.5,,
40644,1467.4,1473.4,,
40645,1452.9,1467.4,,
40646,1454.9,1452.9,,
40647,1471.7,1454.9,,
40648,1485.3,1471.7,,
40651,1492.3,1485.3,,
40652,1494.5,1492.3,,
40653,1498.3,1494.5,,
40654,1503.2,1498.3,,
40658,1508.6,1503.2,,
40659,1503,1508.6,,
40660,1516.7,1503,,
40661,1531.2,1516.7,,
40662,1556.4,1531.2,,
40665,1557.1,1556.4,,
40666,1540.4,1557.1,,
40667,1515.3,1540.4,,
40668,1481.4,1515.3,,
40669,1491.6,1481.4,,
40672,1503.2,1491.6,,
40673,1516.9,1503.2,,
40674,1501.4,1516.9,,
40675,1506.8,1501.4,,
40676,1493.6,1506.8,,
40679,1490.6,1493.6,,
40680,1480,1490.6,,
40681,1495.8,1480,,
40682,1492.4,1495.8,,
40683,1508.9,1492.4,,
40686,1515.4,1508.9,,
40687,1523.3,1515.4,,
40688,1526.7,1523.3,,
40689,1522.8,1526.7,,
40690,1536.3,1522.8,,
40694,1535.9,1536.3,,
40695,1542.4,1535.9,,
40696,1532,1542.4,,
40697,1541.7,1532,,
40700,1546.5,1541.7,,
40701,1543.3,1546.5,,
40702,1538.1,1543.3,,
40703,1542.1,1538.1,,
40704,1528.6,1542.1,,
40707,1515,1528.6,,
40708,1523.8,1515,,
40709,1525.6,1523.8,,
40710,1529.3,1525.6,,
40711,1538.6,1529.3,,
40714,1541.5,1538.6,,
40715,1546,1541.5,,
40716,1552.9,1546,,
40717,1520.1,1552.9,,
40718,1500.5,1520.1,,
40721,1496,1500.5,,
40722,1499.7,1496,,
40723,1510.4,1499.7,,
40724,1502.8,1510.4,,
40725,1482.6,1502.8,,
40729,1512.7,1482.6,,
40730,1529.2,1512.7,,
40731,1530.6,1529.2,,
40732,1541.6,1530.6,,
40735,1549.2,1541.6,,
40736,1562.3,1549.2,,
40737,1585.5,1562.3,,
40738,1589.3,1585.5,,
40739,1590.1,1589.3,,
40742,1602.4,1590.1,,
40743,1601.1,1602.4,,
40744,1596.9,1601.1,,
40745,1587,1596.9,,
40746,1601.5,1587,,
40749,1612.2,1601.5,,
40750,1616.8,1612.2,,
40751,1615.1,1616.8,,
40752,1613.4,1615.1,,
40753,1628.3,1613.4,,
40756,1619,1628.3,,
40757,1641.9,1619,,
40758,1663.4,1641.9,,
40759,1656.2,1663.4,,
40760,1648.8,1656.2,,
40763,1710.2,1648.8,,
40764,1740,1710.2,,
40765,1781.3,1740,,
40766,1748.8,1781.3,,
40767,1740.2,1748.8,,
40770,1755.5,1740.2,,
40771,1782.4,1755.5,,
40772,1791.2,1782.4,,
40773,1818.9,1791.2,,
40774,1848.9,1818.9,,
40777,1888.7,1848.9,,
40778,1858.3,1888.7,,
40779,1754.1,1858.3,,
40780,1759.8,1754.1,,
40781,1794.1,1759.8,,
40784,1788.4,1794.1,,
40785,1827.5,1788.4,,
40786,1829.3,1827.5,,
40787,1826.7,1829.3,,
40788,1874.4,1826.7,,
40792,1870.6,1874.4,,
40793,1814.9,1870.6,,
40794,1855.2,1814.9,,
40795,1857.1,1855.2,,
40798,1810.6,1857.1,,
40799,1827.5,1810.6,,
40800,1824.2,1827.5,,
40801,1779.2,1824.2,,
40802,1812.5,1779.2,,
40805,1776.7,1812.5,,
40806,1806.9,1776.7,,
40807,1805.8,1806.9,,
40808,1739.4,1805.8,,
40809,1637.7,1739.4,,
40812,1592.7,1637.7,,
40813,1650.6,1592.7,,
40814,1616.1,1650.6,,
40815,1615.5,1616.1,,
40816,1620.4,1615.5,,
40819,1656,1620.4,,
40820,1614.7,1656,,
40821,1640.3,1614.7,,
40822,1651.9,1640.3,,
40823,1634.5,1651.9,,
40826,1669.6,1634.5,,
40827,1659.7,1669.6,,
40828,1681.3,1659.7,,
40829,1667.3,1681.3,,
40830,1681.8,1667.3,,
40833,1675.5,1681.8,,
40834,1651.7,1675.5,,
40835,1646,1651.7,,
40836,1611.9,1646,,
40837,1635.1,1611.9,,
40840,1651.5,1635.1,,
40841,1699.6,1651.5,,
40842,1722.7,1699.6,,
40843,1746.7,1722.7,,
40844,1747.2,1746.7,,
40847,1725.2,1747.2,,
40848,1711.8,1725.2,,
40849,1729.6,1711.8,,
40850,1765.1,1729.6,,
40851,1756.1,1765.1,,
40854,1791.1,1756.1,,
40855,1799.2,1791.1,,
40856,1791.6,1799.2,,
40857,1759.6,1791.6,,
40858,1788.1,1759.6,,
40861,1778.4,1788.1,,
40862,1782.2,1778.4,,
40863,1774.3,1782.2,,
40864,1720.2,1774.3,,
40865,1725.1,1720.2,,
40868,1678.6,1725.1,,
40869,1702.4,1678.6,,
40870,1695.9,1702.4,,
40872,1685.7,1695.9,,
40875,1710.8,1685.7,,
40876,1713.4,1710.8,,
40877,1745.5,1713.4,,
40878,1735.3,1745.5,,
40879,1747,1735.3,,
40882,1730.7,1747,,
40883,1727.9,1730.7,,
40884,1740.9,1727.9,,
40885,1709.8,1740.9,,
40886,1712.8,1709.8,,
40889,1664.2,1712.8,,
40890,1659.9,1664.2,,
40891,1584.3,1659.9,,
40892,1574.6,1584.3,,
40893,1595.6,1574.6,,
40896,1594.4,1595.6,,
40897,1615.6,1594.4,,
40898,1611.9,1615.6,,
40899,1608.9,1611.9,,
40900,1604.7,1608.9,,
40904,1594.2,1604.7,,
40905,1562.9,1594.2,,
40906,1540.9,1562.9,,
40907,1566.8,1540.9,,
40911,1600.5,1566.8,,
40912,1612.7,1600.5,,
40913,1620.1,1612.7,,
40914,1616.8,1620.1,,
40917,1608.1,1616.8,,
40918,1631.5,1608.1,,
40919,1639.6,1631.5,,
40920,1647.7,1639.6,,
40921,1630.8,1647.7,,
40925,1655.6,1630.8,,
40926,1659.9,1655.6,,
40927,1654.5,1659.9,,
40928,1664,1654.5,,
40931,1678.3,1664,,
40932,1664.5,1678.3,,
40933,1700.1,1664.5,,
40934,1726.7,1700.1,,
40935,1732.2,1726.7,,
40938,1731,1732.2,,
40939,1737.8,1731,,
40940,1747.1,1737.8,,
40941,1756.8,1747.1,,
40942,1737.9,1756.8,,
40945,1722.8,1737.9,,
40946,1746.4,1722.8,,
40947,1729.3,1746.4,,
40948,1739,1729.3,,
40949,1723.3,1739,,
40952,1723,1723.3,,
40953,1715.9,1723,,
40954,1726.3,1715.9,,
40955,1726.8,1726.3,,
40956,1724.5,1726.8,,
40960,1757.1,1724.5,,
40961,1770,1757.1,,
40962,1784.9,1770,,
40963,1775.1,1784.9,,
40966,1773.6,1775.1,,
40967,1788.4,1773.6,,
40968,1711.3,1788.4,,
40969,1722.2,1711.3,,
40970,1709.8,1722.2,,
40973,1703.9,1709.8,,
40974,1672.1,1703.9,,
40975,1683.9,1672.1,,
40976,1698.7,1683.9,,
40977,1711.5,1698.7,,
40980,1699.8,1711.5,,
40981,1694.2,1699.8,,
40982,1642.9,1694.2,,
40983,1659.5,1642.9,,
40984,1655.8,1659.5,,
40987,1667.3,1655.8,,
40988,1647,1667.3,,
40989,1650.3,1647,,
40990,1642.5,1650.3,,
40991,1662.4,1642.5,,
40994,1685.6,1662.4,,
40995,1684.9,1685.6,,
40996,1657.9,1684.9,,
40997,1652.2,1657.9,,
40998,1669.3,1652.2,,
41001,1677.5,1669.3,,
41002,1670,1677.5,,
41003,1612.3,1670,,
41004,1628.5,1612.3,,
41008,1642.5,1628.5,,
41009,1659.5,1642.5,,
41010,1659,1659.5,,
41011,1679.5,1659,,
41012,1659.1,1679.5,,
41015,1648.7,1659.1,,
41016,1650.3,1648.7,,
41017,1638.8,1650.3,,
41018,1640.6,1638.8,,
41019,1642.1,1640.6,,
41022,1631.9,1642.1,,
41023,1643,1631.9,,
41024,1641.4,1643,,
41025,1659.6,1641.4,,
41026,1664.8,1659.6,,
41029,1664.2,1664.8,,
41030,1662.4,1664.2,,
41031,1654,1662.4,,
41032,1634.8,1654,,
41033,1645.2,1634.8,,
41036,1639.1,1645.2,,
41037,1604.5,1639.1,,
41038,1594.2,1604.5,,
41039,1595.5,1594.2,,
41040,1584,1595.5,,
41043,1561,1584,,
41044,1557.1,1561,,
41045,1536.6,1557.1,,
41046,1574.9,1536.6,,
41047,1591.9,1574.9,,
41050,1588.7,1591.9,,
41051,1576.6,1588.7,,
41052,1548.4,1576.6,,
41053,1557.5,1548.4,,
41054,1568.9,1557.5,,
41058,1548.7,1568.9,,
41059,1563.4,1548.7,,
41060,1562.6,1563.4,,
41061,1620.5,1562.6,,
41064,1612.2,1620.5,,
41065,1615.2,1612.2,,
41066,1632.8,1615.2,,
41067,1586.6,1632.8,,
41068,1590.1,1586.6,,
41071,1595.5,1590.1,,
41072,1612.7,1595.5,,
41073,1618.1,1612.7,,
41074,1618.4,1618.1,,
41075,1627,1618.4,,
41078,1625.7,1627,,
41079,1622.2,1625.7,,
41080,1614.8,1622.2,,
41081,1564.5,1614.8,,
41082,1566,1564.5,,
41085,1587.5,1566,,
41086,1574,1587.5,,
41087,1577.5,1574,,
41088,1550.4,1577.5,,
41089,1604.2,1550.4,,
41092,1597.7,1604.2,,
41093,1621.8,1597.7,,
41095,1609.4,1621.8,,
41096,1578.9,1609.4,,
41099,1589.1,1578.9,,
41100,1579.8,1589.1,,
41101,1575.7,1579.8,,
41102,1565.3,1575.7,,
41103,1592,1565.3,,
41106,1591.6,1592,,
41107,1589.5,1591.6,,
41108,1570.8,1589.5,,
41109,1580.4,1570.8,,
41110,1582.8,1580.4,,
41113,1577.4,1582.8,,
41114,1576.2,1577.4,,
41115,1608.1,1576.2,,
41116,1615.1,1608.1,,
41117,1618,1615.1,,
41120,1619.7,1618,,
41121,1610.5,1619.7,,
41122,1603.7,1610.5,,
41123,1587.4,1603.7,,
41124,1606,1587.4,,
41127,1612.9,1606,,
41128,1609.7,1612.9,,
41129,1612.9,1609.7,,
41130,1617.1,1612.9,,
41131,1619.7,1617.1,,
41134,1609.6,1619.7,,
41135,1599.4,1609.6,,
41136,1603.7,1599.4,,
41137,1616.1,1603.7,,
41138,1616.3,1616.1,,
41141,1620.1,1616.3,,
41142,1639.9,1620.1,,
41143,1637.4,1639.9,,
41144,1669.6,1637.4,,
41145,1669.8,1669.6,,
41148,1672.4,1669.8,,
41149,1666.5,1672.4,,
41150,1659.8,1666.5,,
41151,1654.8,1659.8,,
41152,1685.3,1654.8,,
41156,1693.6,1685.3,,
41157,1691.6,1693.6,,
41158,1703.2,1691.6,,
41159,1738,1703.2,,
41162,1729.2,1738,,
41163,1732.3,1729.2,,
41164,1731.1,1732.3,,
41165,1769.5,1731.1,,
41166,1770.1,1769.5,,
41169,1768,1770.1,,
41170,1768.7,1768,,
41171,1769.3,1768.7,,
41172,1767.8,1769.3,,
41173,1775.6,1767.8,,
41176,1762.2,1775.6,,
41177,1763.9,1762.2,,
41178,1750.7,1763.9,,
41179,1777.6,1750.7,,
41180,1771.1,1777.6,,
41183,1780.5,1771.1,,
41184,1772.7,1780.5,,
41185,1777.3,1772.7,,
41186,1794.1,1777.3,,
41187,1778.6,1794.1,,
41190,1773.5,1778.6,,
41191,1763,1773.5,,
41192,1763.2,1763,,
41193,1768.8,1763.2,,
41194,1758,1768.8,,
41197,1736,1758,,
41198,1744.7,1736,,
41199,1751.5,1744.7,,
41200,1743.3,1751.5,,
41201,1722.8,1743.3,,
41204,1725.1,1722.8,,
41205,1708.3,1725.1,,
41206,1700.5,1708.3,,
41207,1712,1700.5,,
41208,1710.9,1712,,
41211,1707.7,1710.9,,
41212,1712.1,1707.7,,
41213,1719.1,1712.1,,
41214,1715.5,1719.1,,
41215,1675.2,1715.5,,
41218,1683.2,1675.2,,
41219,1715,1683.2,,
41220,1714,1715,,
41221,1726,1714,,
41222,1730.9,1726,,
41225,1730.9,1730.9,,
41226,1724.8,1730.9,,
41227,1730.1,1724.8,,
41228,1713.8,1730.1,,
41229,1714.7,1713.8,,
41232,1734.4,1714.7,,
41233,1723.6,1734.4,,
41234,1728.2,1723.6,,
41236,1751.4,1728.2,,
41239,1749.6,1751.4,,
41240,1742.3,1749.6,,
41241,1716.5,1742.3,,
41242,1727.2,1716.5,,
41243,1710.9,1727.2,,
41246,1719.6,1710.9,,
41247,1694.4,1719.6,,
41248,1692.4,1694.4,,
41249,1700.3,1692.4,,
41250,1704,1700.3,,
41253,1713,1704,,
41254,1708.2,1713,,
41255,1716.6,1708.2,,
41256,1695.6,1716.6,,
41257,1695.8,1695.6,,
41260,1697,1695.8,,
41261,1669.5,1697,,
41262,1666.5,1669.5,,
41263,1644.9,1666.5,,
41264,1659.1,1644.9,,
41267,1658.6,1659.1,,
41269,1659.8,1658.6,,
41270,1662.6,1659.8,,
41271,1655.9,1662.6,,
41274,1675.8,1655.9,,
41276,1688.8,1675.8,,
41277,1674.6,1688.8,,
41278,1648.9,1674.6,,
41281,1646.3,1648.9,,
41282,1662.2,1646.3,,
41283,1655.5,1662.2,,
41284,1678,1655.5,,
41285,1660.6,1678,,
41288,1669.4,1660.6,,
41289,1683.9,1669.4,,
41290,1683.2,1683.9,,
41291,1690.8,1683.2,,
41292,1687,1690.8,,
41296,1693.2,1687,,
41297,1686.7,1693.2,,
41298,1669.9,1686.7,,
41299,1656.6,1669.9,,
41302,1652.9,1656.6,,
41303,1660.8,1652.9,,
41304,1679.9,1660.8,,
41305,1660.6,1679.9,,
41306,1669.4,1660.6,,
41309,1675.3,1669.4,,
41310,1672.4,1675.3,,
41311,1677.7,1672.4,,
41312,1670.4,1677.7,,
41313,1666,1670.4,,
41316,1648.2,1666,,
41317,1648.7,1648.2,,
41318,1644.2,1648.7,,
41319,1634.7,1644.2,,
41320,1608.8,1634.7,,
41324,1603.6,1608.8,,
41325,1577.6,1603.6,,
41326,1578.2,1577.6,,
41327,1572.4,1578.2,,
41330,1586.2,1572.4,,
41331,1615.2,1586.2,,
41332,1595.7,1615.2,,
41333,1578.1,1595.7,,
41334,1572.3,1578.1,,
41337,1572.4,1572.3,,
41338,1574.9,1572.4,,
41339,1574.9,1574.9,,
41340,1575.1,1574.9,,
41341,1576.9,1575.1,,
41344,1578,1576.9,,
41345,1591.7,1578,,
41346,1588.4,1591.7,,
41347,1590.7,1588.4,,
41348,1592.6,1590.7,,
41351,1604.6,1592.6,,
41352,1611.3,1604.6,,
41353,1607.5,1611.3,,
41354,1613.8,1607.5,,
41355,1606.1,1613.8,,
41358,1604.5,1606.1,,
41359,1595.7,1604.5,,
41360,1606.2,1595.7,,
41361,1594.8,1606.2,,
41365,1600,1594.8,,
41366,1575.1,1600,,
41367,1552.8,1575.1,,
41368,1551.8,1552.8,,
41369,1575.4,1551.8,,
41372,1572,1575.4,,
41373,1586.2,1572,,
41374,1558.3,1586.2,,
41375,1564.3,1558.3,,
41376,1501,1564.3,,
41379,1360.6,1501,,
41380,1386.8,1360.6,,
41381,1382.2,1386.8,,
41382,1392,1382.2,,
41383,1395.3,1392,,
41386,1421,1395.3,,
41387,1408.6,1421,,
41388,1423.4,1408.6,,
41389,1461.8,1423.4,,
41390,1453.6,1461.8,,
41393,1467.4,1453.6,,
41394,1472.1,1467.4,,
41395,1446.2,1472.1,,
41396,1467.6,1446.2,,
41397,1464.2,1467.6,,
41400,1468,1464.2,,
41401,1448.8,1468,,
41402,1473.7,1448.8,,
41403,1468.6,1473.7,,
41404,1436.6,1468.6,,
41407,1434.3,1436.6,,
41408,1424.5,1434.3,,
41409,1396.2,1424.5,,
41410,1386.9,1396.2,,
41411,1364.7,1386.9,,
41414,1384.1,1364.7,,
41415,1377.6,1384.1,,
41416,1367.4,1377.6,,
41417,1391.8,1367.4,,
41418,1386.6,1391.8,,
41422,1378.9,1386.6,,
41423,1391.3,1378.9,,
41424,1411.5,1391.3,,
41425,1392.6,1411.5,,
41428,1411.7,1392.6,,
41429,1397.1,1411.7,,
41430,1398.4,1397.1,,
41431,1415.7,1398.4,,
41432,1383,1415.7,,
41435,1386.2,1383,,
41436,1377,1386.2,,
41437,1391.8,1377,,
41438,1377.6,1391.8,,
41439,1387.3,1377.6,,
41442,1382.8,1387.3,,
41443,1366.6,1382.8,,
41444,1373.6,1366.6,,
41445,1285.9,1373.6,,
41446,1291.6,1285.9,,
41449,1276.8,1291.6,,
41450,1274.8,1276.8,,
41451,1229.6,1274.8,,
41452,1211.6,1229.6,,
41453,1223.7,1211.6,,
41456,1255.7,1223.7,,
41457,1243.4,1255.7,,
41458,1251.9,1243.4,,
41460,1212.7,1251.9,,
41463,1234.9,1212.7,,
41464,1245.9,1234.9,,
41465,1247.4,1245.9,,
41466,1279.9,1247.4,,
41467,1277.6,1279.9,,
41470,1283.5,1277.6,,
41471,1290.4,1283.5,,
41472,1277.5,1290.4,,
41473,1284.2,1277.5,,
41474,1292.9,1284.2,,
41477,1336,1292.9,,
41478,1334.7,1336,,
41479,1319.5,1334.7,,
41480,1328.8,1319.5,,
41481,1321.5,1328.8,,
41484,1328.4,1321.5,,
41485,1324,1328.4,,
41486,1312.4,1324,,
41487,1311,1312.4,,
41488,1310.6,1311,,
41491,1302.6,1310.6,,
41492,1283.2,1302.6,,
41493,1286.1,1283.2,,
41494,1310.7,1286.1,,
41495,1312.9,1310.7,,
41498,1334.7,1312.9,,
41499,1321.2,1334.7,,
41500,1334,1321.2,,
41501,1361.6,1334,,
41502,1371.7,1361.6,,
41505,1366.2,1371.7,,
41506,1373.1,1366.2,,
41507,1370.6,1373.1,,
41508,1371.2,1370.6,,
41509,1395.7,1371.2,,
41512,1393,1395.7,,
41513,1420.6,1393,,
41514,1419,1420.6,,
41515,1412.6,1419,,
41516,1395.8,1412.6,,
41520,1411.7,1395.8,,
41521,1389.6,1411.7,,
41522,1372.6,1389.6,,
41523,1386.2,1372.6,,
41526,1386.4,1386.2,,
41527,1363.7,1386.4,,
41528,1363.5,1363.7,,
41529,1330.3,1363.5,,
41530,1308.4,1330.3,,
41533,1317.8,1308.4,,
41534,1309.4,1317.8,,
41535,1307.7,1309.4,,
41536,1369.5,1307.7,,
41537,1332.6,1369.5,,
41540,1327,1332.6,,
41541,1316,1327,,
41542,1335.9,1316,,
41543,1323.6,1335.9,,
41544,1338.4,1323.6,,
41547,1326.5,1338.4,,
41548,1286,1326.5,,
41549,1320.6,1286,,
41550,1317.4,1320.6,,
41551,1309.7,1317.4,,
41554,1324.8,1309.7,,
41555,1324.2,1324.8,,
41556,1306.9,1324.2,,
41557,1296.6,1306.9,,
41558,1268,1296.6,,
41561,1276.4,1268,,
41562,1273,1276.4,,
41563,1282,1273,,
41564,1322.7,1282,,
41565,1314.4,1322.7,,
41568,1315.7,1314.4,,
41569,1342.5,1315.7,,
41570,1333.9,1342.5,,
41571,1350.2,1333.9,,
41572,1352.4,1350.2,,
41575,1352,1352.4,,
41576,1345.2,1352,,
41577,1349.3,1345.2,,
41578,1323.7,1349.3,,
41579,1313.2,1323.7,,
41582,1314.7,1313.2,,
41583,1308.1,1314.7,,
41584,1317.8,1308.1,,
41585,1308.5,1317.8,,
41586,1284.6,1308.5,,
41589,1281.1,1284.6,,
41590,1271.2,1281.1,,
41591,1268.4,1271.2,,
41592,1286.3,1268.4,,
41593,1287.4,1286.3,,
41596,1272.3,1287.4,,
41597,1273.5,1272.3,,
41598,1258,1273.5,,
41599,1243.6,1258,,
41600,1244.1,1243.6,,
41603,1241.2,1244.1,,
41604,1241.4,1241.2,,
41605,1237.8,1241.4,,
41607,1250.6,1237.8,,
41610,1222.3,1250.6,,
41611,1221.7,1222.3,,
41612,1248.2,1221.7,,
41613,1233.2,1248.2,,
41614,1230.3,1233.2,,
41617,1235.3,1230.3,,
41618,1262.4,1235.3,,
41619,1258.5,1262.4,,
41620,1226,1258.5,,
41621,1235.7,1226,,
41624,1245.5,1235.7,,
41625,1231.2,1245.5,,
41626,1236.1,1231.2,,
41627,1195,1236.1,,
41628,1205.1,1195,,
41631,1198.4,1205.1,,
41632,1205.1,1198.4,,
41634,1214.1,1205.1,,
41635,1216.1,1214.1,,
41638,1203.8,1216.1,,
41639,1202.3,1203.8,,
41641,1225.2,1202.3,,
41642,1238.6,1225.2,,
41645,1238,1238.6,,
41646,1229.6,1238,,
41647,1225.5,1229.6,,
41648,1229.4,1225.5,,
41649,1246.9,1229.4,,
41652,1251.1,1246.9,,
41653,1245.4,1251.1,,
41654,1238.3,1245.4,,
41655,1240.2,1238.3,,
41656,1251.9,1240.2,,
41660,1241.8,1251.9,,
41661,1238.6,1241.8,,
41662,1262.3,1238.6,,
41663,1264.3,1262.3,,
41666,1263.4,1264.3,,
41667,1250.8,1263.4,,
41668,1262.2,1250.8,,
41669,1242.2,1262.2,,
41670,1240.1,1242.2,,
41673,1260.4,1240.1,,
41674,1251.7,1260.4,,
41675,1257.3,1251.7,,
41676,1257.6,1257.3,,
41677,1263.3,1257.6,,
41680,1274.8,1263.3,,
41681,1290.1,1274.8,,
41682,1295.3,1290.1,,
41683,1300.4,1295.3,,
41684,1319,1300.4,,
41688,1324.7,1319,,
41689,1320.6,1324.7,,
41690,1317.1,1320.6,,
41691,1323.9,1317.1,,
41694,1338.3,1323.9,,
41695,1343,1338.3,,
41696,1328.2,1343,,
41697,1331.8,1328.2,,
41698,1321.6,1331.8,,
41701,1350.3,1321.6,,
41702,1337.9,1350.3,,
41703,1340.3,1337.9,,
41704,1351.8,1340.3,,
41705,1338.2,1351.8,,
41708,1341.5,1338.2,,
41709,1346.7,1341.5,,
41710,1370.5,1346.7,,
41711,1372.4,1370.5,,
41712,1379,1372.4,,
41715,1372.9,1379,,
41716,1359,1372.9,,
41717,1341.3,1359,,
41718,1330.5,1341.3,,
41719,1336,1330.5,,
41722,1311.2,1336,,
41723,1311.4,1311.2,,
41724,1303.4,1311.4,,
41725,1294.7,1303.4,,
41726,1293.8,1294.7,,
41729,1283.4,1293.8,,
41730,1279.6,1283.4,,
41731,1290.5,1279.6,,
41732,1284.4,1290.5,,
41733,1303.2,1284.4,,
41736,1298,1303.2,,
41737,1308.7,1298,,
41738,1305.5,1308.7,,
41739,1320.1,1305.5,,
41740,1318.7,1320.1,,
41743,1327.2,1318.7,,
41744,1300,1327.2,,
41745,1303.1,1300,,
41746,1293.4,1303.1,,
41750,1288,1293.4,,
41751,1280.6,1288,,
41752,1284.2,1280.6,,
41753,1290.5,1284.2,,
41754,1300.7,1290.5,,
41757,1298.9,1300.7,,
41758,1296.3,1298.9,,
41759,1295.9,1296.3,,
41760,1283.4,1295.9,,
41761,1302.9,1283.4,,
41764,1309.3,1302.9,,
41765,1308.6,1309.3,,
41766,1288.9,1308.6,,
41767,1287.7,1288.9,,
41768,1287.6,1287.7,,
41771,1295.8,1287.6,,
41772,1294.8,1295.8,,
41773,1305.9,1294.8,,
41774,1293.6,1305.9,,
41775,1293.4,1293.6,,
41778,1293.8,1293.4,,
41779,1294.6,1293.8,,
41780,1288.1,1294.6,,
41781,1295,1288.1,,
41782,1291.7,1295,,
41786,1265.5,1291.7,,
41787,1259.3,1265.5,,
41788,1256.3,1259.3,,
41789,1245.6,1256.3,,
41792,1243.7,1245.6,,
41793,1244.3,1243.7,,
41794,1244,1244.3,,
41795,1253,1244,,
41796,1252.1,1253,,
41799,1253.5,1252.1,,
41800,1259.8,1253.5,,
41801,1260.8,1259.8,,
41802,1273.6,1260.8,,
41803,1273.7,1273.6,,
41806,1274.9,1273.7,,
41807,1271.7,1274.9,,
41808,1272.4,1271.7,,
41809,1313.7,1272.4,,
41810,1316.2,1313.7,,
41813,1318,1316.2,,
41814,1320.9,1318,,
41815,1322.2,1320.9,,
41816,1316.1,1322.2,,
41817,1320,1316.1,,
41820,1322,1320,,
41821,1326.6,1322,,
41822,1330.9,1326.6,,
41823,1320.6,1330.9,,
41827,1317,1320.6,,
41828,1316.5,1317,,
41829,1324.3,1316.5,,
41830,1339.2,1324.3,,
41831,1337.4,1339.2,,
41834,1306.7,1337.4,,
41835,1297.1,1306.7,,
41836,1299.8,1297.1,,
41837,1316.9,1299.8,,
41838,1309.4,1316.9,,
41841,1313.9,1309.4,,
41842,1306.3,1313.9,,
41843,1304.7,1306.3,,
41844,1290.8,1304.7,,
41845,1303.3,1290.8,,
41848,1303.3,1303.3,,
41849,1298.3,1303.3,,
41850,1294.9,1298.3,,
41851,1281.3,1294.9,,
41852,1293.6,1281.3,,
41855,1287.7,1293.6,,
41856,1284,1287.7,,
41857,1306.7,1284,,
41858,1310.8,1306.7,,
41859,1308.9,1310.8,,
41862,1308.5,1308.9,,
41863,1308.8,1308.5,,
41864,1312.8,1308.8,,
41865,1313.9,1312.8,,
41866,1304.5,1313.9,,
41869,1297.7,1304.5,,
41870,1295.1,1297.7,,
41871,1293.4,1295.1,,
41872,1273.7,1293.4,,
41873,1278.6,1273.7,,
41876,1277.3,1278.6,,
41877,1283.8,1277.3,,
41878,1281.9,1283.8,,
41879,1289.5,1281.9,,
41880,1286.5,1289.5,,
41884,1264.3,1286.5,,
41885,1269.4,1264.3,,
41886,1265.6,1269.4,,
41887,1266.3,1265.6,,
41890,1253.2,1266.3,,
41891,1247.3,1253.2,,
41892,1244.1,1247.3,,
41893,1237.9,1244.1,,
41894,1230.4,1237.9,,
41897,1234.1,1230.4,,
41898,1235.7,1234.1,,
41899,1234.9,1235.7,,
41900,1225.9,1234.9,,
41901,1215.5,1225.9,,
41904,1216.8,1215.5,,
41905,1221,1216.8,,
41906,1218.6,1221,,
41907,1221.2,1218.6,,
41908,1214.1,1221.2,,
41911,1217.5,1214.1,,
41912,1210.5,1217.5,,
41913,1214.6,1210.5,,
41914,1214.2,1214.6,,
41915,1192.2,1214.2,,
41918,1206.7,1192.2,,
41919,1211.7,1206.7,,
41920,1205.3,1211.7,,
41921,1224.6,1205.3,,
41922,1221,1224.6,,
41925,1229.3,1221,,
41926,1233.6,1229.3,,
41927,1244.1,1233.6,,
41928,1240.5,1244.1,,
41929,1238.3,1240.5,,
41932,1244,1238.3,,
41933,1251,1244,,
41934,1244.8,1251,,
41935,1228.5,1244.8,,
41936,1231.2,1228.5,,
41939,1229.1,1231.2,,
41940,1229.2,1229.1,,
41941,1224.3,1229.2,,
41942,1198.6,1224.3,,
41943,1171.6,1198.6,,
41946,1169.8,1171.6,,
41947,1167.7,1169.8,,
41948,1145.7,1167.7,,
41949,1142.6,1145.7,,
41950,1169.8,1142.6,,
41953,1159.8,1169.8,,
41954,1163,1159.8,,
41955,1159.1,1163,,
41956,1161.5,1159.1,,
41957,1185.6,1161.5,,
41960,1183.5,1185.6,,
41961,1197.1,1183.5,,
41962,1193.9,1197.1,,
41963,1190.9,1193.9,,
41964,1197.7,1190.9,,
41967,1195.7,1197.7,,
41968,1197.1,1195.7,,
41969,1196.6,1197.1,,
41971,1175.2,1196.6,,
41974,1218,1175.2,,
41975,1199.2,1218,,
41976,1208.5,1199.2,,
41977,1207.5,1208.5,,
41978,1190.1,1207.5,,
41981,1194.7,1190.1,,
41982,1231.5,1194.7,,
41983,1228.9,1231.5,,
41984,1225.1,1228.9,,
41985,1222,1225.1,,
41988,1207.2,1222,,
41989,1193.9,1207.2,,
41990,1194.3,1193.9,,
41991,1194.7,1194.3,,
41992,1195.9,1194.7,,
41995,1179.7,1195.9,,
41996,1177.9,1179.7,,
41997,1173.5,1177.9,,
41999,1195.3,1173.5,,
42002,1181.7,1195.3,,
42003,1200.4,1181.7,,
42004,1184.1,1200.4,,
42006,1186.2,1184.1,,
42009,1204,1186.2,,
42010,1219.4,1204,,
42011,1210.7,1219.4,,
42012,1208.5,1210.7,,
42013,1216.1,1208.5,,
42016,1232.8,1216.1,,
42017,1234.4,1232.8,,
42018,1234.5,1234.4,,
42019,1264.8,1234.5,,
42020,1276.9,1264.8,,
42024,1294.2,1276.9,,
42025,1293.7,1294.2,,
42026,1300.7,1293.7,,
42027,1292.6,1300.7,,
42030,1279.4,1292.6,,
42031,1291.7,1279.4,,
42032,1285.9,1291.7,,
42033,1254.6,1285.9,,
42034,1278.5,1254.6,,
42037,1276.2,1278.5,,
42038,1259.7,1276.2,,
42039,1263.8,1259.7,,
42040,1262,1263.8,,
42041,1233.9,1262,,
42044,1240.8,1233.9,,
42045,1231.6,1240.8,,
42046,1219,1231.6,,
42047,1220.1,1219,,
42048,1226.5,1220.1,,
42052,1208.1,1226.5,,
42053,1199.7,1208.1,,
42054,1207.1,1199.7,,
42055,1204.4,1207.1,,
42058,1200.3,1204.4,,
42059,1196.9,1200.3,,
42060,1201,1196.9,,
42061,1210.1,1201,,
42062,1213.1,1210.1,,
42065,1208.2,1213.1,,
42066,1204.4,1208.2,,
42067,1200.9,1204.4,,
42068,1196.2,1200.9,,
42069,1164.3,1196.2,,
42072,1166.5,1164.3,,
42073,1160.1,1166.5,,
42074,1150.6,1160.1,,
42075,1151.9,1150.6,,
42076,1152.4,1151.9,,
42079,1153.2,1152.4,,
42080,1148.2,1153.2,,
42081,1151.3,1148.2,,
42082,1169,1151.3,,
42083,1184.6,1169,,
42086,1187.7,1184.6,,
42087,1191.4,1187.7,,
42088,1197,1191.4,,
42089,1204.8,1197,,
42090,1199.8,1204.8,,
42093,1184.8,1199.8,,
42094,1183.1,1184.8,,
42095,1208.1,1183.1,,
42096,1200.9,1208.1,,
42100,1218.6,1200.9,,
42101,1210.6,1218.6,,
42102,1203.1,1210.6,,
42103,1193.6,1203.1,,
42104,1204.6,1193.6,,
42107,1199.3,1204.6,,
42108,1192.8,1199.3,,
42109,1201.5,1192.8,,
42110,1198,1201.5,,
42111,1202.9,1198,,
42114,1193.5,1202.9,,
42115,1202.9,1193.5,,
42116,1186.9,1202.9,,
42117,1194.4,1186.9,,
42118,1175.2,1194.4,,
42121,1203.3,1175.2,,
42122,1214,1203.3,,
42123,1210,1214,,
42124,1182.4,1210,,
42125,1174.5,1182.4,,
42128,1186.8,1174.5,,
42129,1193.2,1186.8,,
42130,1190.3,1193.2,,
42131,1182.2,1190.3,,
42132,1188.9,1182.2,,
42135,1183,1188.9,,
42136,1192.4,1183,,
42137,1218.2,1192.4,,
42138,1225.2,1218.2,,
42139,1225.3,1225.2,,
42142,1227.6,1225.3,,
42143,1206.7,1227.6,,
42144,1208.7,1206.7,,
42145,1204.1,1208.7,,
42146,1204,1204.1,,
42150,1186.9,1204,,
42151,1185.6,1186.9,,
42152,1188.1,1185.6,,
42153,1189.4,1188.1,,
42156,1188.3,1189.4,,
42157,1194.1,1188.3,,
42158,1184.7,1194.1,,
42159,1174.9,1184.7,,
42160,1167.8,1174.9,,
42163,1173.2,1167.8,,
42164,1177.3,1173.2,,
42165,1186.1,1177.3,,
42166,1179.9,1186.1,,
42167,1178.8,1179.9,,
42170,1185.3,1178.8,,
42171,1180.5,1185.3,,
42172,1176.4,1180.5,,
42173,1201.5,1176.4,,
42174,1201.5,1201.5,,
42177,1183.7,1201.5,,
42178,1176.2,1183.7,,
42179,1172.6,1176.2,,
42180,1171.5,1172.6,,
42181,1172.9,1171.5,,
42184,1179,1172.9,,
42185,1171.8,1179,,
42186,1169.3,1171.8,,
42187,1163.5,1169.3,,
42191,1173.2,1163.5,,
42192,1152.6,1173.2,,
42193,1163.5,1152.6,,
42194,1159.2,1163.5,,
42195,1157.9,1159.2,,
42198,1155.4,1157.9,,
42199,1153.5,1155.4,,
42200,1147.4,1153.5,,
42201,1143.9,1147.4,,
42202,1131.9,1143.9,,
42205,1106.8,1131.9,,
42206,1103.5,1106.8,,
42207,1091.5,1103.5,,
42208,1094.1,1091.5,,
42209,1085.5,1094.1,,
42212,1096.4,1085.5,,
42213,1096.2,1096.4,,
42214,1092.6,1096.2,,
42215,1088.4,1092.6,,
42216,1094.9,1088.4,,
42219,1089.4,1094.9,,
42220,1090.7,1089.4,,
42221,1085.7,1090.7,,
42222,1090.2,1085.7,,
42223,1094.1,1090.2,,
42226,1104.2,1094.1,,
42227,1107.6,1104.2,,
42228,1123.2,1107.6,,
42229,1115.7,1123.2,,
42230,1112.9,1115.7,,
42233,1118.6,1112.9,,
42234,1117.1,1118.6,,
42235,1128.1,1117.1,,
42236,1153,1128.1,,
42237,1159.6,1153,,
42240,1153.4,1159.6,,
42241,1138.2,1153.4,,
42242,1124.6,1138.2,,
42243,1122.4,1124.6,,
42244,1133.5,1122.4,,
42247,1132,1133.5,,
42248,1139.3,1132,,
42249,1133.1,1139.3,,
42250,1124,1133.1,,
42251,1120.9,1124,,
42255,1120.7,1120.9,,
42256,1102,1120.7,,
42257,1109.3,1102,,
42258,1103.3,1109.3,,
42261,1107.5,1103.3,,
42262,1102.6,1107.5,,
42263,1119,1102.6,,
42264,1117.1,1119,,
42265,1138.1,1117.1,,
42268,1133.1,1138.1,,
42269,1125,1133.1,,
42270,1131.6,1125,,
42271,1153.8,1131.6,,
42272,1145.7,1153.8,,
42275,1131.7,1145.7,,
42276,1127.1,1131.7,,
42277,1115.5,1127.1,,
42278,1114.2,1115.5,,
42279,1137.1,1114.2,,
42282,1138.1,1137.1,,
42283,1146.8,1138.1,,
42284,1149,1146.8,,
42285,1144.7,1149,,
42286,1156.3,1144.7,,
42289,1164.9,1156.3,,
42290,1165.8,1164.9,,
42291,1180.1,1165.8,,
42292,1187.9,1180.1,,
42293,1183.6,1187.9,,
42296,1173.3,1183.6,,
42297,1178,1173.3,,
42298,1167.6,1178,,
42299,1166.6,1167.6,,
42300,1163.3,1166.6,,
42303,1167,1163.3,,
42304,1166.8,1167,,
42305,1177.1,1166.8,,
42306,1147.3,1177.1,,
42307,1141.4,1147.3,,
42310,1135.9,1141.4,,
42311,1114.1,1135.9,,
42312,1106.2,1114.1,,
42313,1104.2,1106.2,,
42314,1087.7,1104.2,,
42317,1088.1,1087.7,,
42318,1088.5,1088.1,,
42319,1084.9,1088.5,,
42320,1081,1084.9,,
42321,1080.9,1081,,
42324,1083.6,1080.9,,
42325,1068.6,1083.6,,
42326,1068.7,1068.6,,
42327,1077.9,1068.7,,
42328,1076.3,1077.9,,
42331,1066.8,1076.3,,
42332,1073.8,1066.8,,
42333,1070,1073.8,,
42335,1056.2,1070,,
42338,1065.8,1056.2,,
42339,1063.8,1065.8,,
42340,1054.2,1063.8,,
42341,1061.7,1054.2,,
42342,1084.5,1061.7,,
42345,1076.4,1084.5,,
42346,1076.3,1076.4,,
42347,1077.6,1076.3,,
42348,1073.1,1077.6,,
42349,1076.9,1073.1,,
42352,1064.7,1076.9,,
42353,1062.9,1064.7,,
42354,1078,1062.9,,
42355,1050.8,1078,,
42356,1066.2,1050.8,,
42359,1081.9,1066.2,,
42360,1074.8,1081.9,,
42361,1069.4,1074.8,,
42362,1077.2,1069.4,,
42366,1070.5,1077.2,,
42367,1077.5,1070.5,,
42368,1059.8,1077.5,,
42369,1060.2,1059.8,,
42373,1075.2,1060.2,,
42374,1078.4,1075.2,,
42375,1091.9,1078.4,,
42376,1107.8,1091.9,,
42377,1097.9,1107.8,,
42380,1096.2,1097.9,,
42381,1085.2,1096.2,,
42382,1087.1,1085.2,,
42383,1073.6,1087.1,,
42384,1090.7,1073.6,,
42388,1089.1,1090.7,,
42389,1106.2,1089.1,,
42390,1098.2,1106.2,,
42391,1096.3,1098.2,,
42394,1105.3,1096.3,,
42395,1120.2,1105.3,,
42396,1115.8,1120.2,,
42397,1115.6,1115.8,,
42398,1116.4,1115.6,,
42401,1127.9,1116.4,,
42402,1127.3,1127.9,,
42403,1141.3,1127.3,,
42404,1157.6,1141.3,,
42405,1157.8,1157.6,,
42408,1197.9,1157.8,,
42409,1198.7,1197.9,,
42410,1194.7,1198.7,,
42411,1247.9,1194.7,,
42412,1239.1,1247.9,,
42416,1207.9,1239.1,,
42417,1211.1,1207.9,,
42418,1226.1,1211.1,,
42419,1230.4,1226.1,,
42422,1209.5,1230.4,,
42423,1222.3,1209.5,,
42424,1238.7,1222.3,,
42425,1238.2,1238.7,,
42426,1220.4,1238.2,,
42429,1234.4,1220.4,,
42430,1230.8,1234.4,,
42431,1241.8,1230.8,,
42432,1258.2,1241.8,,
42433,1270.7,1258.2,,
42436,1264,1270.7,,
42437,1262.9,1264,,
42438,1257.4,1262.9,,
42439,1272.8,1257.4,,
42440,1259.4,1272.8,,
42443,1245.1,1259.4,,
42444,1231,1245.1,,
42445,1229.8,1231,,
42446,1265,1229.8,,
42447,1254.3,1265,,
42450,1244.2,1254.3,,
42451,1248.6,1244.2,,
42452,1224,1248.6,,
42453,1221.6,1224,,
42457,1220.1,1221.6,,
42458,1235.8,1220.1,,
42459,1226.9,1235.8,,
42460,1234.2,1226.9,,
42461,1222.2,1234.2,,
42464,1218,1222.2,,
42465,1228.4,1218,,
42466,1222.5,1228.4,,
42467,1236.2,1222.5,,
42468,1242.5,1236.2,,
42471,1256.7,1242.5,,
42472,1259.4,1256.7,,
42473,1246.8,1259.4,,
42474,1225,1246.8,,
42475,1233.1,1225,,
42478,1233.6,1233.1,,
42479,1253,1233.6,,
42480,1253.2,1253,,
42481,1249,1253.2,,
42482,1228.7,1249,,
42485,1238.9,1228.7,,
42486,1242.2,1238.9,,
42487,1249.2,1242.2,,
42488,1266.4,1249.2,,
42489,1290.5,1266.4,,
42492,1295.8,1290.5,,
42493,1291.8,1295.8,,
42494,1274.4,1291.8,,
42495,1272.3,1274.4,,
42496,1294,1272.3,,
42499,1266.6,1294,,
42500,1264.8,1266.6,,
42501,1275.5,1264.8,,
42502,1271.2,1275.5,,
42503,1272.7,1271.2,,
42506,1274.2,1272.7,,
42507,1276.9,1274.2,,
42508,1274.4,1276.9,,
42509,1254.8,1274.4,,
42510,1252.9,1254.8,,
42513,1251.5,1252.9,,
42514,1229.2,1251.5,,
42515,1223.8,1229.2,,
42516,1220.4,1223.8,,
42517,1213.8,1220.4,,
42521,1214.8,1213.8,,
42522,1211.9,1214.8,,
42523,1209.8,1211.9,,
42524,1240.1,1209.8,,
42527,1244.6,1240.1,,
42528,1244.4,1244.6,,
42529,1259.8,1244.4,,
42530,1270.2,1259.8,,
42531,1273.4,1270.2,,
42534,1284.4,1273.4,,
42535,1285.6,1284.4,,
42536,1285.8,1285.6,,
42537,1296.1,1285.8,,
42538,1292.5,1296.1,,
42541,1290,1292.5,,
42542,1270.5,1290,,
42543,1268,1270.5,,
42544,1261.2,1268,,
42545,1320,1261.2,,
42548,1322.5,1320,,
42549,1315.3,1322.5,,
42550,1326.9,1315.3,,
42551,1320.6,1326.9,,
42552,1339,1320.6,,
42556,1358.7,1339,,
42557,1367.1,1358.7,,
42558,1362.1,1367.1,,
42559,1358.4,1362.1,,
42562,1356.6,1358.4,,
42563,1335.3,1356.6,,
42564,1343.6,1335.3,,
42565,1332.2,1343.6,,
42566,1327.4,1332.2,,
42569,1329.3,1327.4,,
42570,1332.3,1329.3,,
42571,1319.3,1332.3,,
42572,1331,1319.3,,
42573,1323.4,1331,,
42576,1319.5,1323.4,,
42577,1320.8,1319.5,,
42578,1326.7,1320.8,,
42579,1332.3,1326.7,,
42580,1349,1332.3,,
42583,1351.4,1349,,
42584,1364.4,1351.4,,
42585,1356.1,1364.4,,
42586,1358.8,1356.1,,
42587,1336.4,1358.8,,
42590,1333.4,1336.4,,
42591,1339,1333.4,,
42592,1344.3,1339,,
42593,1342.5,1344.3,,
42594,1335.8,1342.5,,
42597,1340.3,1335.8,,
42598,1350.5,1340.3,,
42599,1342.7,1350.5,,
42600,1351.2,1342.7,,
42601,1340.4,1351.2,,
42604,1337.7,1340.4,,
42605,1340.6,1337.7,,
42606,1324.4,1340.6,,
42607,1320.1,1324.4,,
42608,1321.5,1320.1,,
42611,1322.9,1321.5,,
42612,1313,1322.9,,
42613,1307.9,1313,,
42614,1313.6,1307.9,,
42615,1323.2,1313.6,,
42619,1350.4,1323.2,,
42620,1345.3,1350.4,,
42621,1337.8,1345.3,,
42622,1330.7,1337.8,,
42625,1321.6,1330.7,,
42626,1319.6,1321.6,,
42627,1322,1319.6,,
42628,1314,1322,,
42629,1306.2,1314,,
42632,1313.8,1306.2,,
42633,1314,1313.8,,
42634,1327.2,1314,,
42635,1340.7,1327.2,,
42636,1337.5,1340.7,,
42639,1339.8,1337.5,,
42640,1326,1339.8,,
42641,1319.4,1326,,
42642,1321.7,1319.4,,
42643,1313.3,1321.7,,
42646,1309,1313.3,,
42647,1266.3,1309,,
42648,1265.2,1266.3,,
42649,1249.8,1265.2,,
42650,1248.9,1249.8,,
42653,1257.5,1248.9,,
42654,1253,1257.5,,
42655,1251.1,1253,,
42656,1255,1251.1,,
42657,1253.1,1255,,
42660,1254.4,1253.1,,
42661,1260.8,1254.4,,
42662,1267.9,1260.8,,
42663,1265.6,1267.9,,
42664,1265.9,1265.6,,
42667,1262,1265.9,,
42668,1271.9,1262,,
42669,1264.8,1271.9,,
42670,1267.9,1264.8,,
42671,1276.8,1267.9,,
42674,1273.1,1276.8,,
42675,1288,1273.1,,
42676,1308.2,1288,,
42677,1303.3,1308.2,,
42678,1304.5,1303.3,,
42681,1279.4,1304.5,,
42682,1274.5,1279.4,,
42683,1273.5,1274.5,,
42684,1266.4,1273.5,,
42685,1224.3,1266.4,,
42688,1221.7,1224.3,,
42689,1224.5,1221.7,,
42690,1223.9,1224.5,,
42691,1216.9,1223.9,,
42692,1208.7,1216.9,,
42695,1209.8,1208.7,,
42696,1211.2,1209.8,,
42697,1189.3,1211.2,,
42699,1178.4,1189.3,,
42702,1190.8,1178.4,,
42703,1187.9,1190.8,,
42704,1170.8,1187.9,,
42705,1166.9,1170.8,,
42706,1175.1,1166.9,,
42709,1174,1175.1,,
42710,1167.6,1174,,
42711,1175,1167.6,,
42712,1169.8,1175,,
42713,1159.4,1169.8,,
42716,1163.5,1159.4,,
42717,1156.7,1163.5,,
42718,1161.3,1156.7,,
42719,1127.8,1161.3,,
42720,1135.3,1127.8,,
42723,1140.5,1135.3,,
42724,1131.5,1140.5,,
42725,1131.1,1131.5,,
42726,1128.8,1131.1,,
42727,1131.9,1128.8,,
42731,1137.3,1131.9,,
42732,1139.4,1137.3,,
42733,1158.1,1139.4,,
42734,1151.7,1158.1,,
42738,1162,1151.7,,
42739,1165.3,1162,,
42740,1181.3,1165.3,,
42741,1173.4,1181.3,,
42744,1184.9,1173.4,,
42745,1185.5,1184.9,,
42746,1196.6,1185.5,,
42747,1199.8,1196.6,,
42748,1196.2,1199.8,,
42752,1212.9,1196.2,,
42753,1212.1,1212.9,,
42754,1201.5,1212.1,,
42755,1204.9,1201.5,,
42758,1215.6,1204.9,,
42759,1210.8,1215.6,,
42760,1197.8,1210.8,,
42761,1189.8,1197.8,,
42762,1188.4,1189.8,,
42765,1193.2,1188.4,,
42766,1208.6,1193.2,,
42767,1205.6,1208.6,,
42768,1216.7,1205.6,,
42769,1218.5,1216.7,,
42772,1230,1218.5,,
42773,1234.2,1230,,
42774,1237.6,1234.2,,
42775,1235.1,1237.6,,
42776,1234.4,1235.1,,
42779,1224.4,1234.4,,
42780,1223.9,1224.4,,
42781,1231.7,1223.9,,
42782,1240,1231.7,,
42783,1237.6,1240,,
42787,1237.5,1237.6,,
42788,1232,1237.5,,
42789,1250.2,1232,,
42790,1256.9,1250.2,,
42793,1258.8,1256.9,,
42794,1253.9,1258.8,,
42795,1250,1253.9,,
42796,1232.9,1250,,
42797,1226.5,1232.9,,
42800,1225.5,1226.5,,
42801,1216.1,1225.5,,
42802,1209.4,1216.1,,
42803,1203.2,1209.4,,
42804,1201.4,1203.2,,
42807,1203.1,1201.4,,
42808,1202.6,1203.1,,
42809,1200.7,1202.6,,
42810,1227.1,1200.7,,
42811,1230.2,1227.1,,
42814,1234,1230.2,,
42815,1246.5,1234,,
42816,1249.7,1246.5,,
42817,1247.2,1249.7,,
42818,1248.5,1247.2,,
42821,1255.7,1248.5,,
42822,1255.6,1255.7,,
42823,1253.7,1255.6,,
42824,1245,1253.7,,
42825,1247.3,1245,,
42828,1250.8,1247.3,,
42829,1255,1250.8,,
42830,1245.4,1255,,
42831,1250.3,1245.4,,
42832,1254.3,1250.3,,
42835,1251.1,1254.3,,
42836,1271.2,1251.1,,
42837,1275.3,1271.2,,
42838,1285.9,1275.3,,
42842,1289.4,1285.9,,
42843,1291.7,1289.4,,
42844,1281.4,1291.7,,
42845,1281.9,1281.4,,
42846,1287.4,1281.9,,
42849,1275.8,1287.4,,
42850,1265.6,1275.8,,
42851,1262.1,1265.6,,
42852,1265.9,1262.1,,
42853,1268.3,1265.9,,
42856,1255.5,1268.3,,
42857,1257,1255.5,,
42858,1248.5,1257,,
42859,1228.6,1248.5,,
42860,1226.9,1228.6,,
42863,1227.1,1226.9,,
42864,1216.1,1227.1,,
42865,1218.9,1216.1,,
42866,1224.2,1218.9,,
42867,1227.7,1224.2,,
42870,1230,1227.7,,
42871,1236.4,1230,,
42872,1258.7,1236.4,,
42873,1252.8,1258.7,,
42874,1253.6,1252.8,,
42877,1261.4,1253.6,,
42878,1255.5,1261.4,,
42879,1253.1,1255.5,,
42880,1256.4,1253.1,,
42881,1268.1,1256.4,,
42885,1262.1,1268.1,,
42886,1272,1262.1,,
42887,1267,1272,,
42888,1276.8,1267,,
42891,1279.3,1276.8,,
42892,1294.4,1279.3,,
42893,1290.1,1294.4,,
42894,1276.3,1290.1,,
42895,1268.5,1276.3,,
42898,1266.1,1268.5,,
42899,1265.8,1266.1,,
42900,1272.8,1265.8,,
42901,1252.2,1272.8,,
42902,1254,1252.2,,
42905,1244.2,1254,,
42906,1241,1244.2,,
42907,1243.4,1241,,
42908,1247.6,1243.4,,
42909,1256.2,1247.6,,
42912,1246.3,1256.2,,
42913,1246.4,1246.3,,
42914,1248,1246.4,,
42915,1245.8,1248,,
42916,1242.3,1245.8,,
42919,1219.2,1242.3,,
42921,1221.7,1219.2,,
42922,1223.3,1221.7,,
42923,1209.7,1223.3,,
42926,1213.2,1209.7,,
42927,1214.7,1213.2,,
42928,1219.1,1214.7,,
42929,1217.3,1219.1,,
42930,1227.5,1217.3,,
42933,1233.7,1227.5,,
42934,1241.9,1233.7,,
42935,1242,1241.9,,
42936,1245.5,1242,,
42937,1254.9,1245.5,,
42940,1254.3,1254.9,,
42941,1252.1,1254.3,,
42942,1249.4,1252.1,,
42943,1260,1249.4,,
42944,1268.4,1260,,
42947,1266.6,1268.4,,
42948,1272.6,1266.6,,
42949,1271.8,1272.6,,
42950,1267.8,1271.8,,
42951,1258.3,1267.8,,
42954,1258.2,1258.3,,
42955,1256.4,1258.2,,
42956,1273,1256.4,,
42957,1283.7,1273,,
42958,1287.7,1283.7,,
42961,1284.2,1287.7,,
42962,1273.7,1284.2,,
42963,1276.9,1273.7,,
42964,1286.4,1276.9,,
42965,1285.7,1286.4,,
42968,1290.8,1285.7,,
42969,1285.1,1290.8,,
42970,1288.9,1285.1,,
42971,1286.5,1288.9,,
42972,1292.5,1286.5,,
42975,1309.7,1292.5,,
42976,1313.1,1309.7,,
42977,1310.4,1313.1,,
42978,1318.5,1310.4,,
42979,1326.6,1318.5,,
42983,1340.6,1326.6,,
42984,1335.2,1340.6,,
42985,1346.5,1335.2,,
42986,1347.3,1346.5,,
42989,1331.8,1347.3,,
42990,1328.8,1331.8,,
42991,1324.2,1328.8,,
42992,1325.4,1324.2,,
42993,1321.3,1325.4,,
42996,1306.9,1321.3,,
42997,1306.7,1306.9,,
42998,1312.5,1306.7,,
42999,1290.6,1312.5,,
43000,1293.3,1290.6,,
43003,1307.1,1293.3,,
43004,1297.7,1307.1,,
43005,1284.1,1297.7,,
43006,1285.5,1284.1,,
43007,1281.5,1285.5,,
43010,1272.7,1281.5,,
43011,1271.5,1272.7,,
43012,1273.7,1271.5,,
43013,1269.9,1273.7,,
43014,1271.6,1269.9,,
43017,1281.8,1271.6,,
43018,1290.6,1281.8,,
43019,1285.8,1290.6,,
43020,1293.3,1285.8,,
43021,1301.5,1293.3,,
43024,1299.9,1301.5,,
43025,1283,1299.9,,
43026,1279.9,1283,,
43027,1286.9,1279.9,,
43028,1277.4,1286.9,,
43031,1277.7,1277.4,,
43032,1275,1277.7,,
43033,1275.4,1275,,
43034,1266.3,1275.4,,
43035,1268.5,1266.3,,
43038,1277.7,1268.5,,
43039,1270.5,1277.7,,
43040,1277.3,1270.5,,
43041,1278.1,1277.3,,
43042,1269.2,1278.1,,
43045,1281.6,1269.2,,
43046,1275.8,1281.6,,
43047,1283.7,1275.8,,
43048,1287.5,1283.7,,
43049,1274.2,1287.5,,
43052,1278.9,1274.2,,
43053,1282.9,1278.9,,
43054,1277.7,1282.9,,
43055,1278.2,1277.7,,
43056,1296.5,1278.2,,
43059,1275.3,1296.5,,
43060,1281.7,1275.3,,
43061,1292.2,1281.7,,
43063,1287.3,1292.2,,
43066,1294.4,1287.3,,
43067,1294.9,1294.4,,
43068,1282.1,1294.9,,
43069,1273.2,1282.1,,
43070,1278.8,1273.2,,
43073,1274.3,1278.8,,
43074,1261.6,1274.3,,
43075,1262.8,1261.6,,
43076,1249.8,1262.8,,
43077,1245.2,1249.8,,
43080,1243.7,1245.2,,
43081,1238.5,1243.7,,
43082,1245.4,1238.5,,
43083,1253.8,1245.4,,
43084,1254.3,1253.8,,
43087,1262.2,1254.3,,
43088,1260.7,1262.2,,
43089,1266.1,1260.7,,
43090,1267.3,1266.1,,
43091,1275.4,1267.3,,
43095,1284.1,1275.4,,
43096,1287,1284.1,,
43097,1297.2,1287,,
43098,1309.3,1297.2,,
43102,1316.1,1309.3,,
43103,1318.5,1316.1,,
43104,1321.6,1318.5,,
43105,1322.3,1321.6,,
43108,1320.4,1322.3,,
43109,1313.7,1320.4,,
43110,1319.3,1313.7,,
43111,1322.5,1319.3,,
43112,1334.9,1322.5,,
43116,1337.1,1334.9,,
43117,1339.2,1337.1,,
43118,1327.2,1339.2,,
43119,1333.1,1327.2,,
43122,1331.9,1333.1,,
43123,1336.7,1331.9,,
43124,1356.3,1336.7,,
43125,1362.9,1356.3,,
43126,1352.1,1362.9,,
43129,1340.3,1352.1,,
43130,1335.4,1340.3,,
43131,1339,1335.4,,
43132,1344.3,1339,,
43133,1333.7,1344.3,,
43136,1333,1333.7,,
43137,1326.1,1333,,
43138,1311.6,1326.1,,
43139,1316.9,1311.6,,
43140,1313.1,1316.9,,
43143,1324.2,1313.1,,
43144,1328.1,1324.2,,
43145,1355.5,1328.1,,
43146,1352.1,1355.5,,
43147,1353.2,1352.1,,
43151,1328.8,1353.2,,
43152,1330,1328.8,,
43153,1330.6,1330,,
43154,1328.2,1330.6,,
43157,1330.7,1328.2,,
43158,1318.6,1330.7,,
43159,1317.9,1318.6,,
43160,1305.2,1317.9,,
43161,1323.4,1305.2,,
43164,1319.9,1323.4,,
43165,1335.2,1319.9,,
43166,1327.6,1335.2,,
43167,1321.7,1327.6,,
43168,1324,1321.7,,
43171,1320.8,1324,,
43172,1327.1,1320.8,,
43173,1325.6,1327.1,,
43174,1317.8,1325.6,,
43175,1312.3,1317.8,,
43178,1317.8,1312.3,,
43179,1311.9,1317.8,,
43180,1321.5,1311.9,,
43181,1327.4,1321.5,,
43182,1349.9,1327.4,,
43185,1355,1349.9,,
43186,1342,1355,,
43187,1324.2,1342,,
43188,1322.8,1324.2,,
43192,1342.1,1322.8,,
43193,1332.8,1342.1,,
43194,1335.8,1332.8,,
43195,1324.3,1335.8,,
43196,1331.9,1324.3,,
43199,1336.3,1331.9,,
43200,1342,1336.3,,
43201,1356.5,1342,,
43202,1338.4,1356.5,,
43203,1344.8,1338.4,,
43206,1347.5,1344.8,,
43207,1347.2,1347.5,,
43208,1351.2,1347.2,,
43209,1346.8,1351.2,,
43210,1336.7,1346.8,,
43213,1322.5,1336.7,,
43214,1331.4,1322.5,,
43215,1321.2,1331.4,,
43216,1316.3,1321.2,,
43217,1323.4,1316.3,,
43220,1319.2,1323.4,,
43221,1306.8,1319.2,,
43222,1305.6,1306.8,,
43223,1312.7,1305.6,,
43224,1314.7,1312.7,,
43227,1314.1,1314.7,,
43228,1313.7,1314.1,,
43229,1313,1313.7,,
43230,1322.3,1313,,
43231,1320.7,1322.3,,
43234,1318.2,1320.7,,
43235,1290.3,1318.2,,
43236,1291.5,1290.3,,
43237,1289.4,1291.5,,
43238,1291.3,1289.4,,
43241,1290.9,1291.3,,
43242,1292,1290.9,,
43243,1289.6,1292,,
43244,1304.4,1289.6,,
43245,1303.7,1304.4,,
43249,1299,1303.7,,
43250,1301.5,1299,,
43251,1300.1,1301.5,,
43252,1294.8,1300.1,,
43255,1293.1,1294.8,,
43256,1297.5,1293.1,,
43257,1297.1,1297.5,,
43258,1298.7,1297.1,,
43259,1298.1,1298.7,,
43262,1298.9,1298.1,,
43263,1295.1,1298.9,,
43264,1296.9,1295.1,,
43265,1304,1296.9,,
43266,1274.6,1304,,
43269,1276.2,1274.6,,
43270,1275.6,1276.2,,
43271,1271.2,1275.6,,
43272,1267.2,1271.2,,
43273,1267.4,1267.2,,
43276,1265.6,1267.4,,
43277,1256.6,1265.6,,
43278,1252.8,1256.6,,
43279,1251,1252.8,,
43280,1254.5,1251,,
43283,1241.7,1254.5,,
43284,1253.5,1241.7,,
43286,1258.8,1253.5,,
43287,1255.8,1258.8,,
43290,1259.6,1255.8,,
43291,1255.4,1259.6,,
43292,1244.4,1255.4,,
43293,1246.6,1244.4,,
43294,1241.2,1246.6,,
43297,1239.7,1241.2,,
43298,1227.3,1239.7,,
43299,1227.9,1227.3,,
43300,1224,1227.9,,
43301,1231.1,1224,,
43304,1225.6,1231.1,,
43305,1225.5,1225.6,,
43306,1231.8,1225.5,,
43307,1225.7,1231.8,,
43308,1223,1225.7,,
43311,1221.3,1223,,
43312,1223.7,1221.3,,
43313,1217.9,1223.7,,
43314,1210.6,1217.9,,
43315,1214.2,1210.6,,
43318,1208.6,1214.2,,
43319,1209.6,1208.6,,
43320,1212.6,1209.6,,
43321,1211.9,1212.6,,
43322,1211.1,1211.9,,
43325,1191.3,1211.1,,
43326,1193,1191.3,,
43327,1177.5,1193,,
43328,1176.2,1177.5,,
43329,1176.5,1176.2,,
43332,1186.8,1176.5,,
43333,1192.6,1186.8,,
43334,1196.3,1192.6,,
43335,1187,1196.3,,
43336,1206.3,1187,,
43339,1209,1206.3,,
43340,1207.4,1209,,
43341,1204.5,1207.4,,
43342,1200,1204.5,,
43343,1201.6,1200,,
43347,1194,1201.6,,
43348,1196.1,1194,,
43349,1199,1196.1,,
43350,1195.1,1199,,
43353,1194.5,1195.1,,
43354,1196.8,1194.5,,
43355,1205.5,1196.8,,
43356,1202.8,1205.5,,
43357,1196.2,1202.8,,
43360,1201.2,1196.2,,
43361,1198.5,1201.2,,
43362,1203.9,1198.5,,
43363,1206.6,1203.9,,
43364,1196.6,1206.6,,
43367,1199.6,1196.6,,
43368,1199.7,1199.6,,
43369,1194.4,1199.7,,
43370,1182.3,1194.4,,
43371,1191.5,1182.3,,
43374,1187.1,1191.5,,
43375,1202.4,1187.1,,
43376,1198.3,1202.4,,
43377,1197.2,1198.3,,
43378,1201.2,1197.2,,
43381,1184.4,1201.2,,
43382,1187.2,1184.4,,
43383,1189.3,1187.2,,
43384,1223.5,1189.3,,
43385,1218.1,1223.5,,
43388,1226.4,1218.1,,
43389,1227.3,1226.4,,
43390,1223.7,1227.3,,
43391,1226.5,1223.7,,
43392,1225.3,1226.5,,
43395,1221.2,1225.3,,
43396,1233.4,1221.2,,
43397,1227.8,1233.4,,
43398,1229.1,1227.8,,
43399,1232.5,1229.1,,
43402,1224.5,1232.5,,
43403,1225.3,1224.5,,
43404,1215,1225.3,,
43405,1238.6,1215,,
43406,1233.3,1238.6,,
43409,1232.3,1233.3,,
43410,1226.3,1232.3,,
43411,1228.7,1226.3,,
43412,1225.1,1228.7,,
43413,1208.6,1225.1,,
43416,1203.5,1208.6,,
43417,1201.4,1203.5,,
43418,1210.1,1201.4,,
43419,1215,1210.1,,
43420,1223,1215,,
43423,1225.3,1223,,
43424,1221.2,1225.3,,
43425,1228,1221.2,,
43427,1223.2,1228,,
43430,1222.4,1223.2,,
43431,1213.4,1222.4,,
43432,1223.6,1213.4,,
43433,1224.1,1223.6,,
43434,1220.2,1224.1,,
43437,1233.9,1220.2,,
43438,1241.1,1233.9,,
43439,1237.1,1241.1,,
43440,1238.1,1237.1,,
43441,1246.8,1238.1,,
43444,1243.7,1246.8,,
43445,1241.9,1243.7,,
43446,1244.4,1241.9,,
43447,1242.7,1244.4,,
43448,1237,1242.7,,
43451,1247.4,1237,,
43452,1249.2,1247.4,,
43453,1252.1,1249.2,,
43454,1263.6,1252.1,,
43455,1253.8,1263.6,,
43458,1267.5,1253.8,,
43460,1269.2,1267.5,,
43461,1277.3,1269.2,,
43462,1283,1277.3,,
43465,1281.3,1283,,
43467,1284.1,1281.3,,
43468,1294.8,1284.1,,
43469,1285.8,1294.8,,
43472,1289.9,1285.8,,
43473,1285.9,1289.9,,
43474,1292,1285.9,,
43475,1287.4,1292,,
43476,1289.5,1287.4,,
43479,1291.3,1289.5,,
43480,1288.4,1291.3,,
43481,1293.8,1288.4,,
43482,1292.3,1293.8,,
43483,1282.6,1292.3,,
43487,1283.4,1282.6,,
43488,1284,1283.4,,
43489,1279.8,1284,,
43490,1298.1,1279.8,,
43493,1303.1,1298.1,,
43494,1308.9,1303.1,,
43495,1309.9,1308.9,,
43496,1319.7,1309.9,,
43497,1316.9,1319.7,,
43500,1314.3,1316.9,,
43501,1314.2,1314.3,,
43502,1309.5,1314.2,,
43503,1309.4,1309.5,,
43504,1313.7,1309.4,,
43507,1307,1313.7,,
43508,1309.2,1307,,
43509,1310.8,1309.2,,
43510,1309.8,1310.8,,
43511,1318.1,1309.8,,
43515,1340.1,1318.1,,
43516,1343.3,1340.1,,
43517,1323.5,1343.3,,
43518,1329.2,1323.5,,
43521,1325.9,1329.2,,
43522,1325.1,1325.9,,
43523,1321.2,1325.1,,
43524,1316.1,1321.2,,
43525,1299.2,1316.1,,
43528,1287.5,1299.2,,
43529,1284.7,1287.5,,
43530,1287.6,1284.7,,
43531,1286.1,1287.6,,
43532,1299.3,1286.1,,
43535,1291.1,1299.3,,
43536,1298.1,1291.1,,
43537,1309.3,1298.1,,
43538,1295.1,1309.3,,
43539,1302.9,1295.1,,
43542,1301.5,1302.9,,
43543,1306.5,1301.5,,
43544,1301.7,1306.5,,
43545,1307.3,1301.7,,
43546,1312.3,1307.3,,
43549,1322.6,1312.3,,
43550,1315,1322.6,,
43551,1310.4,1315,,
43552,1289.8,1310.4,,
43553,1293,1289.8,,
43556,1288.4,1293,,
43557,1290,1288.4,,
43558,1289.9,1290,,
43559,1289,1289.9,,
43560,1290.4,1289,,
43563,1297.1,1290.4,,
43564,1303.5,1297.1,,
43565,1309.1,1303.5,,
43566,1288.6,1309.1,,
43567,1290.6,1288.6,,
43570,1286.8,1290.6,,
43571,1272.6,1286.8,,
43572,1272.2,1272.6,,
43573,1271.9,1272.2,,
43577,1273.5,1271.9,,
43578,1269.3,1273.5,,
43579,1275.5,1269.3,,
43580,1275.8,1275.5,,
43581,1284.9,1275.8,,
43584,1281.5,1284.9,,
43585,1285.7,1281.5,,
43586,1284.2,1285.7,,
43587,1272,1284.2,,
43588,1281.3,1272,,
43591,1283.8,1281.3,,
43592,1285.6,1283.8,,
43593,1281.4,1285.6,,
43594,1285.2,1281.4,,
43595,1287.4,1285.2,,
43598,1301.8,1287.4,,
43599,1296.3,1301.8,,
43600,1297.8,1296.3,,
43601,1286.2,1297.8,,
43602,1275.7,1286.2,,
43605,1277.3,1275.7,,
43606,1273.2,1277.3,,
43607,1274.2,1273.2,,
43608,1285.4,1274.2,,
43609,1283.6,1285.4,,
43613,1277.1,1283.6,,
43614,1281,1277.1,,
43615,1287.1,1281,,
43616,1305.8,1287.1,,
43619,1322.7,1305.8,,
43620,1323.4,1322.7,,
43621,1328.3,1323.4,,
43622,1337.6,1328.3,,
43623,1341.2,1337.6,,
43626,1324.7,1341.2,,
43627,1326.4,1324.7,,
43628,1331.9,1326.4,,
43629,1339.2,1331.9,,
43630,1340.1,1339.2,,
43633,1338.7,1340.1,,
43634,1346.6,1338.7,,
43635,1344.6,1346.6,,
43636,1392.9,1344.6,,
43637,1396.2,1392.9,,
43640,1414.3,1396.2,,
43641,1414.9,1414.3,,
43642,1411.6,1414.9,,
43643,1412,1411.6,,
43644,1413.7,1412,,
43647,1389.3,1413.7,,
43648,1408,1389.3,,
43649,1420.9,1408,,
43651,1400.1,1420.9,,
43654,1400,1400.1,,
43655,1400.5,1400,,
43656,1412.5,1400.5,,
43657,1406.7,1412.5,,
43658,1412.2,1406.7,,
43661,1413.5,1412.2,,
43662,1411.2,1413.5,,
43663,1423.3,1411.2,,
43664,1428.1,1423.3,,
43665,1426.7,1428.1,,
43668,1426.9,1426.7,,
43669,1421.7,1426.9,,
43670,1423.6,1421.7,,
43671,1414.7,1423.6,,
43672,1419.3,1414.7,,
43675,1420.4,1419.3,,
43676,1429.7,1420.4,,
43677,1426.1,1429.7,,
43678,1420.9,1426.1,,
43679,1445.6,1420.9,,
43682,1464.6,1445.6,,
43683,1472.4,1464.6,,
43684,1507.3,1472.4,,
43685,1497.7,1507.3,,
43686,1496.6,1497.7,,
43689,1505.3,1496.6,,
43690,1502.2,1505.3,,
43691,1515.9,1502.2,,
43692,1519.6,1515.9,,
43693,1512.5,1519.6,,
43696,1500.4,1512.5,,
43697,1504.6,1500.4,,
43698,1504.6,1504.6,,
43699,1497.3,1504.6,,
43700,1526.6,1497.3,,
43703,1526.3,1526.6,,
43704,1541,1526.3,,
43705,1537.8,1541,,
43706,1530.5,1537.8,,
43707,1523,1530.5,,
43711,1549.6,1523,,
43712,1554,1549.6,,
43713,1519,1554,,
43714,1509,1519,,
43717,1504.5,1509,,
43718,1492.7,1504.5,,
43719,1496.6,1492.7,,
43720,1500.8,1496.6,,
43721,1492.9,1500.8,,
43724,1504.8,1492.9,,
43725,1506.9,1504.8,,
43726,1509.1,1506.9,,
43727,1499.5,1509.1,,
43728,1508,1499.5,,
43731,1524,1508,,
43732,1532.6,1524,,
43733,1505.1,1532.6,,
43734,1507.9,1505.1,,
43735,1499.1,1507.9,,
43738,1465.7,1499.1,,
43739,1482,1465.7,,
43740,1501,1482,,
43741,1507.1,1501,,
43742,1506.2,1507.1,,
43745,1497.7,1506.2,,
43746,1497.2,1497.7,,
43747,1506.1,1497.2,,
43748,1494.8,1506.1,,
43749,1482.7,1494.8,,
43752,1491.7,1482.7,,
43753,1477.6,1491.7,,
43754,1488,1477.6,,
43755,1492.3,1488,,
43756,1488.2,1492.3,,
43759,1482.4,1488.2,,
43760,1481.7,1482.4,,
43761,1489.9,1481.7,,
43762,1498.9,1489.9,,
43763,1499.5,1498.9,,
43766,1490,1499.5,,
43767,1487,1490,,
43768,1496.7,1487,,
43769,1514.8,1496.7,,
43770,1511.4,1514.8,,
43773,1511.1,1511.4,,
43774,1483.7,1511.1,,
43775,1493.1,1483.7,,
43776,1466.4,1493.1,,
43777,1462.9,1466.4,,
43780,1457.1,1462.9,,
43781,1453.7,1457.1,,
43782,1463.3,1453.7,,
43783,1473.4,1463.3,,
43784,1468.5,1473.4,,
43787,1471.9,1468.5,,
43788,1474.3,1471.9,,
43789,1474.2,1474.3,,
43790,1463.6,1474.2,,
43791,1463.6,1463.6,,
43794,1456.9,1463.6,,
43795,1460.3,1456.9,,
43796,1453.4,1460.3,,
43798,1465.6,1453.4,,
43801,1462.3,1465.6,,
43802,1478.2,1462.3,,
43803,1474,1478.2,,
43804,1476.9,1474,,
43805,1459.1,1476.9,,
43808,1459.3,1459.1,,
43809,1462.6,1459.3,,
43810,1469.4,1462.6,,
43811,1466.7,1469.4,,
43812,1475.6,1466.7,,
43815,1475,1475.6,,
43816,1474.6,1475,,
43817,1472.6,1474.6,,
43818,1478.2,1472.6,,
43819,1474.7,1478.2,,
43822,1482.5,1474.7,,
43823,1499.1,1482.5,,
43825,1509.3,1499.1,,
43826,1513.8,1509.3,,
43829,1518.6,1513.8,,
43830,1523.1,1518.6,,
43832,1528.1,1523.1,,
43833,1552.4,1528.1,,
43836,1568.8,1552.4,,
43837,1574.3,1568.8,,
43838,1560.2,1574.3,,
43839,1554.3,1560.2,,
43840,1560.1,1554.3,,
43843,1550.6,1560.1,,
43844,1544.6,1550.6,,
43845,1554,1544.6,,
43846,1550.5,1554,,
43847,1560.3,1550.5,,
43851,1557.9,1560.3,,
43852,1556.7,1557.9,,
43853,1565.4,1556.7,,
43854,1571.9,1565.4,,
43857,1577.4,1571.9,,
43858,1569.8,1577.4,,
43859,1570.4,1569.8,,
43860,1583.5,1570.4,,
43861,1582.9,1583.5,,
43864,1577.2,1582.9,,
43865,1550.4,1577.2,,
43866,1557.8,1550.4,,
43867,1565.1,1557.8,,
43868,1568.6,1565.1,,
43871,1574.7,1568.6,,
43872,1565.6,1574.7,,
43873,1567.4,1565.6,,
43874,1575.1,1567.4,,
43875,1582.7,1575.1,,
43879,1600,1582.7,,
43880,1607.5,1600,,
43881,1616.6,1607.5,,
43882,1644.6,1616.6,,
43885,1672.4,1644.6,,
43886,1646.9,1672.4,,
43887,1640,1646.9,,
43888,1642.5,1640,,
43889,1566.7,1642.5,,
43892,1594.8,1566.7,,
43893,1644.4,1594.8,,
43894,1643,1644.4,,
43895,1668,1643,,
43896,1672.4,1668,,
43899,1675.7,1672.4,,
43900,1660.3,1675.7,,
43901,1642.3,1660.3,,
43902,1590.3,1642.3,,
43903,1516.7,1590.3,,
43906,1486.5,1516.7,,
43907,1525.8,1486.5,,
43908,1477.9,1525.8,,
43909,1479.3,1477.9,,
43910,1484.6,1479.3,,
43913,1567.6,1484.6,,
43914,1660.8,1567.6,,
43915,1633.4,1660.8,,
43916,1651.2,1633.4,,
43917,1625,1651.2,,
43920,1622,1625,,
43921,1583.4,1622,,
43922,1578.2,1583.4,,
43923,1625.7,1578.2,,
43924,1633.7,1625.7,,
43927,1677,1633.7,,
43928,1664.8,1677,,
43929,1665.4,1664.8,,
43930,1736.2,1665.4,,
43934,1744.8,1736.2,,
43935,1756.7,1744.8,,
43936,1727.2,1756.7,,
43937,1720.4,1727.2,,
43938,1689.2,1720.4,,
43941,1701.6,1689.2,,
43942,1678.2,1701.6,,
43943,1728.7,1678.2,,
43944,1733.3,1728.7,,
43945,1723.5,1733.3,,
43948,1711.9,1723.5,,
43949,1710.5,1711.9,,
43950,1713.4,1710.5,,
43951,1694.2,1713.4,,
43952,1700.9,1694.2,,
43955,1713.3,1700.9,,
43956,1710.6,1713.3,,
43957,1688.5,1710.6,,
43958,1725.8,1688.5,,
43959,1713.9,1725.8,,
43962,1698,1713.9,,
43963,1706.8,1698,,
43964,1716.4,1706.8,,
43965,1740.9,1716.4,,
43966,1756.3,1740.9,,
43969,1734.4,1756.3,,
43970,1745.6,1734.4,,
43971,1752.1,1745.6,,
43972,1721.9,1752.1,,
43973,1735.5,1721.9,,
43977,1705.6,1735.5,,
43978,1710.7,1705.6,,
43979,1713.3,1710.7,,
43980,1736.9,1713.3,,
43983,1737.8,1736.9,,
43984,1725.2,1737.8,,
43985,1697.8,1725.2,,
43986,1718.9,1697.8,,
43987,1676.2,1718.9,,
43990,1698.3,1676.2,,
43991,1714.7,1698.3,,
43992,1713.3,1714.7,,
43993,1732,1713.3,,
43994,1729.3,1732,,
43997,1720.3,1729.3,,
43998,1729.6,1720.3,,
43999,1729.2,1729.6,,
44000,1724.8,1729.2,,
44001,1745.9,1724.8,,
44004,1756.7,1745.9,,
44005,1772.1,1756.7,,
44006,1765.8,1772.1,,
44007,1762.1,1765.8,,
44008,1772.5,1762.1,,
44011,1781.2,1772.5,,
44012,1800.5,1781.2,,
44013,1779.9,1800.5,,
44014,1790,1779.9,,
44018,1793.5,1790,,
44019,1809.9,1793.5,,
44020,1820.6,1809.9,,
44021,1803.8,1820.6,,
44022,1801.9,1803.8,,
44025,1814.1,1801.9,,
44026,1813.4,1814.1,,
44027,1813.8,1813.4,,
44028,1800.3,1813.8,,
44029,1810,1800.3,,
44032,1817.4,1810,,
44033,1843.9,1817.4,,
44034,1865.1,1843.9,,
44035,1890,1865.1,,
44036,1897.5,1890,,
44039,1931,1897.5,,
44040,1944.6,1931,,
44041,1953.4,1944.6,,
44042,1942.3,1953.4,,
44043,1962.8,1942.3,,
44046,1966,1962.8,,
44047,2001.2,1966,,
44048,2031.1,2001.2,,
44049,2051.5,2031.1,,
44050,2010.1,2051.5,,
44053,2024.4,2010.1,,
44054,1932.6,2024.4,,
44055,1934.9,1932.6,,
44056,1956.7,1934.9,,
44057,1937,1956.7,,
44060,1985,1937,,
44061,1999.4,1985,,
44062,1958.7,1999.4,,
44063,1933.8,1958.7,,
44064,1934.6,1933.8,,
44067,1927.7,1934.6,,
44068,1911.8,1927.7,,
44069,1940.7,1911.8,,
44070,1921.6,1940.7,,
44071,1966.8,1921.6,,
44074,1970.5,1966.8,,
44075,1970.8,1970.5,,
44076,1936.9,1970.8,,
44077,1930.2,1936.9,,
44078,1926.2,1930.2,,
44082,1935.1,1926.2,,
44083,1946.8,1935.1,,
44084,1956,1946.8,,
44085,1939.5,1956,,
44088,1954.7,1939.5,,
44089,1958,1954.7,,
44090,1962,1958,,
44091,1941.3,1962,,
44092,1953.2,1941.3,,
44095,1902.1,1953.2,,
44096,1899.3,1902.1,,
44097,1860.5,1899.3,,
44098,1868.9,1860.5,,
44099,1857.8,1868.9,,
44102,1872.8,1857.8,,
44103,1894.3,1872.8,,
44104,1887.5,1894.3,,
44105,1908.4,1887.5,,
44106,1900.2,1908.4,,
44109,1912.5,1900.2,,
44110,1901.1,1912.5,,
44111,1883.6,1901.1,,
44112,1888.6,1883.6,,
44113,1919.5,1888.6,,
44116,1922.5,1919.5,,
44117,1888.5,1922.5,,
44118,1901.3,1888.5,,
44119,1903.2,1901.3,,
44120,1900.8,1903.2,,
44123,1906.4,1900.8,,
44124,1910.4,1906.4,,
44125,1924.6,1910.4,,
44126,1901.1,1924.6,,
44127,1902,1901.1,,
44130,1902.7,1902,,
44131,1908.8,1902.7,,
44132,1876.2,1908.8,,
44133,1868,1876.2,,
44134,1879.9,1868,,
44137,1892.5,1879.9,,
44138,1910.4,1892.5,,
44139,1896.2,1910.4,,
44140,1946.8,1896.2,,
44141,1951.7,1946.8,,
44144,1854.4,1951.7,,
44145,1876.4,1854.4,,
44146,1861.6,1876.4,,
44147,1873.3,1861.6,,
44148,1886.2,1873.3,,
44151,1887.8,1886.2,,
44152,1885.1,1887.8,,
44153,1873.9,1885.1,,
44154,1861.5,1873.9,,
44155,1872.4,1861.5,,
44158,1837.8,1872.4,,
44159,1804.6,1837.8,,
44160,1805.5,1804.6,,
44162,1781.9,1805.5,,
44165,1775.7,1781.9,,
44166,1814.1,1775.7,,
44167,1825.7,1814.1,,
44168,1836.8,1825.7,,
44169,1835.9,1836.8,,
44172,1861.8,1835.9,,
44173,1870.8,1861.8,,
44174,1834.6,1870.8,,
44175,1833.6,1834.6,,
44176,1839.8,1833.6,,
44179,1828.7,1839.8,,
44180,1852.3,1828.7,,
44181,1856.1,1852.3,,
44182,1887.2,1856.1,,
44183,1885.7,1887.2,,
44186,1879.2,1885.7,,
44187,1866.6,1879.2,,
44188,1874.7,1866.6,,
44189,1879.9,1874.7,,
44193,1877.2,1879.9,,
44194,1879.7,1877.2,,
44195,1893.4,1879.7,,
44196,1895.1,1893.4,,
44200,1946.6,1895.1,,
44201,1954.4,1946.6,,
44202,1908.6,1954.4,,
44203,1913.6,1908.6,,
44204,1835.4,1913.6,,
44207,1850.8,1835.4,,
44208,1844.2,1850.8,,
44209,1854.9,1844.2,,
44210,1851.4,1854.9,,
44211,1829.9,1851.4,,
44215,1840.2,1829.9,,
44216,1866.5,1840.2,,
44217,1865.9,1866.5,,
44218,1856.2,1865.9,,
44221,1855.2,1856.2,,
44222,1850.9,1855.2,,
44223,1844.9,1850.9,,
44224,1837.9,1844.9,,
44225,1847.3,1837.9,,
44228,1860.8,1847.3,,
44229,1830.5,1860.8,,
44230,1832.2,1830.5,,
44231,1788.9,1832.2,,
44232,1810.9,1788.9,,
44235,1831.9,1810.9,,
44236,1835.3,1831.9,,
44237,1840.6,1835.3,,
44238,1824.9,1840.6,,
44239,1821.6,1824.9,,
44243,1797.2,1821.6,,
44244,1771.1,1797.2,,
44245,1773.4,1771.1,,
44246,1775.8,1773.4,,
44249,1806.7,1775.8,,
44250,1804.4,1806.7,,
44251,1796.4,1804.4,,
44252,1775.4,1796.4,,
44253,1728.8,1775.4,,
44256,1723,1728.8,,
44257,1733.6,1723,,
44258,1715.8,1733.6,,
44259,1700.7,1715.8,,
44260,1698.5,1700.7,,
44263,1678,1698.5,,
44264,1716.9,1678,,
44265,1721.8,1716.9,,
44266,1722.6,1721.8,,
44267,1719.8,1722.6,,
44270,1729.2,1719.8,,
44271,1730.9,1729.2,,
44272,1727.1,1730.9,,
44273,1732.5,1727.1,,
44274,1741.7,1732.5,,
44277,1738.1,1741.7,,
44278,1725.1,1738.1,,
44279,1733.2,1725.1,,
44280,1725.1,1733.2,,
44281,1732.3,1725.1,,
44284,1712.2,1732.3,,
44285,1683.9,1712.2,,
44286,1713.8,1683.9,,
44287,1726.5,1713.8,,
44288,1726.5,1726.5,,
44291,1727,1726.5,,
44292,1741.5,1727,,
44293,1740.1,1741.5,,
44294,1756.8,1740.1,,
44295,1743.3,1756.8,,
44298,1731.2,1743.3,,
44299,1746.2,1731.2,,
44300,1734.9,1746.2,,
44301,1765.4,1734.9,,
44302,1779,1765.4,,
44305,1769.4,1779,,
44306,1777.3,1769.4,,
44307,1792.3,1777.3,,
44308,1781.2,1792.3,,
44309,1777,1781.2,,
44312,1779.2,1777,,
44313,1778,1779.2,,
44314,1773.2,1778,,
44315,1768.3,1773.2,,
44316,1767.7,1768.3,,
44319,1791.8,1767.7,,
44320,1776,1791.8,,
44321,1784.3,1776,,
44322,1815.7,1784.3,,
44323,1831.3,1815.7,,
44326,1837.6,1831.3,,
44327,1836.1,1837.6,,
44328,1822.8,1836.1,,
44329,1824,1822.8,,
44330,1838.1,1824,,
44333,1867.6,1838.1,,
44334,1868,1867.6,,
44335,1881.5,1868,,
44336,1881.9,1881.5,,
44337,1876.7,1881.9,,
44340,1884.5,1876.7,,
44341,1898,1884.5,,
44342,1901.2,1898,,
44343,1895.7,1901.2,,
44344,1902.5,1895.7,,
44348,1902.9,1902.5,,
44349,1907.5,1902.9,,
44350,1871.2,1907.5,,
44351,1889.8,1871.2,,
44354,1896.8,1889.8,,
44355,1892.2,1896.8,,
44356,1893.2,1892.2,,
44357,1894.2,1893.2,,
44358,1877.4,1894.2,,
44361,1864,1877.4,,
44362,1854.5,1864,,
44363,1859.5,1854.5,,
44364,1773.8,1859.5,,
44365,1767.9,1773.8,,
44368,1781.8,1767.9,,
44369,1776.3,1781.8,,
44370,1782.3,1776.3,,
44371,1775.6,1782.3,,
44372,1776.6,1775.6,,
44375,1779.6,1776.6,,
44376,1763.6,1779.6,,
44377,1771.6,1763.6,,
44378,1776.8,1771.6,,
44379,1783.3,1776.8,,
44383,1794.2,1783.3,,
44384,1802.1,1794.2,,
44385,1800.2,1802.1,,
44386,1810.6,1800.2,,
44389,1805.9,1810.6,,
44390,1809.9,1805.9,,
44391,1825,1809.9,,
44392,1829,1825,,
44393,1815,1829,,
44396,1809.2,1815,,
44397,1811.4,1809.2,,
44398,1803.4,1811.4,,
44399,1805.4,1803.4,,
44400,1801.8,1805.4,,
44403,1799.2,1801.8,,
44404,1799.8,1799.2,,
44405,1799.7,1799.8,,
44406,1831.2,1799.7,,
44407,1812.6,1831.2,,
44410,1818.1,1812.6,,
44411,1810.1,1818.1,,
44412,1810.5,1810.1,,
44413,1805.1,1810.5,,
44414,1760,1805.1,,
44417,1723.4,1760,,
44418,1728.8,1723.4,,
44419,1750.4,1728.8,,
44420,1749,1750.4,,
44421,1775.2,1749,,
44424,1786.9,1775.2,,
44425,1785,1786.9,,
44426,1781.6,1785,,
44427,1780.2,1781.6,,
44428,1781,1780.2,,
44431,1803.2,1781,,
44432,1805.6,1803.2,,
44433,1788.2,1805.6,,
44434,1792.2,1788.2,,
44435,1816.6,1792.2,,
44438,1809.8,1816.6,,
44439,1815.8,1809.8,,
44440,1813.8,1815.8,,
44441,1809.4,1813.8,,
44442,1831.5,1809.4,,
44446,1796.3,1831.5,,
44447,1791.2,1796.3,,
44448,1797.8,1791.2,,
44449,1789.9,1797.8,,
44452,1792.3,1789.9,,
44453,1805,1792.3,,
44454,1792.6,1805,,
44455,1754.6,1792.6,,
44456,1749.4,1754.6,,
44459,1761.8,1749.4,,
44460,1776.1,1761.8,,
44461,1776.7,1776.1,,
44462,1747.7,1776.7,,
44463,1749.7,1747.7,,
44466,1750,1749.7,,
44467,1735.9,1750,,
44468,1721.5,1735.9,,
44469,1755.3,1721.5,,
44470,1757,1755.3,,
44473,1766.2,1757,,
44474,1759.6,1766.2,,
44475,1760.5,1759.6,,
44476,1757.9,1760.5,,
44477,1756.3,1757.9,,
44480,1754.6,1756.3,,
44481,1758.3,1754.6,,
44482,1793.7,1758.3,,
44483,1796.7,1793.7,,
44484,1767.2,1796.7,,
44487,1764.8,1767.2,,
44488,1769.7,1764.8,,
44489,1784.1,1769.7,,
44490,1781.2,1784.1,,
44491,1795.5,1781.2,,
44494,1806,1795.5,,
44495,1792.7,1806,,
44496,1797.9,1792.7,,
44497,1802.6,1797.9,,
44498,1783.9,1802.6,,
44501,1795.8,1783.9,,
44502,1789.4,1795.8,,
44503,1763.9,1789.4,,
44504,1793.5,1763.9,,
44505,1816.8,1793.5,,
44508,1828,1816.8,,
44509,1830.8,1828,,
44510,1848.3,1830.8,,
44511,1863.9,1848.3,,
44512,1868.5,1863.9,,
44515,1866.6,1868.5,,
44516,1854.1,1866.6,,
44517,1870.2,1854.1,,
44518,1861.4,1870.2,,
44519,1851.6,1861.4,,
44522,1806.3,1851.6,,
44523,1783.8,1806.3,,
44524,1784.3,1783.8,,
44526,1785.5,1784.3,,
44529,1782.3,1785.5,,
44530,1773.6,1782.3,,
44531,1781.6,1773.6,,
44532,1760.7,1781.6,,
44533,1782,1760.7,,
44536,1777.5,1782,,
44537,1782.6,1777.5,,
44538,1783.4,1782.6,,
44539,1774.6,1783.4,,
44540,1782.9,1774.6,,
44543,1786.3,1782.9,,
44544,1770.4,1786.3,,
44545,1762.6,1770.4,,
44546,1796.6,1762.6,,
44547,1803.8,1796.6,,
44550,1793.7,1803.8,,
44551,1787.9,1793.7,,
44552,1801.6,1787.9,,
44553,1811.2,1801.6,,
44557,1808.1,1811.2,,
44558,1810.2,1808.1,,
44559,1805.1,1810.2,,
44560,1814.1,1805.1,,
44561,1828.6,1814.1,,
44564,1800.1,1828.6,,
44565,1814.6,1800.1,,
44566,1825.1,1814.6,,
44567,1789.2,1825.1,,
44568,1797.4,1789.2,,
44571,1798.8,1797.4,,
44572,1818.5,1798.8,,
44573,1827.3,1818.5,,
44574,1821.4,1827.3,,
44575,1816.5,1821.4,,
44579,1812.4,1816.5,,
44580,1843.2,1812.4,,
44581,1842.6,1843.2,,
44582,1831.8,1842.6,,
44585,1841.7,1831.8,,
44586,1852.5,1841.7,,
44587,1829.7,1852.5,,
44588,1793.1,1829.7,,
44589,1784.9,1793.1,,
44592,1795,1784.9,,
44593,1800.3,1795,,
44594,1809.2,1800.3,,
44595,1803,1809.2,,
44596,1806.6,1803,,
44599,1820.6,1806.6,,
44600,1826.6,1820.6,,
44601,1835.2,1826.6,,
44602,1836.2,1835.2,,
44603,1840.8,1836.2,,
44606,1868,1840.8,,
44607,1854.8,1868,,
44608,1870.2,1854.8,,
44609,1900.7,1870.2,,
44610,1898.6,1900.7,,
44614,1906.1,1898.6,,
44615,1909.2,1906.1,,
44616,1925.1,1909.2,,
44617,1887.6,1925.1,,
44620,1900.7,1887.6,,
44621,1943.8,1900.7,,
44622,1922.3,1943.8,,
44623,1935.9,1922.3,,
44624,1966.6,1935.9,,
44627,1995.9,1966.6,,
44628,2043.3,1995.9,,
44629,1988.2,2043.3,,
44630,2000.4,1988.2,,
44631,1985,2000.4,,
44634,1960.8,1985,,
44635,1929.7,1960.8,,
44636,1909.2,1929.7,,
44637,1943.2,1909.2,,
44638,1929.3,1943.2,,
44641,1929.5,1929.3,,
44642,1921.5,1929.5,,
44643,1937.3,1921.5,,
44644,1962.2,1937.3,,
44645,1954.2,1962.2,,
44648,1939.8,1954.2,,
44649,1912.2,1939.8,,
44650,1933.5,1912.2,,
44651,1949.2,1933.5,,
44652,1919.1,1949.2,,
44655,1929.2,1919.1,,
44656,1922.9,1929.2,,
44657,1918.4,1922.9,,
44658,1933.8,1918.4,,
44659,1941.6,1933.8,,
44662,1944.3,1941.6,,
44663,1972.1,1944.3,,
44664,1981,1972.1,,
44665,1970.9,1981,,
44669,1982.9,1970.9,,
44670,1955.7,1982.9,,
44671,1952.3,1955.7,,
44672,1944.9,1952.3,,
44673,1931,1944.9,,
44676,1893.2,1931,,
44677,1901.4,1893.2,,
44678,1885.9,1901.4,,
44679,1891.3,1885.9,,
44680,1911.7,1891.3,,
44683,1863.6,1911.7,,
44684,1870.6,1863.6,,
44685,1868.8,1870.6,,
44686,1875.7,1868.8,,
44687,1882.8,1875.7,,
44690,1858.6,1882.8,,
44691,1841,1858.6,,
44692,1853.7,1841,,
44693,1824.6,1853.7,,
44694,1808.2,1824.6,,
44697,1814,1808.2,,
44698,1818.9,1814,,
44699,1815.9,1818.9,,
44700,1841.2,1815.9,,
44701,1842.1,1841.2,,
44704,1847.8,1842.1,,
44705,1865.4,1847.8,,
44706,1846.3,1865.4,,
44707,1847.6,1846.3,,
44708,1851.3,1847.6,,
44712,1842.7,1851.3,,
44713,1843.3,1842.7,,
44714,1866.5,1843.3,,
44715,1845.4,1866.5,,
44718,1839.2,1845.4,,
44719,1847.5,1839.2,,
44720,1851.9,1847.5,,
44721,1848.8,1851.9,,
44722,1871.5,1848.8,,
44725,1828,1871.5,,
44726,1809.5,1828,,
44727,1815.3,1809.5,,
44728,1845.7,1815.3,,
44729,1835.6,1845.7,,
44733,1834.6,1835.6,,
44734,1834.3,1834.6,,
44735,1825.7,1834.3,,
44736,1826.5,1825.7,,
44739,1820.9,1826.5,,
44740,1817.5,1820.9,,
44741,1817.5,1817.5,,
44742,1807.3,1817.5,,
44743,1801.5,1807.3,,
44747,1763.9,1801.5,,
44748,1736.5,1763.9,,
44749,1739.7,1736.5,,
44750,1742.3,1739.7,,
44753,1731.7,1742.3,,
44754,1724.8,1731.7,,
44755,1735.5,1724.8,,
44756,1705.8,1735.5,,
44757,1703.6,1705.8,,
44760,1710.2,1703.6,,
44761,1710.7,1710.2,,
44762,1700.2,1710.7,,
44763,1713.4,1700.2,,
44764,1727.4,1713.4,,
44767,1719.1,1727.4,,
44768,1717.7,1719.1,,
44769,1719.1,1717.7,,
44770,1750.3,1719.1,,
44771,1762.9,1750.3,,
44774,1769,1762.9,,
44775,1771.1,1769,,
44776,1758,1771.1,,
44777,1788.5,1758,,
44778,1772.9,1788.5,,
44781,1786.8,1772.9,,
44782,1794,1786.8,,
44783,1795.6,1794,,
44784,1789.7,1795.6,,
44785,1798.6,1789.7,,
44788,1781.4,1798.6,,
44789,1773.2,1781.4,,
44790,1760.3,1773.2,,
44791,1755.3,1760.3,,
44792,1747.6,1755.3,,
44795,1734,1747.6,,
44796,1746.8,1734,,
44797,1747.8,1746.8,,
44798,1757.7,1747.8,,
44799,1736.1,1757.7,,
44802,1736.6,1736.1,,
44803,1726.9,1736.6,,
44804,1716.9,1726.9,,
44805,1699.6,1716.9,,
44806,1713,1699.6,,
44810,1703.4,1713,,
44811,1718.2,1703.4,,
44812,1710.6,1718.2,,
44813,1718.8,1710.6,,
44816,1730.8,1718.8,,
44817,1707.1,1730.8,,
44818,1698.2,1707.1,,
44819,1666.8,1698.2,,
44820,1672.8,1666.8,,
44823,1667.6,1672.8,,
44824,1661,1667.6,,
44825,1665.8,1661,,
44826,1671.4,1665.8,,
44827,1645.3,1671.4,,
44830,1623.6,1645.3,,
44831,1626.5,1623.6,,
44832,1660.3,1626.5,,
44833,1658.5,1660.3,,
44834,1662.4,1658.5,,
44837,1692.9,1662.4,,
44838,1721.1,1692.9,,
44839,1711.4,1721.1,,
44840,1711.7,1711.4,,
44841,1700.5,1711.7,,
44844,1667.3,1700.5,,
44845,1678.7,1667.3,,
44846,1670.3,1678.7,,
44847,1670,1670.3,,
44848,1641.7,1670,,
44851,1657,1641.7,,
44852,1649,1657,,
44853,1627.5,1649,,
44854,1630.8,1627.5,,
44855,1651,1630.8,,
44858,1648.7,1651,,
44859,1652.8,1648.7,,
44860,1664,1652.8,,
44861,1660.7,1664,,
44862,1644.8,1660.7,,
44865,1640.7,1644.8,,
44866,1649.7,1640.7,,
44867,1650,1649.7,,
44868,1630.9,1650,,
44869,1676.6,1630.9,,
44872,1680.5,1676.6,,
44873,1716,1680.5,,
44874,1713.7,1716,,
44875,1753.7,1713.7,,
44876,1769.4,1753.7,,
44879,1776.9,1769.4,,
44880,1776.8,1776.9,,
44881,1775.8,1776.8,,
44882,1763,1775.8,,
44883,1754.4,1763,,
44886,1739.6,1754.4,,
44887,1739.9,1739.6,,
44888,1745.6,1739.9,,
44890,1754,1745.6,,
44893,1740.3,1754,,
44894,1748.4,1740.3,,
44895,1746,1748.4,,
44896,1801.1,1746,,
44897,1795.9,1801.1,,
44900,1767.4,1795.9,,
44901,1769.3,1767.4,,
44902,1785.5,1769.3,,
44903,1788.7,1785.5,,
44904,1798.1,1788.7,,
44907,1780.5,1798.1,,
44908,1813.9,1780.5,,
44909,1807.5,1813.9,,
44910,1777.2,1807.5,,
44911,1790,1777.2,,
44914,1787.7,1790,,
44915,1815.9,1787.7,,
44916,1815.9,1815.9,,
44917,1787,1815.9,,
44918,1795.9,1787,,
44922,1814.8,1795.9,,
44923,1807.9,1814.8,,
44924,1826,1807.9,,
44925,1826.2,1826,,
44929,1846.1,1826.2,,
44930,1859,1846.1,,
44931,1840.6,1859,,
44932,1869.7,1840.6,,
44935,1877.8,1869.7,,
44936,1876.5,1877.8,,
44937,1878.9,1876.5,,
44938,1898.8,1878.9,,
44939,1921.7,1898.8,,
44943,1909.9,1921.7,,
44944,1907,1909.9,,
44945,1923.9,1907,,
44946,1928.2,1923.9,,
44949,1928.6,1928.2,,
44950,1935.4,1928.6,,
44951,1942.6,1935.4,,
44952,1930,1942.6,,
44953,1929.4,1930,,
44956,1922.9,1929.4,,
44957,1929.5,1922.9,,
44958,1927.8,1929.5,,
44959,1916.3,1927.8,,
44960,1862.9,1916.3,,
44963,1866.2,1862.9,,
44964,1871.7,1866.2,,
44965,1877.4,1871.7,,
44966,1866.2,1877.4,,
44967,1862.8,1866.2,,
44970,1851.9,1862.8,,
44971,1854,1851.9,,
44972,1834.2,1854,,
44973,1842,1834.2,,
44974,1840.4,1842,,
44978,1833,1840.4,,
44979,1832,1833,,
44980,1818,1832,,
44981,1808.8,1818,,
44984,1824.9,1808.8,,
44985,1836.7,1824.9,,
44986,1845.4,1836.7,,
44987,1840.5,1845.4,,
44988,1854.6,1840.5,,
44991,1854.6,1854.6,,
44992,1820,1854.6,,
44993,1818.6,1820,,
44994,1834.6,1818.6,,
44995,1867.2,1834.6,,
44998,1916.5,1867.2,,
44999,1910.9,1916.5,,
45000,1931.3,1910.9,,
45001,1923,1931.3,,
45002,1973.5,1923,,
45005,1982.8,1973.5,,
45006,1941.1,1982.8,,
45007,1949.6,1941.1,,
45008,1995.9,1949.6,,
45009,1983.8,1995.9,,
45012,1953.8,1983.8,,
45013,1973.5,1953.8,,
45014,1966.9,1973.5,,
45015,1980.3,1966.9,,
45016,1969,1980.3,,
45019,1983.9,1969,,
45020,2022.2,1983.9,,
45021,2020.9,2022.2,,
45022,2011.9,2020.9,,
45023,2011.9,2011.9,,
45026,1989.1,2011.9,,
45027,2004.8,1989.1,,
45028,2010.9,2004.8,,
45029,2041.3,2010.9,,
45030,2002.2,2041.3,,
45033,1994.2,2002.2,,
45034,2007.4,1994.2,,
45035,1995.2,2007.4,,
45036,2007.6,1995.2,,
45037,1979.5,2007.6,,
45040,1989.1,1979.5,,
45041,1994,1989.1,,
45042,1985.7,1994,,
45043,1999,1985.7,,
45044,1999.1,1999,,
45047,1992.2,1999.1,,
45048,2023.3,1992.2,,
45049,2037,2023.3,,
45050,2055.7,2037,,
45051,2024.8,2055.7,,
45054,2033.2,2024.8,,
45055,2042.9,2033.2,,
45056,2037.1,2042.9,,
45057,2020.5,2037.1,,
45058,2019.8,2020.5,,
45061,2022.7,2019.8,,
45062,1993,2022.7,,
45063,1984.9,1993,,
45064,1959.8,1984.9,,
45065,1981.6,1959.8,,
45068,1977.2,1981.6,,
45069,1974.5,1977.2,,
45070,1964.6,1974.5,,
45071,1943.7,1964.6,,
45072,1944.3,1943.7,,
45076,1958,1944.3,,
45077,1963.9,1958,,
45078,1978,1963.9,,
45079,1952.4,1978,,
45082,1958,1952.4,,
45083,1965.5,1958,,
45084,1942.7,1965.5,,
45085,1963.6,1942.7,,
45086,1962.2,1963.6,,
45089,1955.3,1962.2,,
45090,1944.6,1955.3,,
45091,1955.3,1944.6,,
45092,1957.8,1955.3,,
45093,1958.4,1957.8,,
45097,1935.5,1958.4,,
45098,1933.3,1935.5,,
45099,1912.7,1933.3,,
45100,1919.1,1912.7,,
45103,1923.7,1919.1,,
45104,1914,1923.7,,
45105,1912.3,1914,,
45106,1917.9,1912.3,,
45107,1929.4,1917.9,,
45110,1929.5,1929.4,,
45112,1927.1,1929.5,,
45113,1915.4,1927.1,,
45114,1932.5,1915.4,,
45117,1931,1932.5,,
45118,1937.1,1931,,
45119,1961.7,1937.1,,
45120,1963.8,1961.7,,
45121,1964.4,1963.8,,
45124,1956.4,1964.4,,
45125,1980.8,1956.4,,
45126,1980.8,1980.8,,
45127,1970.9,1980.8,,
45128,1966.6,1970.9,,
45131,1962.2,1966.6,,
45132,1963.7,1962.2,,
45133,1970.1,1963.7,,
45134,1945.7,1970.1,,
45135,1960.4,1945.7,,
45138,1970.5,1960.4,,
45139,1940.7,1970.5,,
45140,1937.4,1940.7,,
45141,1932,1937.4,,
45142,1939.6,1932,,
45145,1933.5,1939.6,,
45146,1924.1,1933.5,,
45147,1915.4,1924.1,,
45148,1914.4,1915.4,,
45149,1912.9,1914.4,,
45152,1910.6,1912.9,,
45153,1902.5,1910.6,,
45154,1896.1,1902.5,,
45155,1884.1,1896.1,,
45156,1886.1,1884.1,,
45159,1893.3,1886.1,,
45160,1896.4,1893.3,,
45161,1918.5,1896.4,,
45162,1918.2,1918.5,,
45163,1911.1,1918.2,,
45166,1917.9,1911.1,,
45167,1936.5,1917.9,,
45168,1954,1936.5,,
45169,1947,1954,,
45170,1948.4,1947,,
45174,1934.3,1948.4,,
45175,1925.8,1934.3,,
45176,1924.1,1925.8,,
45177,1924.6,1924.1,,
45180,1929.2,1924.6,,
45181,1917.2,1929.2,,
45182,1914.4,1917.2,,
45183,1914.4,1914.4,,
45184,1927.9,1914.4,,
45187,1935.2,1927.9,,
45188,1935.3,1935.2,,
45189,1948.6,1935.3,,
45190,1921.2,1948.6,,
45191,1927.2,1921.2,,
45194,1918.2,1927.2,,
45195,1901.6,1918.2,,
45196,1872.3,1901.6,,
45197,1860.4,1872.3,,
45198,1848.1,1860.4,,
45201,1830,1848.1,,
45202,1824.6,1830,,
45203,1818.5,1824.6,,
45204,1816.6,1818.5,,
45205,1830.2,1816.6,,
45208,1849.5,1830.2,,
45209,1861,1849.5,,
45210,1872.8,1861,,
45211,1869.3,1872.8,,
45212,1927.4,1869.3,,
45215,1921.1,1927.4,,
45216,1922.7,1921.1,,
45217,1955.3,1922.7,,
45218,1968.4,1955.3,,
45219,1982.5,1968.4,,
45222,1976.3,1982.5,,
45223,1975,1976.3,,
45224,1984.1,1975,,
45225,1987.2,1984.1,,
45226,1988.6,1987.2,,
45229,2005.6,1988.6,,
45230,1994.3,2005.6,,
45231,1987.5,1994.3,,
45232,1993.5,1987.5,,
45233,1999.2,1993.5,,
45236,1988.6,1999.2,,
45237,1973.5,1988.6,,
45238,1957.8,1973.5,,
45239,1969.8,1957.8,,
45240,1937.7,1969.8,,
45243,1950.2,1937.7,,
45244,1966.5,1950.2,,
45245,1964.3,1966.5,,
45246,1987.3,1964.3,,
45247,1984.7,1987.3,,
45250,1980.3,1984.7,,
45251,2001.6,1980.3,,
45252,1992.8,2001.6,,
45254,2003,1992.8,,
45257,2012.4,2003,,
45258,2040,2012.4,,
45259,2047.1,2040,,
45260,2038.1,2047.1,,
45261,2071,2038.1,,
45264,2024.1,2071,,
45265,2018.5,2024.1,,
45266,2030.5,2018.5,,
45267,2029.9,2030.5,,
45268,1998.3,2029.9,,
45271,1978,1998.3,,
45272,1977.8,1978,,
45273,1982.3,1977.8,,
45274,2030.2,1982.3,,
45275,2021.1,2030.2,,
45278,2026.3,2021.1,,
45279,2038.4,2026.3,,
45280,2034.5,2038.4,,
45281,2039.1,2034.5,,
45282,2057.1,2039.1,,
45286,2058.2,2057.1,,
45287,2081.9,2058.2,,
45288,2083.5,2081.9,,
45289,2071.8,2083.5,,
45293,2073.4,2071.8,,
45294,2042.8,2073.4,,
45295,2050,2042.8,,
45296,2049.8,2050,,
45299,2033.5,2049.8,,
45300,2033,2033.5,,
45301,2027.8,2033,,
45302,2019.2,2027.8,,
45303,2051.6,2019.2,,
45307,2030.2,2051.6,,
45308,2006.5,2030.2,,
45309,2021.6,2006.5,,
45310,2029.3,2021.6,,
45313,2022.2,2029.3,,
45314,2025.8,2022.2,,
45315,2016,2025.8,,
45316,2017.8,2016,,
45317,2017.3,2017.8,,
45320,2025.4,2017.3,,
45321,2031.5,2025.4,,
45322,2048.4,2031.5,,
45323,2053,2048.4,,
45324,2036.1,2053,,
45327,2025.7,2036.1,,
45328,2034.5,2025.7,,
45329,2035.2,2034.5,,
45330,2032.2,2035.2,,
45331,2023.3,2032.2,,
45334,2018.2,2023.3,,
45335,1992.9,2018.2,,
45336,1990.3,1992.9,,
45337,2002.1,1990.3,,
45338,2011.5,2002.1,,
45342,2027.5,2011.5,,
45343,2022.3,2027.5,,
45344,2019.7,2022.3,,
45345,2038.6,2019.7,,
45348,2028.5,2038.6,,
45349,2034,2028.5,,
45350,2042.7,2034,,
45351,2054.7,2042.7,,
45352,2095.7,2054.7,,
45355,2126.3,2095.7,,
45356,2141.9,2126.3,,
45357,2158.2,2141.9,,
45358,2165.2,2158.2,,
45359,2185.5,2165.2,,
45362,2188.6,2185.5,,
45363,2166.1,2188.6,,
45364,2180.8,2166.1,,
45365,2167.5,2180.8,,
45366,2161.5,2167.5,,
45369,2164.3,2161.5,,
45370,2159.7,2164.3,,
45371,2161,2159.7,,
45372,2184.7,2161,,
45373,2160,2184.7,,
45376,2176.4,2160,,
45377,2177.2,2176.4,,
45378,2190.6,2177.2,,
45379,2217.4,2190.6,,
45383,2236.5,2217.4,,
45384,2261,2236.5,,
45385,2294.4,2261,,
45386,2288.8,2294.4,,
45387,2325.7,2288.8,,
45390,2331.7,2325.7,,
45391,2343.5,2331.7,,
45392,2329.6,2343.5,,
45393,2354.8,2329.6,,
45394,2356.2,2354.8,,
45397,2365.8,2356.2,,
45398,2390.8,2365.8,,
45399,2371.7,2390.8,,
45400,2382.3,2371.7,,
45401,2398.4,2382.3,,
45404,2332.2,2398.4,,
45405,2327.7,2332.2,,
45406,2324.5,2327.7,,
45407,2329.8,2324.5,,
45408,2334.8,2329.8,,
45411,2357.7,2334.8,,
45412,2302.9,2357.7,,
45413,2311,2302.9,,
45414,2309.6,2311,,
45415,2308.6,2309.6,,
45418,2331.2,2308.6,,
45419,2324.2,2331.2,,
45420,2322.3,2324.2,,
45421,2340.3,2322.3,,
45422,2375,2340.3,,
45425,2343,2375,,
45426,2359.9,2343,,
45427,2394.9,2359.9,,
45428,2385.5,2394.9,,
45429,2417.4,2385.5,,
45432,2438.5,2417.4,,
45433,2425.9,2438.5,,
45434,2392.9,2425.9,,
45435,2337.2,2392.9,,
45436,2334.5,2337.2,,
45440,2356.5,2334.5,,
45441,2341.2,2356.5,,
45442,2342.9,2341.2,,
45443,2322.9,2342.9,,
45446,2346.6,2322.9,,
45447,2325.5,2346.6,,
45448,2354.1,2325.5,,
45449,2370.3,2354.1,,
45450,2305.2,2370.3,,
45453,2307.7,2305.2,,
45454,2307.5,2307.7,,
45455,2336,2307.5,,
45456,2300.2,2336,,
45457,2331.4,2300.2,,
45460,2312.4,2331.4,,
45461,2330.4,2312.4,,
45463,2353.8,2330.4,,
45464,2316.4,2353.8,,
45467,2330,2316.4,,
45468,2316.6,2330,,
45469,2299.2,2316.6,,
45470,2336.6,2299.2,,
45471,2339.6,2336.6,,
45474,2338.9,2339.6,,
45475,2333.4,2338.9,,
45476,2369.4,2333.4,,
45478,2397.7,2369.4,,
45481,2363.5,2397.7,,
45482,2367.9,2363.5,,
45483,2379.7,2367.9,,
45484,2421.9,2379.7,,
45485,2420.7,2421.9,,
45488,2428.9,2420.7,,
45489,2467.8,2428.9,,
45490,2459.9,2467.8,,
45491,2456.4,2459.9,,
45492,2399.1,2456.4,,
45495,2394.7,2399.1,,
45496,2407.3,2394.7,,
45497,2415.7,2407.3,,
45498,2353.5,2415.7,,
45499,2381,2353.5,,
45502,2377.8,2381,,
45503,2405,2377.8,,
45504,2426.5,2405,,
45505,2435,2426.5,,
45506,2425.7,2435,,
45509,2401.7,2425.7,,
45510,2389.1,2401.7,,
45511,2390.5,2389.1,,
45512,2422.2,2390.5,,
45513,2432.1,2422.2,,
45516,2462.4,2432.1,,
45517,2466.7,2462.4,,
45518,2439.4,2466.7,,
45519,2453.1,2439.4,,
45520,2498.6,2453.1,,
45523,2501.8,2498.6,,
45524,2511.3,2501.8,,
45525,2508.4,2511.3,,
45526,2478.9,2508.4,,
45527,2508.4,2478.9,,
45530,2517.7,2508.4,,
45531,2516,2517.7,,
45532,2501,2516,,
45533,2536.7,2501,,
45534,2504.5,2536.7,,
45538,2499.7,2504.5,,
45539,2502.7,2499.7,,
45540,2519.7,2502.7,,
45541,2501.5,2519.7,,
45544,2509.3,2501.5,,
45545,2519.5,2509.3,,
45546,2519,2519.5,,
45547,2557.1,2519,,
45548,2586.8,2557.1,,
45551,2585.2,2586.8,,
45552,2568.9,2585.2,,
45553,2574.9,2568.9,,
45554,2590.9,2574.9,,
45555,2622.4,2590.9,,
45558,2628.6,2622.4,,
45559,2653,2628.6,,
45560,2660.7,2653,,
45561,2670.4,2660.7,,
45562,2644.3,2670.4,,
45565,2636.1,2644.3,,
45566,2667.3,2636.1,,
45567,2647.1,2667.3,,
45568,2657.1,2647.1,,
45569,2645.8,2657.1,,
45572,2644.8,2645.8,,
45573,2615,2644.8,,
45574,2606,2615,,
45575,2620.6,2606,,
45576,2657.6,2620.6,,
45579,2647.8,2657.6,,
45580,2661.4,2647.8,,
45581,2674,2661.4,,
45582,2691,2674,,
45583,2713.7,2691,,
45586,2723.1,2713.7,,
45587,2744.2,2723.1,,
45588,2714.4,2744.2,,
45589,2734.9,2714.4,,
45590,2740.9,2734.9,,
45593,2742.9,2740.9,,
45594,2768.4,2742.9,,
45595,2800.8,2768.4,,
45596,2749.3,2800.8,,
45597,2749.2,2749.3,,
45600,2746.2,2749.2,,
45601,2749.7,2746.2,,
45602,2676.3,2749.7,,
45603,2705.8,2676.3,,
45604,2694.8,2705.8,,
45607,2617.7,2694.8,,
45608,2606.3,2617.7,,
45609,2586.5,2606.3,,
45610,2572.9,2586.5,,
45611,2570.1,2572.9,,
45614,2614.6,2570.1,,
45615,2631,2614.6,,
45616,2651.7,2631,,
45617,2674.9,2651.7,,
45618,2712.2,2674.9,,
45621,2618.5,2712.2,,
45622,2621.3,2618.5,,
45623,2639.9,2621.3,,
45625,2657,2639.9,,
45628,2634.9,2657,,
45629,2644.7,2634.9,,
45630,2653.8,2644.7,,
45631,2626.6,2653.8,,
45632,2638.6,2626.6,,
45635,2664.9,2638.6,,
45636,2697.6,2664.9,,
45637,2733.8,2697.6,,
45638,2687.5,2733.8,,
45639,2656,2687.5,,
45642,2651.4,2656,,
45643,2644.4,2651.4,,
45644,2636.5,2644.4,,
45645,2592.2,2636.5,,
45646,2628.7,2592.2,,
45649,2612.3,2628.7,,
45650,2620,2612.3,,
45652,2638.8,2620,,
45653,2617.2,2638.8,,
45656,2618.1,2617.2,,
45657,2641,2618.1,,
45659,2669,2641,,
45660,2654.7,2669,,
45663,2647.4,2654.7,,
45664,2665.4,2647.4,,
45665,2672.4,2665.4,,
45666,2690.8,2672.4,,
45667,2715,2690.8,,
45670,2678.6,2715,,
45671,2682.3,2678.6,,
45672,2717.8,2682.3,,
45673,2750.9,2717.8,,
45674,2748.7,2750.9,,
45678,2759.2,2748.7,,
45679,2770.9,2759.2,,
45680,2765,2770.9,,
45681,2778.9,2765,,
45684,2738.4,2778.9,,
45685,2767.5,2738.4,,
45686,2769.8,2767.5,,
45687,2823,2769.8,,
45688,2812.5,2823,,
45691,2833.9,2812.5,,
45692,2853.3,2833.9,,
45693,2871.6,2853.3,,
45694,2856,2871.6,,
45695,2867.3,2856,,
45698,2914.3,2867.3,,
45699,2912.5,2914.3,,
45700,2909,2912.5,,
45701,2925.9,2909,,
45702,2883.6,2925.9,,
45706,2931.6,2883.6,,
45707,2919.4,2931.6,,
45708,2940,2919.4,,
45709,2937.6,2940,,
45712,2947.9,2937.6,,
45713,2904.5,2947.9,,
45714,2916.8,2904.5,,
45715,2895.9,2916.8,,
45716,2848.5,2895.9,,
45719,2901.1,2848.5,,
45720,2920.6,2901.1,,
45721,2926,2920.6,,
45722,2926.6,2926,,
45723,2914.1,2926.6,,
45726,2899.4,2914.1,,
45727,2920.9,2899.4,,
45728,2946.8,2920.9,,
45729,2991.3,2946.8,,
45730,3001.1,2991.3,,
45733,3006.1,3001.1,,
45734,3040.8,3006.1,,
45735,3041.2,3040.8,,
45736,3043.8,3041.2,,
45737,3021.4,3043.8,,
45740,3015.6,3021.4,,
45741,3025.9,3015.6,,
45742,3022.5,3025.9,,
45743,3061,3022.5,,
45744,3086.5,3061,,
45747,3122.8,3086.5,,
45748,3118.9,3122.8,,
45749,3139.9,3118.9,,
45750,3097,3139.9,,
45751,3012,3097,,
45754,2951.3,3012,,
45755,2968.4,2951.3,,
45756,3056.5,2968.4,,
45757,3155.2,3056.5,,
45758,3222.2,3155.2,,
45761,3204.8,3222.2,,
45762,3218.7,3204.8,,
45763,3326.6,3218.7,,
45764,3308.7,3326.6,,
45768,3406.2,3308.7,,
45769,3400.8,3406.2,,
45770,3276.3,3400.8,,
45771,3332,3276.3,,
45772,3282.4,3332,,
45775,3332.5,3282.4,,
45776,3333.6,3332.5,,
45777,3319.1,3333.6,,
45778,3222.2,3319.1,,
45779,3243.3,3222.2,,
45782,3322.3,3243.3,,
45783,3422.8,3322.3,,
45784,3391.9,3422.8,,
45785,3306,3391.9,,
45786,3344,3306,,
45789,3228,3344,,
45790,3247.8,3228,,
45791,3188.3,3247.8,,
45792,3226.6,3188.3,,
45793,3187.2,3226.6,,
45796,3233.5,3187.2,,
45797,3284.6,3233.5,,
45798,3313.5,3284.6,,
45799,3295,3313.5,,
45800,3365.8,3295,,
45804,3300.4,3365.8,,
45805,3294.9,3300.4,,
45806,3317.1,3294.9,,
45807,3288.9,3317.1,,
45810,3370.6,3288.9,,
45811,3350.2,3370.6,,
45812,3373.5,3350.2,,
45813,3350.7,3373.5,,
45814,3322.7,3350.7,,
45817,3332.1,3322.7,,
45818,3320.9,3332.1,,
45819,3321.3,3320.9,,
45820,3380.9,3321.3,,
45821,3431.2,3380.9,,
45824,3396.4,3431.2,,
45825,3386.6,3396.4,,
45826,3389.8,3386.6,,
45828,3368.1,3389.8,,
45831,3377.7,3368.1,,
45832,3317.4,3377.7,,
45833,3327.1,3317.4,,
45834,3333.5,3327.1,,
45835,3287.6,3333.5,,
45838,3307.7,3287.6,,
45839,3349.8,3307.7,,
45840,3359.7,3349.8,,
45841,3342.9,3359.7,,
45845,3342.8,3342.9,,
45846,3316.9,3342.8,,
45847,3321,3316.9,,
45848,3325.7,3321,,
45849,3364,3325.7,,
45852,3359.1,3364,,
45853,3336.7,3359.1,,
45854,3359.1,3336.7,,
45855,3345.3,3359.1,,
45856,3358.3,3345.3,,
45859,3406.4,3358.3,,
45860,3443.7,3406.4,,
45861,3397.6,3443.7,,
45862,3373.5,3397.6,,
45863,3335.6,3373.5,,
45866,3310,3335.6,,
45867,3324,3310,,
45868,3295.8,3324,,
45869,3293.2,3295.8,,
45870,3347.7,3293.2,,
45873,3374.4,3347.7,,
45874,3381.9,3374.4,,
45875,3380,3381.9,,
45876,3400.3,3380,,
45877,3439.1,3400.3,,
45880,3353.1,3439.1,,
45881,3348.9,3353.1,,
45882,3358.7,3348.9,,
45883,3335.2,3358.7,,
45884,3336,3335.2,,
45887,3331.7,3336,,
45888,3313.4,3331.7,,
45889,3343.4,3313.4,,
45890,3336.9,3343.4,,
45891,3374.4,3336.9,,
45894,3373.8,3374.4,,
45895,3388.6,3373.8,,
45896,3404.6,3388.6,,
45897,3445.8,3404.6,,
45898,3487.2,3445.8,,
45902,3562.9,3487.2,,
45903,3606.1,3562.9,,
45904,3577.3,3606.1,,
45905,3624,3577.3,,
45908,3648.5,3624,,
45909,3653.3,3648.5,,
45910,3653.1,3653.3,,
45911,3645,3653.1,,
45912,3657.3,3645,,
45915,3689.5,3657.3,,
45916,3695.5,3689.5,,
45917,3688,3695.5,,
45918,3648.7,3688,,
45919,3676,3648.7,,
45922,3744.8,3676,,
45923,3784.2,3744.8,,
45924,3735,3784.2,,
45925,3738.7,3735,,
45926,3776.2,3738.7,,
45929,3820.9,3776.2,,
45930,3840.8,3820.9,,
45931,3867.5,3840.8,,
45932,3839.7,3867.5,,
45933,3880.8,3839.7,,
45936,3948.5,3880.8,,
45937,3976.6,3948.5,,
45938,4043.3,3976.6,,
45939,3946.3,4043.3,,
45940,3975.9,3946.3,,
45943,4108.6,3975.9,,
45944,4138.7,4108.6,,
45945,4176.9,4138.7,,
45946,4280.2,4176.9,,
45947,4189.9,4280.2,,
45950,4336.4,4189.9,,
45951,4087.7,4336.4,,
45952,4044.4,4087.7,,
45953,4125.5,4044.4,,
45954,4118.4,4125.5,,
45957,4001.9,4118.4,,
45958,3966.2,4001.9,,
45959,3983.7,3966.2,,
45960,4015.9,3983.7,,
45961,3996.5,4015.9,,
45964,4014,3996.5,,
45965,3960.5,4014,,
45966,3992.9,3960.5,,
45967,3991,3992.9,,
45968,4009.8,3991,,
45971,4122,4009.8,,
45972,4116.3,4122,,
45973,4213.6,4116.3,,
45974,4194.5,4213.6,,
45975,4094.2,4194.5,,
45978,4074.5,4094.2,,
45979,4066.5,4074.5,,
45980,4082.8,4066.5,,
45981,4060,4082.8,,
45982,4079.5,4060,,
45985,4094.2,4079.5,,
45986,4140,4094.2,,
45987,4165.2,4140,,
45989,4218.3,4165.2,,
45992,4239.3,4218.3,,
45993,4186.6,4239.3,,
45994,4199.3,4186.6,,
45995,4211.8,4199.3,,
45996,4212.9,4211.8,,
45999,4187.2,4212.9,,
46000,4206.7,4187.2,,
46001,4196.4,4206.7,,
46002,4285.5,4196.4,,
46003,4300.1,4285.5,,
46006,4306.7,4300.1,,
46007,4304.5,4306.7,,
46008,4347.5,4304.5,,
46009,4339.5,4347.5,,
46010,4361.4,4339.5,,
46013,4444.6,4361.4,,
46014,4482.8,4444.6,,
46015,4480.6,4482.8,,
46017,4529.1,4480.6,,
46020,4325.1,4529.1,,
46021,4386.3,4325.1,,
46022,4341.1,4386.3,,
46024,4329.6,4341.1,,
46027,4451.5,4329.6,,
46028,4496.1,4451.5,,
46029,4462.5,4496.1,,
46030,4460.7,4462.5,,
46031,4500.9,4460.7,,
46034,4614.7,4500.9,,
46035,4599.1,4614.7,,
46036,4635.7,4599.1,,
46037,4623.7,4635.7,,
46038,4595.4,4623.7,,
46042,4765.8,4595.4,,
46043,4837.5,4765.8,,
46044,4913.4,4837.5,,
46045,4979.7,4913.4,,
46048,5082.5,4979.7,,
46049,5082.6,5082.5,,
46050,5303.6,5082.6,,
46051,5318.4,5303.6,,
46052,4713.9,5318.4,,
46055,4622.5,4713.9,,
46056,4903.7,4622.5,,
46057,4920.4,4903.7,,
46058,4861.4,4920.4,,
46059,4951.2,4861.4,,
46062,5050.9,4951.2,,
46063,5003.8,5050.9,,
46064,5071.6,5003.8,,
46065,4923.7,5071.6,,
46066,5022,4923.7,,
46070,4882.9,5022,,
46071,4986.5,4882.9,,
46072,4975.9,4986.5,,
46073,5059.3,4975.9,,
46076,5204.7,5059.3,,
46077,5155.8,5204.7,,
46078,5206.4,5155.8,,
46079,5194.2,5206.4,,
46080,5247.9,5194.2,,
46083,5311.6,5247.9,,
46084,5123.7,5311.6,,
46085,5134.7,5123.7,,
46086,5078.7,5134.7,,
46087,5158.7,5078.7,,
46090,5103.7,5158.7,,
46091,5242.1,5103.7,,
46092,5179.1,5242.1,,
46093,5125.8,5179.1,,
46094,5061.7,5125.8,,
46097,5002.2,5061.7,,
46098,5008.2,5002.2,,
46099,4896.2,5008.2,,
46100,4605.7,4896.2,,
46101,4574.9,4605.7,,
46104,4407.3,4574.9,,
46105,4402,4407.3,,
46106,4552.3,4402,,
46107,4376.3,4552.3,,
46108,4492.5,4376.3,,
46111,4526,4492.5,,
46112,4647.6,4526,,
46113,4783.2,4647.6,,
46114,4651.5,4783.2,,
46115,4651.5,4651.5,,
46118,4656.8,4651.5,,
46119,4657.1,4656.8,,
46120,4749.5,4657.1,,
46121,4792.2,4749.5,,
46122,4761.9,4792.2,,
46125,4742.4,4761.9,,
46126,4825,4742.4,,
46127,4800,4825,,
46128,4785.4,4800,,
46129,4857.6,4785.4,,
46132,4806.6,4857.6,,
46133,4698.4,4806.6,,
46134,4732.5,4698.4,,
46135,4705.1,4732.5,,
46136,4722.3,4705.1,,
46139,4675.4,4722.3,,
46140,4591.5,4675.4,,
46141,4561.5,4591.5,,
46142,4629.6,4561.5,,
46143,4644.5,4629.6,,
46146,4533.3,4644.5,,
46147,4568.5,4533.3,,