GLD US Equity,,,,
40182,109.8,107.31,,
40183,109.7,109.8,,
40184,111.51,109.7,,
40185,110.82,111.51,,
40186,111.37,110.82,,
40189,112.85,111.37,,
40190,110.49,112.85,,
40191,111.54,110.49,,
40192,112.03,111.54,,
40193,110.86,112.03,,
40197,111.52,110.86,,
40198,108.94,111.52,,
40199,107.37,108.94,,
40200,107.17,107.37,,
40203,107.48,107.17,,
40204,107.56,107.48,,
40205,106.528,107.56,,
40206,106.48,106.528,,
40207,105.96,106.48,,
40210,108.35,105.96,,
40211,109.13,108.35,,
40212,108.7,109.13,,
40213,104.37,108.7,,
40214,104.68,104.37,,
40217,104.04,104.68,,
40218,105.41,104.04,,
40219,105.12,105.41,,
40220,107.13,105.12,,
40221,107.04,107.13,,
40225,109.62,107.04,,
40226,109.25,109.62,,
40227,109.98,109.25,,
40228,109.47,109.98,,
40231,109.07,109.47,,
40232,107.89,109.07,,
40233,107.36,107.89,,
40234,108.31,107.36,,
40235,109.43,108.31,,
40238,109.43,109.43,,
40239,111.02,109.43,,
40240,111.63,111.02,,
40241,110.83,111.63,,
40242,110.81,110.83,,
40245,109.88,110.81,,
40246,109.718,109.88,,
40247,108.47,109.718,,
40248,108.6,108.47,,
40249,107.95,108.6,,
40252,108.36,107.95,,
40253,110.4,108.36,,
40254,109.59,110.4,,
40255,110.34,109.59,,
40256,108.28,110.34,,
40259,107.75,108.28,,
40260,108.32,107.75,,
40261,106.3,108.32,,
40262,106.78,106.3,,
40263,108.59,106.78,,
40266,108.75,108.59,,
40267,107.97,108.75,,
40268,108.95,107.97,,
40269,110.26,108.95,,
40273,110.89,110.26,,
40274,111.03,110.89,,
40275,112.49,111.03,,
40276,112.65,112.49,,
40277,113.64,112.65,,
40280,113.01,113.64,,
40281,112.69,113.01,,
40282,113.03,112.69,,
40283,113.65,113.03,,
40284,111.24,113.65,,
40287,111.15,111.24,,
40288,111.46,111.15,,
40289,112.31,111.46,,
40290,111.84,112.31,,
40291,113.19,111.84,,
40294,112.75,113.19,,
40295,114.63,112.75,,
40296,114.31,114.63,,
40297,114.28,114.31,,
40298,115.36,114.28,,
40301,115.73,115.36,,
40302,114.87,115.73,,
40303,115.09,114.87,,
40304,118.486,115.09,,
40305,118.27,118.486,,
40308,117.57,118.27,,
40309,120.656,117.57,,
40310,121.4,120.656,,
40311,120.56,121.4,,
40312,120.37,120.56,,
40315,119.36,120.37,,
40316,119.49,119.36,,
40317,116.63,119.49,,
40318,115.84,116.63,,
40319,115.22,115.84,,
40322,116.84,115.22,,
40323,117.36,116.84,,
40324,118.47,117.36,,
40325,118.69,118.47,,
40326,118.881,118.69,,
40330,119.91,118.881,,
40331,119.78,119.91,,
40332,117.96,119.78,,
40333,119.19,117.96,,
40336,121.49,119.19,,
40337,121.0025,121.49,,
40338,120.56,121.0025,,
40339,118.975,120.56,,
40340,120.01,118.975,,
40343,119.6,120.01,,
40344,120.99,119.6,,
40345,120.33,120.99,,
40346,121.9,120.33,,
40347,122.83,121.9,,
40350,120.39,122.83,,
40351,121.45,120.39,,
40352,120.95,121.45,,
40353,121.3,120.95,,
40354,122.76,121.3,,
40357,121.09,122.76,,
40358,121.27,121.09,,
40359,121.68,121.27,,
40360,117.04,121.68,,
40361,118.49,117.04,,
40365,116.51,118.49,,
40366,117.73,116.51,,
40367,117.21,117.73,,
40368,118.36,117.21,,
40371,117.34,118.36,,
40372,118.36,117.34,,
40373,118.3,118.36,,
40374,118.23,118.3,,
40375,116.67,118.23,,
40378,115.73,116.67,,
40379,116.65,115.73,,
40380,115.85,116.65,,
40381,116.863,115.85,,
40382,116.09,116.863,,
40385,115.52,116.09,,
40386,113.51,115.52,,
40387,113.78,113.51,,
40388,114.288,113.78,,
40389,115.49,114.288,,
40392,115.54,115.49,,
40393,115.99,115.54,,
40394,116.72,115.99,,
40395,116.98,116.72,,
40396,117.84,116.98,,
40399,117.4,117.84,,
40400,117.73,117.4,,
40401,117.34,117.73,,
40402,118.77,117.34,,
40403,118.74,118.77,,
40406,119.73,118.74,,
40407,119.75,119.73,,
40408,120.22,119.75,,
40409,120.39,120.22,,
40410,119.97,120.39,,
40413,119.78,119.97,,
40414,120.36,119.78,,
40415,121.36,120.36,,
40416,120.96,121.36,,
40417,121.01,120.96,,
40420,120.91,121.01,,
40421,122.08,120.91,,
40422,121.69,122.08,,
40423,122.29,121.69,,
40424,121.86,122.29,,
40428,122.7,121.86,,
40429,122.71,122.7,,
40430,121.56,122.71,,
40431,121.73,121.56,,
40434,121.62,121.73,,
40435,124.024,121.62,,
40436,123.94,124.024,,
40437,124.63,123.94,,
40438,124.5425,124.63,,
40441,124.87,124.5425,,
40442,126.01,124.87,,
40443,126.2,126.01,,
40444,126.3,126.2,,
40445,126.69,126.3,,
40448,126.72,126.69,,
40449,127.85,126.72,,
40450,127.95,127.85,,
40451,127.91,127.95,,
40452,128.91,127.91,,
40455,128.46,128.91,,
40456,130.99,128.46,,
40457,131.81,130.99,,
40458,130.37,131.81,,
40459,131.66,130.37,,
40462,132.292,131.66,,
40463,131.96,132.292,,
40464,134.07,131.96,,
40465,134.75,134.07,,
40466,133.68,134.75,,
40469,134.28,133.68,,
40470,130.11,134.28,,
40471,131.32,130.11,,
40472,129.47,131.32,,
40473,129.73,129.47,,
40476,130.85,129.73,,
40477,130.88,130.85,,
40478,129.52,130.88,,
40479,131.24,129.52,,
40480,132.62,131.24,,
40483,131.92,132.62,,
40484,132.49,131.92,,
40485,131.57,132.49,,
40486,136.03,131.57,,
40487,136.38,136.03,,
40490,137.78,136.38,,
40491,135.59,137.78,,
40492,137.24,135.59,,
40493,137.66,137.24,,
40494,133.69,137.66,,
40497,132.42,133.69,,
40498,130.968,132.42,,
40499,130.38,130.968,,
40500,132.088,130.38,,
40501,132.2,132.088,,
40504,133.48,132.2,,
40505,134.41,133.48,,
40506,134.18,134.41,,
40508,133.11,134.18,,
40511,133.508,133.11,,
40512,135.42,133.508,,
40513,135.38,135.42,,
40514,135.2,135.38,,
40515,138.07,135.2,,
40518,139.11,138.07,,
40519,136.5,139.11,,
40520,134.79,136.5,,
40521,135.37,134.79,,
40522,135.408,135.37,,
40525,136.05,135.408,,
40526,136.18,136.05,,
40527,134.7,136.18,,
40528,133.81,134.7,,
40529,134.2,133.81,,
40532,135.11,134.2,,
40533,135.32,135.11,,
40534,135.05,135.32,,
40535,134.66,135.05,,
40539,135.02,134.66,,
40540,137.22,135.02,,
40541,137.71,137.22,,
40542,137.03,137.71,,
40543,138.72,137.03,,
40546,138,138.72,,
40547,134.75,138,,
40548,134.37,134.75,,
40549,133.83,134.37,,
40550,133.58,133.83,,
40553,134.12,133.58,,
40554,134.91,134.12,,
40555,135.46,134.91,,
40556,134.05,135.46,,
40557,132.69,134.05,,
40561,133.43,132.69,,
40562,133.72,133.43,,
40563,131.2,133.72,,
40564,131.03,131.2,,
40567,130.36,131.03,,
40568,130.1,130.36,,
40569,131.16,130.1,,
40570,127.925,131.16,,
40571,130.28,127.925,,
40574,129.87,130.28,,
40575,130.8,129.87,,
40576,130.45,130.8,,
40577,132.2,130.45,,
40578,131.66,132.2,,
40581,131.68,131.66,,
40582,133.14,131.68,,
40583,133.07,133.14,,
40584,132.85,133.07,,
40585,132.3225,132.85,,
40588,132.95,132.3225,,
40589,133.97,132.95,,
40590,134.1,133.97,,
40591,135.04,134.1,,
40592,135.41,135.04,,
40596,136.29,135.41,,
40597,137.51,136.29,,
40598,136.48,137.51,,
40599,137.384,136.48,,
40602,137.661,137.384,,
40603,140.03,137.661,,
40604,139.917,140.03,,
40605,138.09,139.917,,
40606,139.35,138.09,,
40609,139.721,139.35,,
40610,139.36,139.721,,
40611,139.41,139.36,,
40612,137.77,139.41,,
40613,138.22,137.77,,
40616,138.86,138.22,,
40617,136.27,138.86,,
40618,136.24,136.27,,
40619,136.97,136.24,,
40620,138.37,136.97,,
40623,139.14,138.37,,
40624,139.05,139.14,,
40625,140.34,139.05,,
40626,139.22,140.34,,
40627,139.26,139.22,,
40630,138.54,139.26,,
40631,138.21,138.54,,
40632,138.67,138.21,,
40633,139.86,138.67,,
40634,139.2,139.86,,
40637,139.84,139.2,,
40638,142.05,139.84,,
40639,142.38,142.05,,
40640,142.51,142.38,,
40641,143.66,142.51,,
40644,142.64,143.66,,
40645,141.61,142.64,,
40646,141.9,141.61,,
40647,143.81,141.9,,
40648,145.05,143.81,,
40651,145.93,145.05,,
40652,145.93,145.93,,
40653,146.5,145.93,,
40654,146.74,146.5,,
40658,146.87,146.74,,
40659,146.38,146.87,,
40660,149.2,146.38,,
40661,149.82,149.2,,
40662,152.37,149.82,,
40665,150.414,152.37,,
40666,149.88,150.414,,
40667,147.73,149.88,,
40668,143.47,147.73,,
40669,145.3,143.47,,
40672,147.38,145.3,,
40673,147.9,147.38,,
40674,146.54,147.9,,
40675,146.59,146.54,,
40676,145.63,146.59,,
40679,145.37,145.63,,
40680,144.74,145.37,,
40681,145.6,144.74,,
40682,145.65,145.6,,
40683,147.49,145.65,,
40686,147.83,147.49,,
40687,148.59,147.83,,
40688,148.58,148.59,,
40689,148.22,148.58,,
40690,149.7,148.22,,
40694,149.64,149.7,,
40695,149.91,149.64,,
40696,149.5,149.91,,
40697,150.22,149.5,,
40700,150.48,150.22,,
40701,150.42,150.48,,
40702,149.81,150.42,,
40703,150.56,149.81,,
40704,149.24,150.56,,
40707,147.77,149.24,,
40708,148.67,147.77,,
40709,149.12,148.67,,
40710,148.97,149.12,,
40711,149.94,148.97,,
40714,150.03,149.94,,
40715,150.76,150.03,,
40716,150.99,150.76,,
40717,148.339,150.99,,
40718,146.26,148.339,,
40721,145.73,146.26,,
40722,146.24,145.73,,
40723,147.18,146.24,,
40724,146.001,147.18,,
40725,144.93,146.001,,
40729,147.63,144.93,,
40730,148.91,147.63,,
40731,149.15,148.91,,
40732,150.25,149.15,,
40735,151.59,150.25,,
40736,152.77,151.59,,
40737,154.14,152.77,,
40738,154.54,154.14,,
40739,155.2,154.54,,
40742,156.57,155.2,,
40743,154.66,156.57,,
40744,156.02,154.66,,
40745,154.83,156.02,,
40746,156.12,154.83,,
40749,157.34,156.12,,
40750,157.77,157.34,,
40751,157.19,157.77,,
40752,157.32,157.19,,
40753,158.29,157.32,,
40756,157.72,158.29,,
40757,161.52,157.72,,
40758,161.49,161.52,,
40759,160.64,161.49,,
40760,161.75,160.64,,
40763,167.119,161.75,,
40764,168.61,167.119,,
40765,174.58,168.61,,
40766,170.75,174.58,,
40767,169.97,170.75,,
40770,171.8,169.97,,
40771,173.92,171.8,,
40772,174.42,173.92,,
40773,177.72,174.42,,
40774,179.95,177.72,,
40777,184.59,179.95,,
40778,177.67,184.59,,
40779,171.646,177.67,,
40780,172.36,171.646,,
40781,177.47,172.36,,
40784,173.89,177.47,,
40785,179.1,173.89,,
40786,177.72,179.1,,
40787,177.87,177.72,,
40788,183.238,177.87,,
40792,182.9,183.238,,
40793,177.08,182.9,,
40794,181.81,177.08,,
40795,180.7,181.81,,
40798,176.67,180.7,,
40799,178.54,176.67,,
40800,177.21,178.54,,
40801,174.4,177.21,,
40802,176.03,174.4,,
40805,173.31,176.03,,
40806,175.78,173.31,,
40807,173.59,175.78,,
40808,169.05,173.59,,
40809,159.8,169.05,,
40812,157.58,159.8,,
40813,160.63,157.58,,
40814,156.22,160.63,,
40815,157.7,156.22,,
40816,158.06,157.7,,
40819,160.96,158.06,,
40820,157.644,160.96,,
40821,159.46,157.644,,
40822,160.49,159.46,,
40823,159.18,160.49,,
40826,163.266,159.18,,
40827,162.1,163.266,,
40828,163.26,162.1,,
40829,162.3,163.26,,
40830,163.4,162.3,,
40833,162.62,163.4,,
40834,161.84,162.62,,
40835,159.87,161.84,,
40836,157.77,159.87,,
40837,159.52,157.77,,
40840,161.02,159.52,,
40841,165.59,161.02,,
40842,167.4,165.59,,
40843,169.55,167.4,,
40844,169.62,169.55,,
40847,167.34,169.62,,
40848,167.38,167.34,,
40849,169.06,167.38,,
40850,171.72,169.06,,
40851,170.85,171.72,,
40854,174.98,170.85,,
40855,173.53,174.98,,
40856,172.07,173.53,,
40857,171.14,172.07,,
40858,173.96,171.14,,
40861,173.2,173.96,,
40862,173.36,173.2,,
40863,171.51,173.36,,
40864,167.1,171.51,,
40865,167.62,167.1,,
40868,163.5,167.62,,
40869,165.31,163.5,,
40870,164.83,165.31,,
40872,163.4,164.83,,
40875,166.63,163.4,,
40876,166.88,166.63,,
40877,170.13,166.88,,
40878,169.63,170.13,,
40879,169.82,169.63,,
40882,167.32,169.82,,
40883,168.18,167.32,,
40884,169.4,168.18,,
40885,165.976,169.4,,
40886,166.4,165.976,,
40889,161.99,166.4,,
40890,158.45,161.99,,
40891,152.89,158.45,,
40892,152.33,152.89,,
40893,155.23,152.33,,
40896,154.87,155.23,,
40897,156.98,154.87,,
40898,157.16,156.98,,
40899,156.04,157.16,,
40900,156.31,156.04,,
40904,154.91,156.31,,
40905,151.03,154.91,,
40906,150.34,151.03,,
40907,151.99,150.34,,
40911,155.92,151.99,,
40912,156.71,155.92,,
40913,157.78,156.71,,
40914,157.2,157.78,,
40917,156.5,157.2,,
40918,158.64,156.5,,
40919,159.67,158.64,,
40920,160.38,159.67,,
40921,159.26,160.38,,
40925,160.5,159.26,,
40926,161.6,160.5,,
40927,161.22,161.6,,
40928,162.07,161.22,,
40931,163.16,162.07,,
40932,162.01,163.16,,
40933,166.42,162.01,,
40934,167.27,166.42,,
40935,168.97,167.27,,
40938,168.03,168.97,,
40939,169.31,168.03,,
40940,169.56,169.31,,
40941,171.05,169.56,,
40942,167.64,171.05,,
40945,167.18,167.64,,
40946,169.7,167.18,,
40947,168.5,169.7,,
40948,168.02,168.5,,
40949,167.14,168.02,,
40952,167.51,167.14,,
40953,167.12,167.51,,
40954,168.108,167.12,,
40955,168,168.108,,
40956,167.35,168,,
40960,171.02,167.35,,
40961,172.94,171.02,,
40962,173.02,172.94,,
40963,172.231,173.02,,
40966,171.7,172.231,,
40967,173.49,171.7,,
40968,164.286,173.49,,
40969,166.61,164.286,,
40970,166.34,166.61,,
40973,165.65,166.34,,
40974,162.7,165.65,,
40975,163.63,162.7,,
40976,165.28,163.63,,
40977,166.3799,165.28,,
40980,165.07,166.3799,,
40981,162.3,165.07,,
40982,159.57,162.3,,
40983,161.08,159.57,,
40984,161.3,161.08,,
40987,161.59,161.3,,
40988,160.13,161.59,,
40989,160.21,160.13,,
40990,159.57,160.21,,
40991,161.5329,159.57,,
40994,164.4,161.5329,,
40995,163.24,164.4,,
40996,161.51,163.24,,
40997,161.28,161.51,,
40998,162.12,161.28,,
41001,162.94,162.12,,
41002,159.89,162.94,,
41003,157.21,159.89,,
41004,158.31,157.21,,
41008,159.37,158.31,,
41009,161.1,159.37,,
41010,161.065,161.1,,
41011,162.7,161.065,,
41012,160.85,162.7,,
41015,160.46,160.85,,
41016,160.27,160.46,,
41017,159.31,160.27,,
41018,159.43,159.31,,
41019,159.54,159.43,,
41022,159.07,159.54,,
41023,159.3,159.07,,
41024,159.62,159.3,,
41025,161.03,159.62,,
41026,161.38,161.03,,
41029,161.88,161.38,,
41030,161.32,161.88,,
41031,160.59,161.32,,
41032,158.97,160.59,,
41033,159.47,158.97,,
41036,159.08,159.47,,
41037,156,159.08,,
41038,154.47,156,,
41039,154.77,154.47,,
41040,153.56,154.77,,
41043,151.33,153.56,,
41044,149.74,151.33,,
41045,149.46,149.74,,
41046,152.8,149.46,,
41047,154.55,152.8,,
41050,154.65,154.55,,
41051,152.08,154.65,,
41052,151.62,152.08,,
41053,151.41,151.62,,
41054,152.68,151.41,,
41058,151.02,152.68,,
41059,151.91,151.02,,
41060,151.62,151.91,,
41061,157.5,151.62,,
41064,157.32,157.5,,
41065,157.14,157.32,,
41066,157.21,157.14,,
41067,154.5,157.21,,
41068,154.73,154.5,,
41071,155.36,154.73,,
41072,156.4594,155.36,,
41073,157.12,156.4594,,
41074,157.75,157.12,,
41075,157.84,157.75,,
41078,157.93,157.84,,
41079,157.16,157.93,,
41080,155.97,157.16,,
41081,152.015,155.97,,
41082,152.64,152.015,,
41085,153.76,152.64,,
41086,152.62,153.76,,
41087,152.83,152.62,,
41088,151.05,152.83,,
41089,155.19,151.05,,
41092,155.09,155.19,,
41093,157.46,155.09,,
41095,155.68,157.46,,
41096,153.71,155.68,,
41099,154.04,153.71,,
41100,152.15,154.04,,
41101,152.99,152.15,,
41102,152.59,152.99,,
41103,154.14,152.59,,
41106,154.21,154.14,,
41107,153.47,154.21,,
41108,153.05,153.47,,
41109,153.38,153.05,,
41110,153.67,153.38,,
41113,153.03,153.67,,
41114,153.52,153.03,,
41115,155.67,153.52,,
41116,156.77,155.67,,
41117,157.54,156.77,,
41120,157.43,157.54,,
41121,156.49,157.43,,
41122,155.14,156.49,,
41123,154.13,155.14,,
41124,155.55,154.13,,
41127,156.3,155.55,,
41128,156.28,156.3,,
41129,156.48,156.28,,
41130,156.99,156.48,,
41131,157.18,156.99,,
41134,155.99,157.18,,
41135,155.13,155.99,,
41136,155.63,155.13,,
41137,156.56,155.63,,
41138,156.72,156.56,,
41141,157.26,156.72,,
41142,158.83,157.26,,
41143,160.54,158.83,,
41144,161.89,160.54,,
41145,161.97,161.89,,
41148,161.36,161.97,,
41149,161.64,161.36,,
41150,160.59,161.64,,
41151,160.52,160.59,,
41152,164.22,160.52,,
41156,164.48,164.22,,
41157,164.31,164.48,,
41158,164.89,164.31,,
41159,168.44,164.89,,
41162,167.29,168.44,,
41163,167.9,167.29,,
41164,167.92,167.9,,
41165,171.31,167.92,,
41166,171.8,171.31,,
41169,170.4,171.8,,
41170,171.72,170.4,,
41171,171.74,171.72,,
41172,171.47,171.74,,
41173,171.96,171.47,,
41176,171.05,171.96,,
41177,170.77,171.05,,
41178,169.81,170.77,,
41179,172.34,169.81,,
41180,171.89,172.34,,
41183,172.295,171.89,,
41184,172.1,172.295,,
41185,172.41,172.1,,
41186,173.61,172.41,,
41187,172.62,173.61,,
41190,172.05,172.62,,
41191,170.99,172.05,,
41192,170.84,170.99,,
41193,171.32,170.84,,
41194,170.06,171.32,,
41197,168.35,170.06,,
41198,169.42,168.35,,
41199,169.54,169.42,,
41200,168.7891,169.54,,
41201,166.97,168.7891,,
41204,167.58,166.97,,
41205,165.4258,167.58,,
41206,164.8603,165.4258,,
41207,166.02,164.8603,,
41208,165.93,166.02,,
41213,166.83,165.93,,
41214,166.07,166.83,,
41215,162.6,166.07,,
41218,163.23,162.6,,
41219,166.3,163.23,,
41220,166.49,166.3,,
41221,167.99,166.49,,
41222,167.82,167.99,,
41225,167.45,167.82,,
41226,167.1,167.45,,
41227,167.14,167.1,,
41228,166.09,167.14,,
41229,165.88,166.09,,
41232,167.87,165.88,,
41233,167.39,167.87,,
41234,167.56,167.39,,
41236,169.61,167.56,,
41239,169.43,169.61,,
41240,168.71,169.43,,
41241,166.55,168.71,,
41242,167.1817,166.55,,
41243,166.05,167.1817,,
41246,166.1267,166.05,,
41247,164.42,166.1267,,
41248,164.12,164.42,,
41249,164.5,164.12,,
41250,165.165,164.5,,
41253,165.8,165.165,,
41254,165.65,165.8,,
41255,165.77,165.65,,
41256,164.37,165.77,,
41257,164.13,164.37,,
41260,164.44,164.13,,
41261,162.08,164.44,,
41262,161.69,162.08,,
41263,159.73,161.69,,
41264,160.33,159.73,,
41267,160.62,160.33,,
41269,160.78,160.62,,
41270,161.16,160.78,,
41271,160.54,161.16,,
41274,162.0204,160.54,,
41276,163.17,162.0204,,
41277,161.2,163.17,,
41278,160.44,161.2,,
41281,159.43,160.44,,
41282,160.56,159.43,,
41283,160.49,160.56,,
41284,161.98,160.49,,
41285,161.06,161.98,,
41288,161.54,161.06,,
41289,162.558,161.54,,
41290,162.65,162.558,,
41291,163.35,162.65,,
41292,163.09,163.35,,
41296,163.67,163.09,,
41297,163.21,163.67,,
41298,161.42,163.21,,
41299,160.65,161.42,,
41302,160.29,160.65,,
41303,160.99,160.29,,
41304,162.19,160.99,,
41305,161.2,162.19,,
41306,161.45,161.2,,
41309,162,161.45,,
41310,161.96,162,,
41311,162.39,161.96,,
41312,161.84,162.39,,
41313,161.57,161.84,,
41316,159.7,161.57,,
41317,159.89,159.7,,
41318,159.05,159.89,,
41319,158.348,159.05,,
41320,155.76,158.348,,
41324,155.33,155.76,,
41325,151.44,155.33,,
41326,152.62,151.44,,
41327,152.97,152.62,,
41330,154.34,152.97,,
41331,156.22,154.34,,
41332,154.57,156.22,,
41333,153,154.57,,
41334,152.44,153,,
41337,152.3,152.44,,
41338,152.38,152.3,,
41339,153.23,152.38,,
41340,152.69,153.23,,
41341,152.71,152.69,,
41344,152.99,152.71,,
41345,154.19,152.99,,
41346,153.66,154.19,,
41347,153.68,153.66,,
41348,154.001,153.68,,
41351,155.38,154.001,,
41352,156.08,155.38,,
41353,155.37,156.08,,
41354,156.246,155.37,,
41355,155.55,156.246,,
41358,155.24,155.55,,
41359,154.72,155.24,,
41360,155.36,154.72,,
41361,154.47,155.36,,
41365,154.67,154.47,,
41366,152.43,154.67,,
41367,150.73,152.43,,
41368,150.29,150.73,,
41369,152.81,150.29,,
41372,152.16,152.81,,
41373,153.34,152.16,,
41374,150.75,153.34,,
41375,151.05,150.75,,
41376,143.95,151.05,,
41379,131.31,143.95,,
41380,132.8,131.31,,
41381,132.87,132.8,,
41382,134.3,132.87,,
41383,135.47,134.3,,
41386,137.9,135.47,,
41387,136.88,137.9,,
41388,138.3699,136.88,,
41389,141.63,138.3699,,
41390,140.91,141.63,,
41393,142.3,140.91,,
41394,142.77,142.3,,
41395,141.11,142.77,,
41396,141.92,141.11,,
41397,142.09,141.92,,
41400,142.15,142.09,,
41401,140.38,142.15,,
41402,142.46,140.38,,
41403,140.81,142.46,,
41404,139.6,140.81,,
41407,138.43,139.6,,
41408,137.81,138.43,,
41409,134.63,137.81,,
41410,134.09,134.63,,
41411,131.07,134.09,,
41414,135.12,131.07,,
41415,132.88,135.12,,
41416,131.94,132.88,,
41417,134.61,131.94,,
41418,133.76,134.61,,
41422,133.49,133.76,,
41423,134.83,133.49,,
41424,136.7,134.83,,
41425,133.92,136.7,,
41428,136.51,133.92,,
41429,135.23,136.51,,
41430,135.52,135.23,,
41431,136.53,135.52,,
41432,133.28,136.53,,
41435,133.94,133.28,,
41436,133.25,133.94,,
41437,134.25,133.25,,
41438,133.74,134.25,,
41439,134.43,133.74,,
41442,133.77,134.43,,
41443,132.13,133.77,,
41444,130.59,132.13,,
41445,123.6,130.59,,
41446,125.05,123.6,,
41449,123.93,125.05,,
41450,123.47,123.93,,
41451,118.28,123.47,,
41452,115.94,118.28,,
41453,119.11,115.94,,
41456,121.13,119.11,,
41457,120.05,121.13,,
41458,120.74,120.05,,
41460,118.09,120.74,,
41463,119.51,118.09,,
41464,120.62,119.51,,
41465,120.95,120.62,,
41466,124.24,120.95,,
41467,124.13,124.24,,
41470,124.18,124.13,,
41471,124.89,124.18,,
41472,123.32,124.89,,
41473,124.01,123.32,,
41474,125.11,124.01,,
41477,128.84,125.11,,
41478,129.71,128.84,,
41479,127.48,129.71,,
41480,128.67,127.48,,
41481,128.78,128.67,,
41484,128.47,128.78,,
41485,128.12,128.47,,
41486,127.96,128.12,,
41487,126.61,127.96,,
41488,126.36,126.61,,
41491,125.7,126.36,,
41492,123.97,125.7,,
41493,124.15,123.97,,
41494,126.86,124.15,,
41495,126.86,126.86,,
41498,129.13,126.86,,
41499,127.74,129.13,,
41500,129,127.74,,
41501,131.69,129,,
41502,132.58,131.69,,
41505,132.01,132.58,,
41506,132.45,132.01,,
41507,132.07,132.45,,
41508,132.81,132.07,,
41509,134.9,132.81,,
41512,135.45,134.9,,
41513,136.75,135.45,,
41514,136.71,136.75,,
41515,135.87,136.71,,
41516,134.62,135.87,,
41520,136.42,134.62,,
41521,134.66,136.42,,
41522,132.2,134.66,,
41523,134.15,132.2,,
41526,133.91,134.15,,
41527,131.74,133.91,,
41528,131.7,131.74,,
41529,127.67,131.7,,
41530,127.82,127.67,,
41533,126.45,127.82,,
41534,126.5,126.45,,
41535,132.01,126.5,,
41536,131.75,132.01,,
41537,127.96,131.75,,
41540,127.55,127.96,,
41541,127.66,127.55,,
41542,128.79,127.66,,
41543,127.79,128.79,,
41544,128.97,127.79,,
41547,128.18,128.97,,
41548,124.59,128.18,,
41549,127.06,124.59,,
41550,127.18,127.06,,
41551,126.53,127.18,,
41554,127.64,126.53,,
41555,127.4,127.64,,
41556,126.11,127.4,,
41557,124.27,126.11,,
41558,122.6,124.27,,
41561,122.83,122.6,,
41562,123.73,122.83,,
41563,123.54,123.73,,
41564,127.42,123.54,,
41565,126.85,127.42,,
41568,126.98,126.85,,
41569,129.34,126.98,,
41570,128.69,129.34,,
41571,129.9,128.69,,
41572,130.46,129.9,,
41575,130.56,130.46,,
41576,129.77,130.56,,
41577,129.6,129.77,,
41578,127.74,129.6,,
41579,126.95,127.74,,
41582,126.81,126.95,,
41583,126.56,126.81,,
41584,127.2,126.56,,
41585,126.16,127.2,,
41586,124.279,126.16,,
41589,123.87,124.279,,
41590,122.45,123.87,,
41591,122.85,122.45,,
41592,124.27,122.85,,
41593,124.32,124.27,,
41596,122.9,124.32,,
41597,122.95,122.9,,
41598,120.12,122.95,,
41599,119.94,120.12,,
41600,119.92,119.94,,
41603,120.46,119.92,,
41604,119.82,120.46,,
41605,119.46,119.82,,
41607,120.7,119.46,,
41610,117.58,120.7,,
41611,117.96,117.58,,
41612,119.96,117.96,,
41613,118.3,119.96,,
41614,118.55,118.3,,
41617,119.72,118.55,,
41618,121.82,119.72,,
41619,120.86,121.82,,
41620,118.29,120.86,,
41621,119.38,118.29,,
41624,119.69,119.38,,
41625,118.65,119.69,,
41626,117.61,118.65,,
41627,114.82,117.61,,
41628,115.94,114.82,,
41631,115.57,115.94,,
41632,116.1,115.57,,
41634,116.74,116.1,,
41635,117.12,116.74,,
41638,115.39,117.12,,
41639,116.12,115.39,,
41641,118,116.12,,
41642,119.29,118,,
41645,119.5,119.29,,
41646,118.82,119.5,,
41647,118.12,118.82,,
41648,118.46,118.12,,
41649,120.26,118.46,,
41652,121.02,120.26,,
41653,119.89,121.02,,
41654,119.66,119.89,,
41655,119.79,119.66,,
41656,120.93,119.79,,
41660,119.7,120.93,,
41661,119.19,119.7,,
41662,121.79,119.19,,
41663,122.29,121.79,,
41666,120.96,122.29,,
41667,120.95,120.96,,
41668,122.47,120.95,,
41669,119.77,122.47,,
41670,120.09,119.77,,
41673,121.32,120.09,,
41674,120.99,121.32,,
41675,121.29,120.99,,
41676,121.24,121.29,,
41677,122.17,121.24,,
41680,122.92,122.17,,
41681,124.36,122.92,,
41682,124.43,124.36,,
41683,125.49,124.43,,
41684,127.15,125.49,,
41688,127.4,127.15,,
41689,126.27,127.4,,
41690,127.6,126.27,,
41691,127.58,127.6,,
41694,128.99,127.58,,
41695,129.21,128.99,,
41696,128.11,129.21,,
41697,128.2,128.11,,
41698,127.62,128.2,,
41701,130.29,127.62,,
41702,128.68,130.29,,
41703,128.89,128.68,,
41704,130.17,128.89,,
41705,129.09,130.17,,
41708,129.13,129.09,,
41709,129.86,129.13,,
41710,131.76,129.86,,
41711,132.21,131.76,,
41712,133.1,132.21,,
41715,131.64,133.1,,
41716,130.62,131.64,,
41717,128.09,130.62,,
41718,127.86,128.09,,
41719,128.47,127.86,,
41722,126.18,128.47,,
41723,126.41,126.18,,
41724,125.41,126.41,,
41725,124.59,125.41,,
41726,124.56,124.59,,
41729,123.61,124.56,,
41730,123.39,123.61,,
41731,124.32,123.39,,
41732,123.92,124.32,,
41733,125.57,123.92,,
41736,124.91,125.57,,
41737,126.09,124.91,,
41738,126.32,126.09,,
41739,127.01,126.32,,
41740,126.93,127.01,,
41743,127.85,126.93,,
41744,125.49,127.85,,
41745,125.54,125.49,,
41746,124.75,125.54,,
41750,124.24,124.75,,
41751,123.78,124.24,,
41752,123.76,123.78,,
41753,124.56,123.76,,
41754,125.43,124.56,,
41757,124.88,125.43,,
41758,124.86,124.88,,
41759,124.22,124.86,,
41760,123.8,124.22,,
41761,125.06,123.8,,
41764,126.22,125.06,,
41765,125.98,126.22,,
41766,124.17,125.98,,
41767,124.17,124.17,,
41768,124.1,124.17,,
41771,124.94,124.1,,
41772,124.6,124.94,,
41773,125.81,124.6,,
41774,124.77,125.81,,
41775,124.5,124.77,,
41778,124.58,124.5,,
41779,124.69,124.58,,
41780,124.39,124.69,,
41781,124.67,124.39,,
41782,124.51,124.67,,
41786,121.85,124.51,,
41787,121.2,121.85,,
41788,120.94,121.2,,
41789,120.43,120.94,,
41792,119.7,120.43,,
41793,120.01,119.7,,
41794,119.76,120.01,,
41795,120.66,119.76,,
41796,120.61,120.66,,
41799,120.65,120.61,,
41800,121.39,120.65,,
41801,121.41,121.39,,
41802,122.64,121.41,,
41803,122.96,122.64,,
41806,122.42,122.96,,
41807,122.28,122.42,,
41808,122.67,122.28,,
41809,126.94,122.67,,
41810,126.5,126.94,,
41813,126.85,126.5,,
41814,126.98,126.85,,
41815,126.99,126.98,,
41816,126.73,126.99,,
41817,126.66,126.73,,
41820,128.04,126.66,,
41821,127.7,128.04,,
41822,127.7,127.7,,
41823,127.16,127.7,,
41827,127.02,127.16,,
41828,127.07,127.02,,
41829,127.84,127.07,,
41830,128.54,127.84,,
41831,128.78,128.54,,
41834,125.72,128.78,,
41835,124.53,125.72,,
41836,124.97,124.53,,
41837,127.0899,124.97,,
41838,126.13,127.0899,,
41841,126.34,126.13,,
41842,125.74,126.34,,
41843,125.62,125.74,,
41844,124.35,125.62,,
41845,125.791,124.35,,
41848,125.58,125.791,,
41849,125.2,125.58,,
41850,124.83,125.2,,
41851,123.39,124.83,,
41852,124.38,123.39,,
41855,123.99,124.38,,
41856,123.87,123.99,,
41857,125.67,123.87,,
41858,126.18,125.67,,
41859,126.19,126.18,,
41862,125.96,126.19,,
41863,125.99,125.96,,
41864,126.2,125.99,,
41865,126.31,126.2,,
41866,125.483,126.31,,
41869,124.96,125.483,,
41870,124.68,124.96,,
41871,124.22,124.68,,
41872,122.88,124.22,,
41873,123.19,122.88,,
41876,122.74,123.19,,
41877,123.35,122.74,,
41878,123.3199,123.35,,
41879,124,123.3199,,
41880,123.86,124,,
41884,121.65,123.86,,
41885,122.15,121.65,,
41886,121.48,122.15,,
41887,122.06,121.48,,
41890,120.73,122.06,,
41891,120.87,120.73,,
41892,120.26,120.87,,
41893,119.472,120.26,,
41894,118.38,119.472,,
41897,118.64,118.38,,
41898,118.83,118.64,,
41899,117.54,118.83,,
41900,117.78,117.54,,
41901,117.09,117.78,,
41904,116.85,117.09,,
41905,117.6,116.85,,
41906,117.05,117.6,,
41907,117.39,117.05,,
41908,117.06,117.39,,
41911,117.03,117.06,,
41912,116.21,117.03,,
41913,116.77,116.21,,
41914,116.74,116.77,,
41915,114.61,116.74,,
41918,116.03,114.61,,
41919,116.36,116.03,,
41920,117.4701,116.36,,
41921,117.64,117.4701,,
41922,117.59,117.64,,
41925,118.52,117.59,,
41926,118.59,118.52,,
41927,118.99,118.59,,
41928,119.22,118.99,,
41929,118.99,119.22,,
41932,119.8,118.99,,
41933,120.02,119.8,,
41934,119.34,120.02,,
41935,118.52,119.34,,
41936,118.35,118.52,,
41939,118.06,118.35,,
41940,118.1,118.06,,
41941,116.41,118.1,,
41942,115.19,116.41,,
41943,112.66,115.19,,
41946,112.15,112.66,,
41947,112.22,112.15,,
41948,109.79,112.22,,
41949,109.88,109.79,,
41950,112.97,109.88,,
41953,110.46,112.97,,
41954,112.04,110.46,,
41955,111.5,112.04,,
41956,111.67,111.5,,
41957,114.47,111.67,,
41960,114.05,114.47,,
41961,115.05,114.05,,
41962,113.68,115.05,,
41963,114.86,113.68,,
41964,115.39,114.86,,
41967,115.11,115.39,,
41968,115.38,115.11,,
41969,115.16,115.38,,
41971,112.11,115.16,,
41974,116.58,112.11,,
41975,115.14,116.58,,
41976,116.33,115.14,,
41977,115.88,116.33,,
41978,114.43,115.88,,
41981,115.78,114.43,,
41982,118.19,115.78,,
41983,117.96,118.19,,
41984,117.69,117.96,,
41985,117.41,117.69,,
41988,114.39,117.41,,
41989,114.95,114.39,,
41990,114.27,114.95,,
41991,115.15,114.27,,
41992,114.77,115.15,,
41995,112.55,114.77,,
41996,112.74,112.55,,
41997,112.77,112.74,,
41999,114.83,112.77,,
42002,113.67,114.83,,
42003,115.2,113.67,,
42004,113.58,115.2,,
42006,114.08,113.58,,
42009,115.8,114.08,,
42010,117.12,115.8,,
42011,116.43,117.12,,
42012,115.94,116.43,,
42013,117.26,115.94,,
42016,118.56,117.26,,
42017,118.16,118.56,,
42018,117.97,118.16,,
42019,120.94,117.97,,
42020,122.52,120.94,,
42024,124.2,122.52,,
42025,124.23,124.2,,
42026,125.23,124.23,,
42027,124.23,125.23,,
42030,122.99,124.23,,
42031,124.4,122.99,,
42032,123.42,124.4,,
42033,120.76,123.42,,
42034,123.45,120.76,,
42037,122.42,123.45,,
42038,121.05,122.42,,
42039,121.58,121.05,,
42040,121.79,121.58,,
42041,118.64,121.79,,
42044,119.17,118.64,,
42045,118.47,119.17,,
42046,117.07,118.47,,
42047,117.34,117.07,,
42048,117.98,117.34,,
42052,116.01,117.98,,
42053,116.34,116.01,,
42054,115.94,116.34,,
42055,115.28,115.94,,
42058,115.43,115.28,,
42059,115.26,115.43,,
42060,115.7,115.26,,
42061,116.07,115.7,,
42062,116.16,116.07,,
42065,115.68,116.16,,
42066,115.47,115.68,,
42067,115.11,115.47,,
42068,115,115.11,,
42069,111.86,115,,
42072,111.97,111.86,,
42073,111.42,111.97,,
42074,110.75,111.42,,
42075,110.72,110.75,,
42076,110.88,110.72,,
42079,110.81,110.88,,
42080,110.21,110.81,,
42081,112.37,110.21,,
42082,112.29,112.37,,
42083,113.57,112.29,,
42086,114.29,113.57,,
42087,114.57,114.29,,
42088,114.73,114.57,,
42089,115.48,114.73,,
42090,115.06,115.48,,
42093,113.75,115.06,,
42094,113.66,113.75,,
42095,115.6,113.66,,
42096,115.28,115.6,,
42100,116.69,115.28,,
42101,116.11,116.69,,
42102,115.47,116.11,,
42103,114.67,115.47,,
42104,115.966,114.67,,
42107,115.14,115.966,,
42108,114.44,115.14,,
42109,115.43,114.44,,
42110,115.03,115.43,,
42111,115.6,115.03,,
42114,114.72,115.6,,
42115,115.38,114.72,,
42116,113.83,115.38,,
42117,114.66,113.83,,
42118,113.05,114.66,,
42121,115.33,113.05,,
42122,116.33,115.33,,
42123,115.51,116.33,,
42124,113.47,115.51,,
42125,113.08,113.47,,
42128,114.1,113.08,,
42129,114.42,114.1,,
42130,114.36,114.42,,
42131,113.42,114.36,,
42132,113.97,113.42,,
42135,113.53,113.97,,
42136,114.5,113.53,,
42137,116.55,114.5,,
42138,117.18,116.55,,
42139,117.53,117.18,,
42142,117.52,117.53,,
42143,115.89,117.52,,
42144,116.08,115.89,,
42145,115.69,116.08,,
42146,115.6,115.69,,
42150,113.91,115.6,,
42151,113.89,113.91,,
42152,114.02,113.89,,
42153,114.1,114.02,,
42156,114,114.1,,
42157,114.46,114,,
42158,113.64,114.46,,
42159,112.84,113.64,,
42160,112.24,112.84,,
42163,112.57,112.24,,
42164,112.82,112.57,,
42165,113.78,112.82,,
42166,113.26,113.78,,
42167,113.23,113.26,,
42170,113.73,113.23,,
42171,113.32,113.73,,
42172,113.85,113.32,,
42173,115.32,113.85,,
42174,115.12,115.32,,
42177,113.64,115.12,,
42178,112.89,113.64,,
42179,112.59,112.89,,
42180,112.44,112.59,,
42181,112.56,112.44,,
42184,113.07,112.56,,
42185,112.37,113.07,,
42186,111.98,112.37,,
42187,111.76,111.98,,
42191,112.06,111.76,,
42192,110.76,112.06,,
42193,111.09,110.76,,
42194,111.36,111.09,,
42195,111.49,111.36,,
42198,110.99,111.49,,
42199,110.74,110.99,,
42200,110.16,110.74,,
42201,109.76,110.16,,
42202,108.65,109.76,,
42205,105.7,108.65,,
42206,105.37,105.7,,
42207,104.8,105.37,,
42208,104.33,104.8,,
42209,105.35,104.33,,
42212,104.86,105.35,,
42213,105.02,104.86,,
42214,105.17,105.02,,
42215,104.27,105.17,,
42216,104.93,104.27,,
42219,104.1,104.93,,
42220,104.31,104.1,,
42221,103.93,104.31,,
42222,104.39,103.93,,
42223,104.65,104.39,,
42226,105.72,104.65,,
42227,106.26,105.72,,
42228,107.75,106.26,,
42229,106.86,107.75,,
42230,106.85,106.86,,
42233,107.13,106.85,,
42234,107.11,107.13,,
42235,108.55,107.11,,
42236,110.44,108.55,,
42237,111.13,110.44,,
42240,110.53,111.13,,
42241,109.16,110.53,,
42242,107.67,109.16,,
42243,107.73,107.67,,
42244,108.7,107.73,,
42247,108.82,108.7,,
42248,109.2,108.82,,
42249,108.62,109.2,,
42250,107.84,108.62,,
42251,107.49,107.84,,
42255,107.52,107.49,,
42256,106.13,107.52,,
42257,106.38,106.13,,
42258,106.16,106.38,,
42261,106.22,106.16,,
42262,105.9,106.22,,
42263,107.31,105.9,,
42264,108.41,107.31,,
42265,109.21,108.41,,
42268,108.53,109.21,,
42269,107.79,108.53,,
42270,108.22,107.79,,
42271,110.49,108.22,,
42272,109.81,110.49,,
42275,108.42,109.81,,
42276,107.98,108.42,,
42277,106.86,107.98,,
42278,106.73,106.86,,
42279,108.99,106.73,,
42282,108.77,108.99,,
42283,109.86,108.77,,
42284,109.7,109.86,,
42285,109.14,109.7,,
42286,110.87,109.14,,
42289,111.31,110.87,,
42290,111.86,111.31,,
42291,113.81,111.86,,
42292,113.29,113.81,,
42293,112.49,113.29,,
42296,112.02,112.49,,
42297,112.73,112.02,,
42298,111.73,112.73,,
42299,111.69,111.73,,
42300,111.5,111.69,,
42303,111.43,111.5,,
42304,111.68,111.43,,
42305,110.78,111.68,,
42306,109.72,110.78,,
42307,109.3,109.72,,
42310,108.59,109.3,,
42311,106.98,108.59,,
42312,105.97,106.98,,
42313,105.64,105.97,,
42314,104.1,105.64,,
42317,104.4,104.1,,
42318,104.18,104.4,,
42319,103.83,104.18,,
42320,103.85,103.83,,
42321,103.56,103.85,,
42324,103.71,103.56,,
42325,102.34,103.71,,
42326,102.43,102.34,,
42327,103.56,102.43,,
42328,103.09,103.56,,
42331,102.26,103.09,,
42332,102.94,102.26,,
42333,102.46,102.94,,
42335,101.25,102.46,,
42338,101.92,101.25,,
42339,102.28,101.92,,
42340,100.69,102.28,,
42341,101.76,100.69,,
42342,104.02,101.76,,
42345,102.67,104.02,,
42346,102.84,102.67,,
42347,102.64,102.84,,
42348,102.55,102.64,,
42349,103.11,102.55,,
42352,101.79,103.11,,
42353,101.52,101.79,,
42354,102.75,101.52,,
42355,100.5,102.75,,
42356,102.04,100.5,,
42359,103.15,102.04,,
42360,102.61,103.15,,
42361,102.31,102.61,,
42362,103.05,102.31,,
42366,102.27,103.05,,
42367,102.2,102.27,,
42368,101.42,102.2,,
42369,101.46,101.42,,
42373,102.89,101.46,,
42374,103.18,102.89,,
42375,104.67,103.18,,
42376,106.15,104.67,,
42377,105.68,106.15,,
42380,104.74,105.68,,
42381,104.21,104.74,,
42382,104.72,104.21,,
42383,103.02,104.72,,
42384,104.08,103.02,,
42388,103.98,104.08,,
42389,105.37,103.98,,
42390,105.49,105.37,,
42391,105,105.49,,
42394,106.08,105,,
42395,107.29,106.08,,
42396,107.69,107.29,,
42397,106.54,107.69,,
42398,106.9492,106.54,,
42401,108.05,106.9492,,
42402,108.09,108.05,,
42403,109.25,108.09,,
42404,110.57,109.25,,
42405,112.32,110.57,,
42408,113.83,112.32,,
42409,113.58,113.83,,
42410,114.46,113.58,,
42411,119.0592,114.46,,
42412,118.36,119.0592,,
42416,114.77,118.36,,
42417,115.48,114.77,,
42418,118.29,115.48,,
42419,117.58,118.29,,
42422,115.49,117.58,,
42423,117.22,115.49,,
42424,117.61,117.22,,
42425,117.92,117.61,,
42426,117.11,117.92,,
42429,118.64,117.11,,
42430,117.77,118.64,,
42431,118.68,117.77,,
42432,120.73,118.68,,
42433,120.54,120.73,,
42436,121.14,120.54,,
42437,120.58,121.14,,
42438,119.58,120.58,,
42439,121.5,119.58,,
42440,119.41,121.5,,
42443,117.87,119.41,,
42444,117.96,117.87,,
42445,120.59,117.96,,
42446,120.13,120.59,,
42447,119.8,120.13,,
42450,118.96,119.8,,
42451,119.31,118.96,,
42452,116.61,119.31,,
42453,116.33,116.61,,
42457,116.6,116.33,,
42458,118.76,116.6,,
42459,117.1,118.76,,
42460,117.64,117.1,,
42461,116.93,117.64,,
42464,116.15,116.93,,
42465,117.66,116.15,,
42466,116.94,117.66,,
42467,118.61,116.94,,
42468,118.43,118.61,,
42471,120.03,118.43,,
42472,120.05,120.03,,
42473,118.77,120.05,,
42474,117.11,118.77,,
42475,117.92,117.11,,
42478,117.74,117.92,,
42479,119.58,117.74,,
42480,118.97,119.58,,
42481,119.42,118.97,,
42482,117.89,119.42,,
42485,118.23,117.89,,
42486,118.7,118.23,,
42487,119.04,118.7,,
42488,121.29,119.04,,
42489,123.65,121.29,,
42492,123.24,123.65,,
42493,122.96,123.24,,
42494,122.21,122.96,,
42495,122.07,122.21,,
42496,123.18,122.07,,
42499,120.65,123.18,,
42500,120.98,120.65,,
42501,122.12,120.98,,
42502,121.16,122.12,,
42503,121.71,121.16,,
42506,121.8,121.71,,
42507,122.22,121.8,,
42508,120.1,122.22,,
42509,119.87,120.1,,
42510,119.71,119.87,,
42513,119.37,119.71,,
42514,117.3,119.37,,
42515,116.98,117.3,,
42516,116.58,116.98,,
42517,115.62,116.58,,
42521,116.06,115.62,,
42522,115.94,116.06,,
42523,115.67,115.94,,
42524,118.88,115.67,,
42527,118.92,118.88,,
42528,118.82,118.92,,
42529,120.58,118.82,,
42530,121.25,120.58,,
42531,121.74,121.25,,
42534,122.64,121.74,,
42535,122.77,122.64,,
42536,123.68,122.77,,
42537,122.38,123.68,,
42538,123.95,122.38,,
42541,123.21,123.95,,
42542,120.84,123.21,,
42543,120.9,120.84,,
42544,120.11,120.9,,
42545,126.01,120.11,,
42548,126.68,126.01,,
42549,125.32,126.68,,
42550,125.84,125.32,,
42551,126.47,125.84,,
42552,128.41,126.47,,
42556,129.47,128.41,,
42557,130.23,129.47,,
42558,129.74,130.23,,
42559,130.52,129.74,,
42562,129.29,130.52,,
42563,127.15,129.29,,
42564,128.32,127.15,,
42565,127.33,128.32,,
42566,126.84,127.33,,
42569,127.04,126.84,,
42570,127.21,127.04,,
42571,125.39,127.21,,
42572,127.3,125.39,,
42573,126.35,127.3,,
42576,125.47,126.35,,
42577,126,125.47,,
42578,128.03,126,,
42579,127.66,128.03,,
42580,128.98,127.66,,
42583,129.22,128.98,,
42584,130.27,129.22,,
42585,129.65,130.27,,
42586,129.87,129.65,,
42587,127.55,129.87,,
42590,127.44,127.55,,
42591,127.96,127.44,,
42592,128.56,127.96,,
42593,127.67,128.56,,
42594,127.4,127.67,,
42597,127.84,127.4,,
42598,128.47,127.84,,
42599,128.5,128.47,,
42600,129.11,128.5,,
42601,127.97,129.11,,
42604,127.78,127.97,,
42605,127.76,127.78,,
42606,126.34,127.76,,
42607,126.23,126.34,,
42608,126.05,126.23,,
42611,126.3,126.05,,
42612,125.03,126.3,,
42613,124.78,125.03,,
42614,125.29,124.78,,
42615,126.57,125.29,,
42619,128.71,126.57,,
42620,128.27,128.71,,
42621,127.59,128.27,,
42622,126.75,127.59,,
42625,126.59,126.75,,
42626,125.75,126.59,,
42627,126.18,125.75,,
42628,125.37,126.18,,
42629,125.06,125.37,,
42632,125.32,125.06,,
42633,125.44,125.32,,
42634,127.27,125.44,,
42635,127.57,127.27,,
42636,127.65,127.57,,
42639,127.55,127.65,,
42640,126.62,127.55,,
42641,126.22,126.62,,
42642,126.07,126.22,,
42643,125.64,126.07,,
42646,125.32,125.64,,
42647,120.97,125.32,,
42648,120.78,120.97,,
42649,119.66,120.78,,
42650,119.74,119.66,,
42653,120.16,119.74,,
42654,119.55,120.16,,
42655,119.74,119.55,,
42656,120.03,119.74,,
42657,119.36,120.03,,
42660,119.68,119.36,,
42661,120.42,119.68,,
42662,121.11,120.42,,
42663,120.74,121.11,,
42664,120.83,120.74,,
42667,120.56,120.83,,
42668,121.47,120.56,,
42669,120.79,121.47,,
42670,121.01,120.79,,
42671,121.58,121.01,,
42674,121.94,121.58,,
42675,122.73,121.94,,
42676,123.64,122.73,,
42677,124.3,123.64,,
42678,124.39,124.3,,
42681,122.15,124.39,,
42682,121.64,122.15,,
42683,121.56,121.64,,
42684,119.75,121.56,,
42685,117.1,119.75,,
42688,116.11,117.1,,
42689,117.12,116.11,,
42690,116.77,117.12,,
42691,116.17,116.77,,
42692,115.15,116.17,,
42695,115.58,115.15,,
42696,115.54,115.58,,
42697,113.25,115.54,,
42699,112.61,113.25,,
42702,113.8,112.61,,
42703,113.27,113.8,,
42704,111.75,113.27,,
42705,111.54,111.75,,
42706,112.14,111.54,,
42709,111.54,112.14,,
42710,111.43,111.54,,
42711,111.83,111.43,,
42712,111.57,111.83,,
42713,110.4,111.57,,
42716,110.82,110.4,,
42717,110.45,110.82,,
42718,108.83,110.45,,
42719,107.34,108.83,,
42720,108.05,107.34,,
42723,108.59,108.05,,
42724,107.79,108.59,,
42725,107.85,107.79,,
42726,107.59,107.85,,
42727,107.93,107.59,,
42731,108.56,107.93,,
42732,108.86,108.56,,
42733,110.29,108.86,,
42734,109.61,110.29,,
42738,110.47,109.61,,
42739,110.86,110.47,,
42740,112.58,110.86,,
42741,111.75,112.58,,
42744,112.67,111.75,,
42745,113.15,112.67,,
42746,113.5,113.15,,
42747,113.91,113.5,,
42748,114.21,113.91,,
42752,115.85,114.21,,
42753,114.87,115.85,,
42754,114.77,114.87,,
42755,115.05,114.77,,
42758,115.79,115.05,,
42759,115.27,115.79,,
42760,114.32,115.27,,
42761,113.26,114.32,,
42762,113.49,113.26,,
42765,113.97,113.49,,
42766,115.55,113.97,,
42767,115.2,115.55,,
42768,115.84,115.2,,
42769,116.13,115.84,,
42772,117.7,116.13,,
42773,117.46,117.7,,
42774,118.19,117.46,,
42775,117.29,118.19,,
42776,117.6,117.29,,
42779,116.8,117.6,,
42780,116.93,116.8,,
42781,117.45,116.93,,
42782,118.08,117.45,,
42783,117.68,118.08,,
42787,117.75,117.68,,
42788,117.91,117.75,,
42789,118.94,117.91,,
42790,119.7,118.94,,
42793,119.12,119.7,,
42794,119.23,119.12,,
42795,119.06,119.23,,
42796,117.58,119.06,,
42797,117.51,117.58,,
42800,116.72,117.51,,
42801,115.78,116.72,,
42802,115.06,115.78,,
42803,114.47,115.06,,
42804,114.72,114.47,,
42807,114.74,114.72,,
42808,114.12,114.74,,
42809,116.25,114.12,,
42810,116.73,116.25,,
42811,116.99,116.73,,
42814,117.5645,116.99,,
42815,118.54,117.5645,,
42816,118.83,118.54,,
42817,118.67,118.83,,
42818,118.86,118.67,,
42821,119.53,118.86,,
42822,119.04,119.53,,
42823,119.33,119.04,,
42824,118.47,119.33,,
42825,118.72,118.47,,
42828,119.35,118.72,,
42829,119.62,119.35,,
42830,119.62,119.62,,
42831,119.18,119.62,,
42832,119.46,119.18,,
42835,119.46,119.46,,
42836,121.19,119.46,,
42837,122.02,121.19,,
42838,122.6,122.02,,
42842,122.24,122.6,,
42843,122.82,122.24,,
42844,121.73,122.82,,
42845,121.96,121.73,,
42846,122.31,121.96,,
42849,121.48,122.31,,
42850,120.25,121.48,,
42851,120.84,120.25,,
42852,120.39,120.84,,
42853,120.77,120.39,,
42856,119.67,120.77,,
42857,119.65,119.67,,
42858,117.98,119.65,,
42859,116.79,117.98,,
42860,117.01,116.79,,
42863,116.75,117.01,,
42864,116.05,116.75,,
42865,116.04,116.05,,
42866,116.5,116.04,,
42867,116.83,116.5,,
42870,117.14,116.83,,
42871,117.65,117.14,,
42872,119.79,117.65,,
42873,118.81,119.79,,
42874,119.4,118.81,,
42877,119.9,119.4,,
42878,119.14,119.9,,
42879,119.61,119.14,,
42880,119.48,119.61,,
42881,120.54,119.48,,
42885,120.14,120.54,,
42886,120.62,120.14,,
42887,120.72,120.62,,
42888,121.61,120.72,,
42891,121.73,121.61,,
42892,123.1,121.73,,
42893,122.45,123.1,,
42894,121.65,122.45,,
42895,120.54,121.65,,
42898,120.36,120.54,,
42899,120.48,120.36,,
42900,119.82,120.48,,
42901,119.32,119.82,,
42902,119.34,119.32,,
42905,118.43,119.34,,
42906,118.18,118.43,,
42907,118.52,118.18,,
42908,118.92,118.52,,
42909,119.43,118.92,,
42912,118.36,119.43,,
42913,118.81,118.36,,
42914,118.9,118.81,,
42915,118.32,118.9,,
42916,118.02,118.32,,
42919,116.09,118.02,,
42921,116.52,116.09,,
42922,116.47,116.52,,
42923,115.28,116.47,,
42926,115.47,115.28,,
42927,115.62,115.47,,
42928,116.03,115.62,,
42929,115.82,116.03,,
42930,116.77,115.82,,
42933,117.29,116.77,,
42934,118.11,117.29,,
42935,118.08,118.11,,
42936,118.24,118.08,,
42937,119.26,118.24,,
42940,119.31,119.26,,
42941,118.92,119.31,,
42942,119.88,118.92,,
42943,119.79,119.88,,
42944,120.69,119.79,,
42947,120.75,120.69,,
42948,120.65,120.75,,
42949,120.4,120.65,,
42950,120.59,120.4,,
42951,119.65,120.59,,
42954,119.51,119.65,,
42955,119.86,119.51,,
42956,121.31,119.86,,
42957,122.21,121.31,,
42958,122.79,122.21,,
42961,121.92,122.79,,
42962,120.98,121.92,,
42963,121.87,120.98,,
42964,122.49,121.87,,
42965,122.3,122.49,,
42968,122.76,122.3,,
42969,122.21,122.76,,
42970,122.67,122.21,,
42971,122.29,122.67,,
42972,122.74,122.29,,
42975,124.69,122.74,,
42976,124.42,124.69,,
42977,124.36,124.42,,
42978,125.82,124.36,,
42979,126.06,125.82,,
42983,127.46,126.06,,
42984,126.81,127.46,,
42985,128.13,126.81,,
42986,127.97,128.13,,
42989,126.19,127.97,,
42990,126.56,126.19,,
42991,125.61,126.56,,
42992,126.16,125.61,,
42993,125.53,126.16,,
42996,124.36,125.53,,
42997,124.62,124.36,,
42998,123.62,124.62,,
42999,122.68,123.62,,
43000,123.24,122.68,,
43003,124.53,123.24,,
43004,123.14,124.53,,
43005,121.98,123.14,,
43006,122.21,121.98,,
43007,121.58,122.21,,
43010,120.77,121.58,,
43011,120.83,120.77,,
43012,121.17,120.83,,
43013,120.52,121.17,,
43014,121.09,120.52,,
43017,122.08,121.09,,
43018,122.4,122.08,,
43019,122.79,122.4,,
43020,122.89,122.79,,
43021,123.82,122.89,,
43024,122.97,123.82,,
43025,122.13,122.97,,
43026,121.67,122.13,,
43027,122.39,121.67,,
43028,121.61,122.39,,
43031,121.8,121.61,,
43032,121.33,121.8,,
43033,121.35,121.33,,
43034,120.33,121.35,,
43035,120.9,120.33,,
43038,121.13,120.9,,
43039,120.67,121.13,,
43040,121.11,120.67,,
43041,121.19,121.11,,
43042,120.62,121.19,,
43045,121.65,120.62,,
43046,121.21,121.65,,
43047,121.63,121.21,,
43048,122.13,121.63,,
43049,121.13,122.13,,
43052,121.31,121.13,,
43053,121.56,121.31,,
43054,121.41,121.56,,
43055,121.4,121.41,,
43056,122.86,121.4,,
43059,121.31,122.86,,
43060,121.51,121.31,,
43061,122.63,121.51,,
43063,122.32,122.63,,
43066,122.83,122.32,,
43067,122.81,122.83,,
43068,122.04,122.81,,
43069,121.1,122.04,,
43070,121.59,121.1,,
43073,121.18,121.59,,
43074,120.32,121.18,,
43075,120.07,120.32,,
43076,118.49,120.07,,
43077,118.48,118.49,,
43080,118.01,118.48,,
43081,118.15,118.01,,
43082,119.17,118.15,,
43083,118.93,119.17,,
43084,119.18,118.93,,
43087,119.73,119.18,,
43088,119.82,119.73,,
43089,120.14,119.82,,
43090,120.31,120.14,,
43091,120.94,120.31,,
43095,121.77,120.94,,
43096,122.23,121.77,,
43097,122.85,122.23,,
43098,123.65,122.85,,
43102,125.15,123.65,,
43103,124.82,125.15,,
43104,125.46,124.82,,
43105,125.33,125.46,,
43108,125.31,125.33,,
43109,124.73,125.31,,
43110,125.03,124.73,,
43111,125.44,125.03,,
43112,126.96,125.44,,
43116,127.17,126.96,,
43117,126.14,127.17,,
43118,125.86,126.14,,
43119,126.42,125.86,,
43122,126.65,126.42,,
43123,127.28,126.65,,
43124,128.83,127.28,,
43125,127.97,128.83,,
43126,128.07,127.97,,
43129,127.35,128.07,,
43130,126.8,127.35,,
43131,127.65,126.8,,
43132,128.07,127.65,,
43133,126.39,128.07,,
43136,126.71,126.39,,
43137,125.38,126.71,,
43138,124.79,125.38,,
43139,124.98,124.79,,
43140,124.77,124.98,,
43143,125.37,124.77,,
43144,126.08,125.37,,
43145,128.23,126.08,,
43146,128.38,128.23,,
43147,127.96,128.38,,
43151,126.24,127.96,,
43152,125.66,126.24,,
43153,126.3,125.66,,
43154,126.14,126.3,,
43157,126.45,126.14,,
43158,125.13,126.45,,
43159,125,125.13,,
43160,124.72,125,,
43161,125.39,124.72,,
43164,125.18,125.39,,
43165,126.53,125.18,,
43166,125.72,126.53,,
43167,125.42,125.72,,
43168,125.54,125.42,,
43171,125.54,125.54,,
43172,125.78,125.54,,
43173,125.7,125.78,,
43174,124.9,125.7,,
43175,124.6,124.9,,
43178,124.87,124.6,,
43179,124.31,124.87,,
43180,126.48,124.31,,
43181,125.98,126.48,,
43182,127.61,125.98,,
43185,128.28,127.61,,
43186,127.49,128.28,,
43187,125.73,127.49,,
43188,125.79,125.73,,
43192,127.26,125.79,,
43193,126.3,127.26,,
43194,126.45,126.3,,
43195,125.8,126.45,,
43196,126.39,125.8,,
43199,126.82,126.39,,
43200,127.12,126.82,,
43201,128.11,127.12,,
43202,126.62,128.11,,
43203,127.45,126.62,,
43206,127.63,127.45,,
43207,127.75,127.63,,
43208,127.85,127.75,,
43209,127.6,127.85,,
43210,126.63,127.6,,
43213,125.62,126.63,,
43214,126.23,125.62,,
43215,125.41,126.23,,
43216,124.97,125.41,,
43217,125.5,124.97,,
43220,124.59,125.5,,
43221,123.71,124.59,,
43222,123.65,123.71,,
43223,124.28,123.65,,
43224,124.54,124.28,,
43227,124.57,124.54,,
43228,124.59,124.57,,
43229,124.33,124.59,,
43230,125.18,124.33,,
43231,125,125.18,,
43234,124.49,125,,
43235,122.48,124.49,,
43236,122.29,122.48,,
43237,122.36,122.29,,
43238,122.41,122.36,,
43241,122.48,122.41,,
43242,122.41,122.48,,
43243,122.54,122.41,,
43244,123.59,122.54,,
43245,123.21,123.59,,
43249,123.19,123.21,,
43250,123.37,123.19,,
43251,123.1,123.37,,
43252,122.49,123.1,,
43255,122.37,122.49,,
43256,122.85,122.37,,
43257,122.92,122.85,,
43258,122.86,122.92,,
43259,123.01,122.86,,
43262,123.23,123.01,,
43263,122.82,123.23,,
43264,123.19,122.82,,
43265,123.38,123.19,,
43266,121.34,123.38,,
43269,121.11,121.34,,
43270,120.8,121.11,,
43271,120.26,120.8,,
43272,120.05,120.26,,
43273,120.34,120.05,,
43276,119.89,120.34,,
43277,119.26,119.89,,
43278,118.58,119.26,,
43279,118.22,118.58,,
43280,118.65,118.22,,
43283,117.46,118.65,,
43284,118.65,117.46,,
43286,119.05,118.65,,
43287,118.86,119.05,,
43290,119.15,118.86,,
43291,118.93,119.15,,
43292,117.64,118.93,,
43293,118.13,117.64,,
43294,117.61,118.13,,
43297,117.55,117.61,,
43298,116.28,117.55,,
43299,116.31,116.28,,
43300,115.81,116.31,,
43301,116.56,115.81,,
43304,116,116.56,,
43305,116.04,116,,
43306,116.68,116.04,,
43307,115.77,116.68,,
43308,115.83,115.77,,
43311,115.65,115.83,,
43312,115.99,115.65,,
43313,115.14,115.99,,
43314,114.52,115.14,,
43315,114.92,114.52,,
43318,114.33,114.92,,
43319,114.59,114.33,,
43320,114.91,114.59,,
43321,114.74,114.91,,
43322,114.69,114.74,,
43325,112.96,114.69,,
43326,113.07,112.96,,
43327,111.19,113.07,,
43328,111.1,111.19,,
43329,112.13,111.1,,
43332,112.69,112.13,,
43333,113.02,112.69,,
43334,113.27,113.02,,
43335,112.2,113.27,,
43336,114.16,112.2,,
43339,114.59,114.16,,
43340,113.68,114.59,,
43341,114.2,113.68,,
43342,113.64,114.2,,
43343,113.51,113.64,,
43347,112.93,113.51,,
43348,113.32,112.93,,
43349,113.54,113.32,,
43350,113.23,113.54,,
43353,113.15,113.23,,
43354,113.22,113.15,,
43355,114.17,113.22,,
43356,113.76,114.17,,
43357,113.02,113.76,,
43360,113.61,113.02,,
43361,113.44,113.61,,
43362,113.88,113.44,,
43363,114.27,113.88,,
43364,113.49,114.27,,
43367,113.47,113.49,,
43368,113.65,113.47,,
43369,113.05,113.65,,
43370,112.05,113.05,,
43371,112.76,112.05,,
43374,112.57,112.76,,
43375,113.87,112.57,,
43376,113.42,113.87,,
43377,113.48,113.42,,
43378,113.8,113.48,,
43381,112.54,113.8,,
43382,112.6,112.54,,
43383,112.88,112.6,,
43384,115.78,112.88,,
43385,115.23,115.78,,
43388,116,115.23,,
43389,115.8,116,,
43390,115.79,115.8,,
43391,115.92,115.79,,
43392,116.01,115.92,,
43395,115.71,116.01,,
43396,116.39,115.71,,
43397,116.66,116.39,,
43398,116.4,116.66,,
43399,116.77,116.4,,
43402,116.31,116.77,,
43403,115.8,116.31,,
43404,115.15,115.8,,
43405,116.63,115.15,,
43406,116.65,116.63,,
43409,116.37,116.65,,
43410,116.04,116.37,,
43411,116.03,116.04,,
43412,115.78,116.03,,
43413,114.48,115.78,,
43416,113.66,114.48,,
43417,113.7,113.66,,
43418,114.64,113.7,,
43419,114.77,114.64,,
43420,115.62,114.77,,
43423,115.67,115.62,,
43424,115.67,115.67,,
43425,115.86,115.67,,
43427,115.77,115.86,,
43430,115.64,115.77,,
43431,114.95,115.64,,
43432,115.38,114.95,,
43433,115.74,115.38,,
43434,115.54,115.74,,
43437,116.41,115.54,,
43438,117.12,116.41,,
43440,117.14,117.12,,
43441,118.09,117.14,,
43444,117.68,118.09,,
43445,117.54,117.68,,
43446,117.79,117.54,,
43447,117.53,117.79,,
43448,117.06,117.53,,
43451,117.87,117.06,,
43452,118.15,117.87,,
43453,117.43,118.15,,
43454,119.24,117.43,,
43455,118.72,119.24,,
43458,120.02,118.72,,
43460,119.66,120.02,,
43461,120.57,119.66,,
43462,121.06,120.57,,
43465,121.25,121.06,,
43467,121.33,121.25,,
43468,122.43,121.33,,
43469,121.44,122.43,,
43472,121.86,121.44,,
43473,121.53,121.86,,
43474,122.31,121.53,,
43475,121.59,122.31,,
43476,121.8,121.59,,
43479,122.09,121.8,,
43480,121.88,122.09,,
43481,122.27,121.88,,
43482,122.11,122.27,,
43483,121.02,122.11,,
43487,121.45,121.02,,
43488,121.28,121.45,,
43489,121.09,121.28,,
43490,122.86,121.09,,
43493,123.29,122.86,,
43494,123.98,123.29,,
43495,124.69,123.98,,
43496,124.75,124.69,,
43497,124.5,124.75,,
43500,123.96,124.5,,
43501,124.28,123.96,,
43502,123.44,124.28,,
43503,123.74,123.44,,
43504,124.21,123.74,,
43507,123.6,124.21,,
43508,123.86,123.6,,
43509,123.37,123.86,,
43510,124.06,123.37,,
43511,124.8,124.06,,
43515,126.7,124.8,,
43516,126.48,126.7,,
43517,125.05,126.48,,
43518,125.5,125.05,,
43521,125.37,125.5,,
43522,125.58,125.37,,
43523,124.69,125.58,,
43524,123.99,124.69,,
43525,121.88,123.99,,
43528,121.56,121.88,,
43529,121.72,121.56,,
43530,121.61,121.72,,
43531,121.51,121.61,,
43532,122.84,121.51,,
43535,122.24,122.84,,
43536,122.98,122.24,,
43537,123.84,122.98,,
43538,122.41,123.84,,
43539,122.97,122.41,,
43542,123.04,122.97,,
43543,123.38,123.04,,
43544,124.18,123.38,,
43545,123.68,124.18,,
43546,123.97,123.68,,
43549,124.92,123.97,,
43550,124.3,124.92,,
43551,123.65,124.3,,
43552,121.9,123.65,,
43553,122.01,121.9,,
43556,121.53,122.01,,
43557,121.98,121.53,,
43558,121.8,121.98,,
43559,122.11,121.8,,
43560,121.98,122.11,,
43563,122.51,121.98,,
43564,123.15,122.51,,
43565,123.53,123.15,,
43566,121.95,123.53,,
43567,121.83,121.95,,
43570,121.6,121.83,,
43571,120.51,121.6,,
43572,120.28,120.51,,
43573,120.37,120.28,,
43577,120.37,120.37,,
43578,120.12,120.37,,
43579,120.47,120.12,,
43580,120.57,120.47,,
43581,121.37,120.57,,
43584,120.83,121.37,,
43585,121.2,120.83,,
43586,120.4,121.2,,
43587,119.94,120.4,,
43588,120.65,119.94,,
43591,120.81,120.65,,
43592,121.21,120.81,,
43593,120.91,121.21,,
43594,121.2,120.91,,
43595,121.43,121.2,,
43598,122.67,121.43,,
43599,122.46,122.67,,
43600,122.39,122.46,,
43601,121.51,122.39,,
43602,120.65,121.51,,
43605,120.64,120.65,,
43606,120.36,120.64,,
43607,120.24,120.36,,
43608,121.17,120.24,,
43609,121.3,121.17,,
43613,120.83,121.3,,
43614,120.87,120.83,,
43615,121.69,120.87,,
43616,123.33,121.69,,
43619,125.11,123.33,,
43620,125.15,125.11,,
43621,125.47,125.15,,
43622,125.88,125.47,,
43623,126.59,125.88,,
43626,125.33,126.59,,
43627,125.18,125.33,,
43628,125.83,125.18,,
43629,126.6,125.83,,
43630,126.56,126.6,,
43633,126.48,126.56,,
43634,127.12,126.48,,
43635,127.89,127.12,,
43636,131.11,127.89,,
43637,131.98,131.11,,
43640,133.94,131.98,,
43641,134.2,133.94,,
43642,132.97,134.2,,
43643,132.84,132.97,,
43644,133.2,132.84,,
43647,130.62,133.2,,
43648,133.41,130.62,,
43649,133.63,133.41,,
43651,132.14,133.63,,
43654,131.29,132.14,,
43655,131.75,131.29,,
43656,133.83,131.75,,
43657,132.7,133.83,,
43658,133.53,132.7,,
43661,133.53,133.53,,
43662,132.4,133.53,,
43663,134.58,132.4,,
43664,136.48,134.58,,
43665,134.47,136.48,,
43668,134.45,134.47,,
43669,133.69,134.45,,
43670,134.37,133.69,,
43671,133.42,134.37,,
43672,133.64,133.42,,
43675,134.53,133.64,,
43676,134.98,134.53,,
43677,133.21,134.98,,
43678,136.41,133.21,,
43679,135.89,136.41,,
43682,137.79,135.89,,
43683,138.91,137.79,,
43684,141.02,138.91,,
43685,141.73,141.02,,
43686,141.26,141.73,,
43689,142.63,141.26,,
43690,141.78,142.63,,
43691,142.75,141.78,,
43692,143.7,142.75,,
43693,142.78,143.7,,
43696,141.11,142.78,,
43697,142.21,141.11,,
43698,141.76,142.21,,
43699,141.4,141.76,,
43700,144.17,141.4,,
43703,144.19,144.17,,
43704,145.57,144.19,,
43705,145.16,145.57,,
43706,144.12,145.16,,
43707,143.75,144.12,,
43711,145.75,143.75,,
43712,146.66,145.75,,
43713,143.14,146.66,,
43714,141.92,143.14,,
43717,141.39,141.92,,
43718,140.18,141.39,,
43719,141.03,140.18,,
43720,141.32,141.03,,
43721,140.15,141.32,,
43724,141.32,140.15,,
43725,141.6,141.32,,
43726,140.71,141.6,,
43727,141.28,140.71,,
43728,142.95,141.28,,
43731,143.75,142.95,,
43732,144.51,143.75,,
43733,141.83,144.51,,
43734,141.79,141.83,,
43735,141.06,141.79,,
43738,138.87,141.06,,
43739,139.63,138.87,,
43740,141.26,139.63,,
43741,141.9,141.26,,
43742,141.9,141.9,,
43745,140.69,141.9,,
43746,141.92,140.69,,
43747,142.05,141.92,,
43748,140.81,142.05,,
43749,140.03,140.81,,
43752,140.59,140.03,,
43753,139.61,140.59,,
43754,140.41,139.61,,
43755,140.61,140.41,,
43756,140.46,140.61,,
43759,139.79,140.46,,
43760,140.2,139.79,,
43761,140.53,140.2,,
43762,141.53,140.53,,
43763,141.86,141.53,,
43766,140.64,141.86,,
43767,140.25,140.64,,
43768,141.02,140.25,,
43769,142.43,141.02,,
43770,142.56,142.43,,
43773,142.15,142.56,,
43774,139.85,142.15,,
43775,140.45,139.85,,
43776,138.27,140.45,,
43777,137.39,138.27,,
43780,137.06,137.39,,
43781,137.43,137.06,,
43782,137.98,137.43,,
43783,138.56,137.98,,
43784,138.21,138.56,,
43787,138.62,138.21,,
43788,138.69,138.62,,
43789,138.76,138.69,,
43790,138,138.76,,
43791,137.74,138,,
43794,137.08,137.74,,
43795,137.74,137.08,,
43796,137.01,137.74,,
43798,137.86,137.01,,
43801,137.79,137.86,,
43802,139.11,137.79,,
43803,138.92,139.11,,
43804,139,138.92,,
43805,137.62,139,,
43808,137.58,137.62,,
43809,137.97,137.58,,
43810,138.92,137.97,,
43811,138.43,138.92,,
43812,139.05,138.43,,
43815,139.04,139.05,,
43816,139.01,139.04,,
43817,139.02,139.01,,
43818,139.38,139.02,,
43819,139.52,139.38,,
43822,139.95,139.52,,
43823,141.27,139.95,,
43825,142.38,141.27,,
43826,142.33,142.38,,
43829,142.63,142.33,,
43830,142.9,142.63,,
43832,143.95,142.9,,
43833,145.86,143.95,,
43836,147.39,145.86,,
43837,147.97,147.39,,
43838,146.86,147.97,,
43839,146.03,146.86,,
43840,146.91,146.03,,
43843,145.82,146.91,,
43844,145.69,145.82,,
43845,146.54,145.69,,
43846,146.31,146.54,,
43847,146.58,146.31,,
43851,146.74,146.58,,
43852,146.79,146.74,,
43853,147.12,146.79,,
43854,147.98,147.12,,
43857,148.99,147.98,,
43858,147.66,148.99,,
43859,148.46,147.66,,
43860,148.47,148.46,,
43861,149.33,148.47,,
43864,148.36,149.33,,
43865,146.43,148.36,,
43866,146.61,146.43,,
43867,147.4,146.61,,
43868,147.79,147.4,,
43871,148.17,147.79,,
43872,147.66,148.17,,
43873,147.54,147.66,,
43874,148.38,147.54,,
43875,149,148.38,,
43879,150.91,149,,
43880,151.79,150.91,,
43881,152.41,151.79,,
43882,154.7,152.41,,
43885,156.09,154.7,,
43886,153.3,156.09,,
43887,153.97,153.3,,
43888,154,153.97,,
43889,148.38,154,,
43892,149.2,148.38,,
43893,153.89,149.2,,
43894,154.16,153.89,,
43895,157.49,154.16,,
43896,157.55,157.49,,
43899,157.81,157.55,,
43900,154.48,157.81,,
43901,153.93,154.48,,
43902,147.79,153.93,,
43903,143.28,147.79,,
43906,141.64,143.28,,
43907,143.56,141.64,,
43908,140.7,143.56,,
43909,138.04,140.7,,
43910,140.11,138.04,,
43913,146.3,140.11,,
43914,153.4,146.3,,
43915,151.3,153.4,,
43916,153.24,151.3,,
43917,152.25,153.24,,
43920,152.92,152.25,,
43921,148.05,152.92,,
43922,149.45,148.05,,
43923,151.9,149.45,,
43924,152.65,151.9,,
43927,156.88,152.65,,
43928,156.04,156.88,,
43929,154.65,156.04,,
43930,158.69,154.65,,
43934,161.41,158.69,,
43935,162.68,161.41,,
43936,161.85,162.68,,
43937,161.71,161.85,,
43938,158.57,161.71,,
43941,159.7,158.57,,
43942,158.61,159.7,,
43943,161.73,158.61,,
43944,163.34,161.73,,
43945,162.64,163.34,,
43948,161.56,162.64,,
43949,160.84,161.56,,
43950,161.73,160.84,,
43951,158.8,161.73,,
43952,159.78,158.8,,
43955,160.34,159.78,,
43956,161.02,160.34,,
43957,158.95,161.02,,
43958,161.39,158.95,,
43959,160.42,161.39,,
43962,159.42,160.42,,
43963,160.04,159.42,,
43964,161.58,160.04,,
43965,163.01,161.58,,
43966,163.93,163.01,,
43969,162.69,163.93,,
43970,164.26,162.69,,
43971,164.65,164.26,,
43972,162.25,164.65,,
43973,163.21,162.25,,
43977,160.89,163.21,,
43978,161.18,160.89,,
43979,161.72,161.18,,
43980,162.91,161.72,,
43983,163.66,162.91,,
43984,162.6,163.66,,
43985,159.6,162.6,,
43986,161.28,159.6,,
43987,158.01,161.28,,
43990,159.72,158.01,,
43991,161.26,159.72,,
43992,163.57,161.26,,
43993,162.39,163.57,,
43994,162.62,162.39,,
43997,162.33,162.62,,
43998,162.25,162.33,,
43999,162.56,162.25,,
44000,162.24,162.56,,
44001,164.03,162.24,,
44004,165.09,164.03,,
44005,166.48,165.09,,
44006,165.9,166.48,,
44007,165.8,165.9,,
44008,166.54,165.8,,
44011,166.63,166.54,,
44012,167.37,166.63,,
44013,166.62,167.37,,
44014,166.98,166.62,,
44018,167.98,166.98,,
44019,169.04,167.98,,
44020,170.09,169.04,,
44021,169.63,170.09,,
44022,169.19,169.63,,
44025,169.4,169.19,,
44026,170.19,169.4,,
44027,170.34,170.19,,
44028,168.73,170.34,,
44029,170.12,168.73,,
44032,170.94,170.12,,
44033,173,170.94,,
44034,175.63,173,,
44035,177.18,175.63,,
44036,178.7,177.18,,
44039,182.23,178.7,,
44040,183.75,182.23,,
44041,185.13,183.75,,
44042,183.76,185.13,,
44043,185.43,183.76,,
44046,185.64,185.43,,
44047,189.59,185.64,,
44048,191.35,189.59,,
44049,193.89,191.35,,
44050,190.81,193.89,,
44053,190.15,190.81,,
44054,179.94,190.15,,
44055,179.1,179.94,,
44056,183.33,179.1,,
44057,182.54,183.33,,
44060,186.5,182.54,,
44061,188.18,186.5,,
44062,182.24,188.18,,
44063,183.5,182.24,,
44064,182.03,183.5,,
44067,181,182.03,,
44068,181.22,181,,
44069,183.36,181.22,,
44070,181.24,183.36,,
44071,184.39,181.24,,
44074,184.83,184.39,,
44075,185.05,184.83,,
44076,182.62,185.05,,
44077,181.14,182.62,,
44078,181.64,181.14,,
44082,181.29,181.64,,
44083,183.05,181.29,,
44084,182.46,183.05,,
44085,182.45,182.46,,
44088,183.89,182.45,,
44089,183.45,183.89,,
44090,183.97,183.45,,
44091,182.96,183.97,,
44092,183.2,182.96,,
44095,179.52,183.2,,
44096,178.65,179.52,,
44097,174.79,178.65,,
44098,175.44,174.79,,
44099,174.94,175.44,,
44102,176.7,174.94,,
44103,178.19,176.7,,
44104,177.12,178.19,,
44105,178.7,177.12,,
44106,178.54,178.7,,
44109,179.41,178.54,,
44110,177.3,179.41,,
44111,177.22,177.3,,
44112,177.85,177.22,,
44113,181.08,177.85,,
44116,180.56,181.08,,
44117,177.72,180.56,,
44118,178.27,177.72,,
44119,178.92,178.27,,
44120,178.3,178.92,,
44123,178.39,178.3,,
44124,179.25,178.39,,
44125,180.6,179.25,,
44126,178.83,180.6,,
44127,178.64,178.83,,
44130,178.55,178.64,,
44131,179.02,178.55,,
44132,176.13,179.02,,
44133,175.4,176.13,,
44134,176.2,175.4,,
44137,177.91,176.2,,
44138,178.92,177.91,,
44139,178.82,178.92,,
44140,182.93,178.82,,
44141,183.19,182.93,,
44144,175.08,183.19,,
44145,175.66,175.08,,
44146,174.9,175.66,,
44147,175.96,174.9,,
44148,177.16,175.96,,
44151,177.15,177.16,,
44152,176.5,177.15,,
44153,175.49,176.5,,
44154,175.16,175.49,,
44155,175.69,175.16,,
44158,172.23,175.69,,
44159,169.59,172.23,,
44160,169.51,169.59,,
44162,167.79,169.51,,
44165,166.67,167.79,,
44166,170.18,166.67,,
44167,171.46,170.18,,
44168,172.81,171.46,,
44169,172.32,172.81,,
44172,174.89,172.32,,
44173,175.5,174.89,,
44174,172.5,175.5,,
44175,172.17,172.5,,
44176,172.49,172.17,,
44179,171.54,172.49,,
44180,173.94,171.54,,
44181,174.9,173.94,,
44182,176.74,174.9,,
44183,176.44,176.74,,
44186,175.88,176.44,,
44187,174.49,175.88,,
44188,175.65,174.49,,
44189,176.35,175.65,,
44193,175.71,176.35,,
44194,176.35,175.71,,
44195,177.7,176.35,,
44196,178.36,177.7,,
44200,182.33,178.36,,
44201,182.87,182.33,,
44202,179.9,182.87,,
44203,179.48,179.9,,
44204,173.34,179.48,,
44207,173,173.34,,
44208,174.12,173,,
44209,173.37,174.12,,
44210,173.28,173.37,,
44211,171.13,173.28,,
44215,172.58,171.13,,
44216,175.39,172.58,,
44217,175.28,175.39,,
44218,173.9,175.28,,
44221,174.05,173.9,,
44222,173.62,174.05,,
44223,172.52,173.62,,
44224,172.68,172.52,,
44225,172.61,172.68,,
44228,174.23,172.61,,
44229,172.11,174.23,,
44230,171.85,172.11,,
44231,168.15,171.85,,
44232,169.81,168.15,,
44235,171.52,169.81,,
44236,172.08,171.52,,
44237,172.71,172.08,,
44238,171.21,172.71,,
44239,170.69,171.21,,
44243,168.24,170.69,,
44244,166.33,168.24,,
44245,166.32,166.33,,
44246,167.01,166.32,,
44249,169.51,167.01,,
44250,169.12,169.51,,
44251,169,169.12,,
44252,165.82,169,,
44253,161.81,165.82,,
44256,161.53,161.81,,
44257,162.41,161.53,,
44258,160.62,162.41,,
44259,159.04,160.62,,
44260,159.14,159.04,,
44263,157.49,159.14,,
44264,160.84,157.49,,
44265,161.66,160.84,,
44266,161.52,161.66,,
44267,161.49,161.52,,
44270,162.2,161.49,,
44271,162.35,162.2,,
44272,163.51,162.35,,
44273,162.56,163.51,,
44274,163.24,162.56,,
44277,163,163.24,,
44278,161.81,163,,
44279,162.37,161.81,,
44280,161.78,162.37,,
44281,162.24,161.78,,
44284,160.31,162.24,,
44285,157.57,160.31,,
44286,159.96,157.57,,
44287,161.98,159.96,,
44291,161.92,161.98,,
44292,163.22,161.92,,
44293,162.76,163.22,,
44294,164.51,162.76,,
44295,163.27,164.51,,
44298,162.28,163.27,,
44299,163.43,162.28,,
44300,162.72,163.43,,
44301,165.35,162.72,,
44302,166.35,165.35,,
44305,165.89,166.35,,
44306,166.48,165.89,,
44307,168.13,166.48,,
44308,167.04,168.13,,
44309,166.4,167.04,,
44312,166.84,166.4,,
44313,166.42,166.84,,
44314,166.91,166.42,,
44315,166.22,166.91,,
44316,165.66,166.22,,
44319,167.81,165.66,,
44320,166.58,167.81,,
44321,167.27,166.58,,
44322,170.06,167.27,,
44323,171.59,170.06,,
44326,172.11,171.59,,
44327,172.14,172.11,,
44328,170.43,172.14,,
44329,171.13,170.43,,
44330,172.69,171.13,,
44333,174.7,172.69,,
44334,175.04,174.7,,
44335,175.16,175.04,,
44336,175.96,175.16,,
44337,176.04,175.96,,
44340,176.35,176.04,,
44341,177.95,176.35,,
44342,177.64,177.95,,
44343,177.71,177.64,,
44344,178.38,177.71,,
44348,177.9,178.38,,
44349,178.77,177.9,,
44350,175.27,178.77,,
44351,177.16,175.27,,
44354,177.87,177.16,,
44355,177.32,177.87,,
44356,176.98,177.32,,
44357,177.74,176.98,,
44358,175.74,177.74,,
44361,174.71,175.74,,
44362,174.05,174.71,,
44363,171.11,174.05,,
44364,165.85,171.11,,
44365,164.93,165.85,,
44368,166.95,164.93,,
44369,166.25,166.95,,
44370,166.14,166.25,,
44371,166.04,166.14,,
44372,166.59,166.04,,
44375,166.58,166.59,,
44376,164.83,166.58,,
44377,165.63,164.83,,
44378,166.2,165.63,,
44379,167.29,166.2,,
44383,168.12,167.29,,
44384,168.76,168.12,,
44385,168.65,168.76,,
44386,169.21,168.65,,
44389,169,169.21,,
44390,169.22,169,,
44391,171.04,169.22,,
44392,171.07,171.04,,
44393,169.41,171.07,,
44396,169.61,169.41,,
44397,169.39,169.61,,
44398,168.76,169.39,,
44399,169.09,168.76,,
44400,168.56,169.09,,
44403,168.16,168.56,,
44404,168.44,168.16,,
44405,169.29,168.44,,
44406,171.17,169.29,,
44407,169.82,171.17,,
44410,169.61,169.82,,
44411,169.49,169.61,,
44412,169.53,169.49,,
44413,168.86,169.53,,
44414,164.64,168.86,,
44417,161.72,164.64,,
44418,161.77,161.72,,
44419,164,161.77,,
44420,164.04,164,,
44421,166.39,164.04,,
44424,167.22,166.39,,
44425,166.97,167.22,,
44426,167.1,166.97,,
44427,166.61,167.1,,
44428,166.7,166.61,,
44431,168.73,166.7,,
44432,168.65,168.73,,
44433,167.48,168.65,,
44434,167.67,167.48,,
44435,170.19,167.67,,
44438,169.35,170.19,,
44439,169.69,169.35,,
44440,169.7,169.69,,
44441,169.25,169.7,,
44442,171.06,169.25,,
44446,167.71,171.06,,
44447,167.29,167.71,,
44448,168.03,167.29,,
44449,167.18,168.03,,
44452,167.74,167.18,,
44453,168.82,167.74,,
44454,167.83,168.82,,
44455,164.03,167.83,,
44456,163.77,164.03,,
44459,164.94,163.77,,
44460,166.04,164.94,,
44461,165.42,166.04,,
44462,163.51,165.42,,
44463,163.3,163.51,,
44466,163.64,163.3,,
44467,162.05,163.64,,
44468,161.32,162.05,,
44469,164.22,161.32,,
44470,164.59,164.22,,
44473,165.36,164.59,,
44474,164.59,165.36,,
44475,165.03,164.59,,
44476,164.16,165.03,,
44477,164.23,164.16,,
44480,163.92,164.23,,
44481,164.66,163.92,,
44482,167.59,164.66,,
44483,168,167.59,,
44484,165.33,168,,
44487,164.92,165.33,,
44488,165.45,164.92,,
44489,166.9,165.45,,
44490,166.75,166.9,,
44491,167.77,166.75,,
44494,168.93,167.77,,
44495,167.68,168.93,,
44496,168.12,167.68,,
44497,168.08,168.12,,
44498,166.65,168.08,,
44501,167.52,166.65,,
44502,167.16,167.52,,
44503,165.77,167.16,,
44504,167.65,165.77,,
44505,169.84,167.65,,
44508,170.45,169.84,,
44509,171.29,170.45,,
44510,173.15,171.29,,
44511,174.12,173.15,,
44512,174.45,174.12,,
44515,174.18,174.45,,
44516,172.92,174.18,,
44517,174.5,172.92,,
44518,173.94,174.5,,
44519,172.61,173.94,,
44522,168.74,172.61,,
44523,167.28,168.74,,
44524,167.12,167.28,,
44526,166.85,167.12,,
44529,166.62,166.85,,
44530,165.5,166.62,,
44531,166.16,165.5,,
44532,165.24,166.16,,
44533,166.63,165.24,,
44536,166.22,166.63,,
44537,166.81,166.22,,
44538,166.9,166.81,,
44539,165.88,166.9,,
44540,166.58,165.88,,
44543,167,166.58,,
44544,165.44,167,,
44545,166.15,165.44,,
44546,168.16,166.15,,
44547,167.8,168.16,,
44550,167.09,167.8,,
44551,167.02,167.09,,
44552,168.59,167.02,,
44553,168.97,168.59,,
44557,169.37,168.97,,
44558,168.64,169.37,,
44559,168.59,168.64,,
44560,169.8,168.59,,
44561,170.96,169.8,,
44564,168.33,170.96,,
44565,169.57,168.33,,
44566,169.06,169.57,,
44567,166.99,169.06,,
44568,167.75,166.99,,
44571,168.26,167.75,,
44572,170.29,168.26,,
44573,170.74,170.29,,
44574,170.16,170.74,,
44575,169.67,170.16,,
44579,169.39,169.67,,
44580,172.08,169.39,,
44581,171.65,172.08,,
44582,171.09,171.65,,
44585,172.03,171.09,,
44586,172.58,172.03,,
44587,169.79,172.58,,
44588,167.6,169.79,,
44589,167.1,167.6,,
44592,168.09,167.1,,
44593,168.23,168.09,,
44594,168.84,168.23,,
44595,168.6,168.84,,
44596,168.86,168.6,,
44599,170.11,168.86,,
44600,170.63,170.11,,
44601,171.21,170.63,,
44602,170.56,171.21,,
44603,173.81,170.56,,
44606,174.74,173.81,,
44607,173.08,174.74,,
44608,174.86,173.08,,
44609,177.25,174.86,,
44610,177.12,177.25,,
44614,177.49,177.12,,
44615,178.29,177.49,,
44616,177.14,178.29,,
44617,176.55,177.14,,
44620,178.38,176.55,,
44621,181.62,178.38,,
44622,179.73,181.62,,
44623,180.8,179.73,,
44624,183.68,180.8,,
44627,186.41,183.68,,
44628,191.51,186.41,,
44629,185.82,191.51,,
44630,186.4,185.82,,
44631,185.09,186.4,,
44634,182.3,185.09,,
44635,178.89,182.3,,
44636,180.01,178.89,,
44637,180.89,180.01,,
44638,179.3,180.89,,
44641,180.67,179.3,,
44642,179.36,180.67,,
44643,181.81,179.36,,
44644,183.13,181.81,,
44645,182.38,183.13,,
44648,179.06,182.38,,
44649,179.14,179.06,,
44650,180.58,179.14,,
44651,180.65,180.58,,
44652,179.5,180.65,,
44655,180.37,179.5,,
44656,179.24,180.37,,
44657,179.66,179.24,,
44658,180.34,179.66,,
44659,181.47,180.34,,
44662,182.37,181.47,,
44663,183.77,182.37,,
44664,184.65,183.77,,
44665,184.04,184.65,,
44669,184.61,184.04,,
44670,181.82,184.61,,
44671,182.71,181.82,,
44672,182.06,182.71,,
44673,180.29,182.06,,
44676,177.05,180.29,,
44677,177.32,177.05,,
44678,175.98,177.32,,
44679,176.93,175.98,,
44680,176.91,176.93,,
44683,173.63,176.91,,
44684,174.09,173.63,,
44685,175.8,174.09,,
44686,175.13,175.8,,
44687,175.42,175.13,,
44690,172.88,175.42,,
44691,171.42,172.88,,
44692,172.82,171.42,,
44693,170.17,172.82,,
44694,168.79,170.17,,
44697,170.4,168.79,,
44698,169.33,170.4,,
44699,169.42,169.33,,
44700,171.91,169.42,,
44701,172.03,171.91,,
44704,172.83,172.03,,
44705,174.13,172.83,,
44706,173.08,174.13,,
44707,172.76,173.08,,
44708,172.85,172.76,,
44712,171.14,172.85,,
44713,172.23,171.14,,
44714,174.35,172.23,,
44715,172.58,174.35,,
44718,171.82,172.58,,
44719,172.94,171.82,,
44720,172.78,172.94,,
44721,172.23,172.78,,
44722,174.54,172.23,,
44725,169.93,174.54,,
44726,168.57,169.93,,
44727,170.77,168.57,,
44728,172.69,170.77,,
44729,171.27,172.69,,
44733,170.63,171.27,,
44734,171.31,170.63,,
44735,170.26,171.31,,
44736,170.09,170.26,,
44739,169.9,170.09,,
44740,169.62,169.9,,
44741,169.49,169.62,,
44742,168.46,169.49,,
44743,168.32,168.46,,
44747,164.75,168.32,,
44748,162.14,164.75,,
44749,162.23,162.14,,
44750,162.3,162.23,,
44753,161.43,162.3,,
44754,160.83,161.43,,
44755,161.6,160.83,,
44756,159.33,161.6,,
44757,159.01,159.33,,
44760,159.16,159.01,,
44761,159.54,159.16,,
44762,158.04,159.54,,
44763,160.27,158.04,,
44764,160.67,160.27,,
44767,160.23,160.67,,
44768,160.04,160.23,,
44769,161.67,160.04,,
44770,163.64,161.67,,
44771,164.1,163.64,,
44774,165.03,164.1,,
44775,164.05,165.03,,
44776,164.45,164.05,,
44777,167.17,164.45,,
44778,165.29,167.17,,
44781,166.69,165.29,,
44782,167.2,166.69,,
44783,166.78,167.2,,
44784,166.34,166.78,,
44785,167.87,166.34,,
44788,165.71,167.87,,
44789,165.42,165.71,,
44790,164.35,165.42,,
44791,163.92,164.35,,
44792,162.72,163.92,,
44795,161.64,162.72,,
44796,162.77,161.64,,
44797,163.25,162.77,,
44798,163.75,163.25,,
44799,161.76,163.75,,
44802,161.86,161.76,,
44803,160.51,161.86,,
44804,159.27,160.51,,
44805,157.87,159.27,,
44806,159.26,157.87,,
44810,158.33,159.26,,
44811,159.94,158.33,,
44812,158.98,159.94,,
44813,159.82,158.98,,
44816,160.63,159.82,,
44817,158.54,160.63,,
44818,157.93,158.54,,
44819,154.98,157.93,,
44820,155.84,154.98,,
44823,155.96,155.84,,
44824,155.07,155.96,,
44825,155.79,155.07,,
44826,155.7,155.79,,
44827,153.01,155.7,,
44830,151.23,153.01,,
44831,151.54,151.23,,
44832,154.69,151.54,,
44833,154.66,154.69,,
44834,154.67,154.66,,
44837,158.43,154.67,,
44838,160.7,158.43,,
44839,159.81,160.7,,
44840,159.63,159.81,,
44841,157.88,159.63,,
44844,155.48,157.88,,
44845,155.16,155.48,,
44846,155.99,155.16,,
44847,154.91,155.99,,
44848,152.98,154.91,,
44851,153.42,152.98,,
44852,153.75,153.42,,
44853,151.69,153.75,,
44854,151.45,151.69,,
44855,154.15,151.45,,
44858,153.65,154.15,,
44859,154,153.65,,
44860,154.98,154,,
44861,154.74,154.98,,
44862,153.16,154.74,,
44865,151.91,153.16,,
44866,153.46,151.91,,
44867,152.39,153.46,,
44868,151.81,152.39,,
44869,156.47,151.81,,
44872,155.85,156.47,,
44873,159.45,155.85,,
44874,158.65,159.45,,
44875,163.48,158.65,,
44876,164.56,163.48,,
44879,164.92,164.56,,
44880,165.5,164.92,,
44881,165.12,165.5,,
44882,163.92,165.12,,
44883,162.79,163.92,,
44886,161.88,162.79,,
44887,162.07,161.88,,
44888,163.08,162.07,,
44890,163.22,163.08,,
44893,161.93,163.22,,
44894,162.73,161.93,,
44895,164.81,162.73,,
44896,167.84,164.81,,
44897,167.26,167.84,,
44900,164.39,167.26,,
44901,164.84,164.39,,
44902,166.33,164.84,,
44903,166.47,166.33,,
44904,167.06,166.47,,
44907,165.68,167.06,,
44908,168.51,165.68,,
44909,168.1,168.51,,
44910,165.35,168.1,,
44911,166.79,165.35,,
44914,166.32,166.79,,
44915,169.08,166.32,,
44916,168.8,169.08,,
44917,166.76,168.8,,
44918,167.26,166.76,,
44922,168.67,167.26,,
44923,167.91,168.67,,
44924,168.85,167.91,,
44925,169.64,168.85,,
44929,171.06,169.64,,
44930,172.67,171.06,,
44931,170.52,172.67,,
44932,173.71,170.52,,
44935,174.1,173.71,,
44936,174.74,174.1,,
44937,174.62,174.74,,
44938,176.64,174.62,,
44939,178.76,176.64,,
44943,177.59,178.76,,
44944,177.08,177.59,,
44945,179.89,177.08,,
44946,179.29,179.89,,
44949,179.63,179.29,,
44950,180.28,179.63,,
44951,181.11,180.28,,
44952,179.47,181.11,,
44953,179.22,179.47,,
44956,178.76,179.22,,
44957,179.41,178.76,,
44958,181.67,179.41,,
44959,177.9,181.67,,
44960,173.46,177.9,,
44963,173.82,173.46,,
44964,173.98,173.82,,
44965,174.41,173.98,,
44966,173.03,174.41,,
44967,173.36,173.03,,
44970,172.48,173.36,,
44971,172.61,172.48,,
44972,170.89,172.61,,
44973,170.75,170.89,,
44974,171.26,170.75,,
44978,170.62,171.26,,
44979,169.66,170.62,,
44980,169.57,169.66,,
44981,168.35,169.57,,
44984,169.01,168.35,,
44985,169.78,169.01,,
44986,170.76,169.78,,
44987,170.66,170.76,,
44988,172.49,170.66,,
44991,171.62,172.49,,
44992,168.62,171.62,,
44993,168.54,168.62,,
44994,170.2,168.54,,
44995,173.87,170.2,,
44998,177.86,173.87,,
44999,176.83,177.86,,
45000,178.21,176.83,,
45001,178.57,178.21,,
45002,183.77,178.57,,
45005,183.84,183.77,,
45006,180.37,183.84,,
45007,183.44,180.37,,
45008,185.74,183.44,,
45009,183.65,185.74,,
45012,181.95,183.65,,
45013,183.44,181.95,,
45014,182.53,183.44,,
45015,184.18,182.53,,
45016,183.22,184.18,,
45019,184.54,183.22,,
45020,187.98,184.54,,
45021,187.83,187.98,,
45022,186.49,187.83,,
45026,185.11,186.49,,
45027,186.28,185.11,,
45028,187.19,186.28,,
45029,189.72,187.19,,
45030,186.36,189.72,,
45033,185.53,186.36,,
45034,186.25,185.53,,
45035,185.36,186.25,,
45036,186.09,185.36,,
45037,184.25,186.09,,
45040,184.81,184.25,,
45041,185.75,184.81,,
45042,184.74,185.75,,
45043,184.75,184.74,,
45044,184.8,184.75,,
45047,183.97,184.8,,
45048,187.52,183.97,,
45049,189.11,187.52,,
45050,190.44,189.11,,
45051,187.46,190.44,,
45054,187.69,187.46,,
45055,189.02,187.69,,
45056,188.75,189.02,,
45057,187.13,188.75,,
45058,186.81,187.13,,
45061,187.21,186.81,,
45062,184.87,187.21,,
45063,184.23,184.87,,
45064,181.84,184.23,,
45065,183.64,181.84,,
45068,183.21,183.64,,
45069,183.43,183.21,,
45070,181.95,183.43,,
45071,180.2,181.95,,
45072,180.92,180.2,,
45076,182.04,180.92,,
45077,182.32,182.04,,
45078,183.76,182.32,,
45079,181.05,183.76,,
45082,182.14,181.05,,
45083,182.34,182.14,,
45084,180.15,182.34,,
45085,182.53,180.15,,
45086,182.04,182.53,,
45089,181.88,182.04,,
45090,180.54,181.88,,
45091,180.64,180.54,,
45092,181.91,180.64,,
45093,181.63,181.91,,
45097,179.75,181.63,,
45098,179.49,179.75,,
45099,177.71,179.49,,
45100,178.2,177.71,,
45103,178.51,178.2,,
45104,177.69,178.51,,
45105,177.28,177.69,,
45106,177.09,177.28,,
45107,178.27,177.09,,
45110,178.47,178.27,,
45112,177.84,178.47,,
45113,177.31,177.84,,
45114,178.64,177.31,,
45117,178.78,178.64,,
45118,179.45,178.78,,
45119,181.88,179.45,,
45120,182.01,181.88,,
45121,181.43,182.01,,
45124,181.56,181.43,,
45125,183.64,181.56,,
45126,183.67,183.64,,
45127,182.74,183.67,,
45128,182.18,182.74,,
45131,181.4,182.18,,
45132,182.41,181.4,,
45133,183.3,182.41,,
45134,180.42,183.3,,
45135,181.86,180.42,,
45138,182.35,181.86,,
45139,180.46,182.35,,
45140,179.6,180.46,,
45141,179.54,179.6,,
45142,180.19,179.54,,
45145,179.78,180.19,,
45146,178.64,179.78,,
45147,177.79,178.64,,
45148,177.6,177.79,,
45149,177.6,177.6,,
45152,177.06,177.6,,
45153,176.59,177.06,,
45154,175.57,176.59,,
45155,175.3,175.57,,
45156,175.33,175.3,,
45159,175.81,175.33,,
45160,176.1,175.81,,
45161,177.89,176.1,,
45162,177.85,177.89,,
45163,177.62,177.85,,
45166,178.13,177.62,,
45167,179.87,178.13,,
45168,180.32,179.87,,
45169,180.02,180.32,,
45170,180.11,180.02,,
45174,178.64,180.11,,
45175,177.83,178.64,,
45176,178.02,177.83,,
45177,178.08,178.02,,
45180,178.41,178.08,,
45181,177.49,178.41,,
45182,177.08,177.49,,
45183,177.17,177.08,,
45184,178.34,177.17,,
45187,179.39,178.34,,
45188,179.22,179.39,,
45189,179.35,179.22,,
45190,178.05,179.35,,
45191,178.62,178.05,,
45194,177.7,178.62,,
45195,176.28,177.7,,
45196,174.1,176.28,,
45197,173.23,174.1,,
45198,171.45,173.23,,
45201,169.65,171.45,,
45202,169.16,169.65,,
45203,169.14,169.16,,
45204,168.83,169.14,,
45205,169.7,168.83,,
45208,172.82,169.7,,
45209,172.53,172.82,,
45210,173.79,172.53,,
45211,173.26,173.79,,
45212,178.83,173.26,,
45215,177.96,178.83,,
45216,178.29,177.96,,
45217,180.87,178.29,,
45218,183.09,180.87,,
45219,183.59,183.09,,
45222,182.97,183.59,,
45223,182.95,182.97,,
45224,183.72,182.95,,
45225,184.01,183.72,,
45226,186.15,184.01,,
45229,185.1,186.15,,
45230,184.09,185.1,,
45231,183.51,184.09,,
45232,184.12,183.51,,
45233,184.79,184.12,,
45236,183.35,184.79,,
45237,182.59,183.35,,
45238,180.77,182.59,,
45239,181.49,180.77,,
45240,179.51,181.49,,
45243,180.51,179.51,,
45244,182.12,180.51,,
45245,181.64,182.12,,
45246,183.69,181.64,,
45247,183.67,183.69,,
45250,183.37,183.67,,
45251,185.35,183.37,,
45252,184.56,185.35,,
45254,185.52,184.56,,
45257,186.77,185.52,,
45258,189.26,186.77,,
45259,189.54,189.26,,
45260,188.75,189.54,,
45261,192.01,188.75,,
45264,187.86,192.01,,
45265,187.15,187.86,,
45266,187.84,187.15,,
45267,188.15,187.84,,
45268,185.64,188.15,,
45271,183.59,185.64,,
45272,183.49,183.59,,
45273,187.63,183.49,,
45274,188.73,187.63,,
45275,187,188.73,,
45278,187.85,187,,
45279,189.13,187.85,,
45280,188.1,189.13,,
45281,189.43,188.1,,
45282,190.27,189.43,,
45286,191.72,190.27,,
45287,192.59,191.72,,
45288,191.47,192.59,,
45289,191.17,191.47,,
45293,190.72,191.17,,
45294,189.13,190.72,,
45295,189.32,189.13,,
45296,189.35,189.32,,
45299,187.87,189.35,,
45300,187.93,187.87,,
45301,187.5,187.93,,
45302,187.87,187.5,,
45303,189.71,187.87,,
45307,187.91,189.71,,
45308,185.84,187.91,,
45309,187.37,185.84,,
45310,187.93,187.37,,
45313,187.22,187.93,,
45314,187.95,187.22,,
45315,186.4,187.95,,
45316,187.14,186.4,,
45317,187.01,187.14,,
45320,188.33,187.01,,
45321,188.59,188.33,,
45322,188.45,188.59,,
45323,190.41,188.45,,
45324,188.61,190.41,,
45327,187.57,188.61,,
45328,188.55,187.57,,
45329,188.5,188.55,,
45330,188.33,188.5,,
45331,187.6,188.33,,
45334,187.11,187.6,,
45335,184.53,187.11,,
45336,184.42,184.53,,
45337,185.66,184.42,,
45338,186.34,185.66,,
45342,187.47,186.34,,
45343,187.48,187.47,,
45344,187.56,187.48,,
45345,188.62,187.56,,
45348,188.2,188.62,,
45349,188,188.2,,
45350,188.34,188,,
45351,189.31,188.34,,
45352,192.89,189.31,,
45355,196.01,192.89,,
45356,197.19,196.01,,
45357,198.81,197.19,,
45358,199.94,198.81,,
45359,201.63,199.94,,
45362,202,201.63,,
45363,199.79,202,,
45364,201.19,199.79,,
45365,200.35,201.19,,
45366,199.71,200.35,,
45369,200.03,199.71,,
45370,199.8,200.03,,
45371,202.18,199.8,,
45372,201.97,202.18,,
45373,200.35,201.97,,
45376,200.99,200.35,,
45377,201.64,200.99,,
45378,203.1,201.64,,
45379,205.72,203.1,,
45383,207.82,205.72,,
45384,210.89,207.82,,
45385,212.74,210.89,,
45386,211.52,212.74,,
45387,215.14,211.52,,
45390,216.48,215.14,,
45391,217.67,216.48,,
45392,215.61,217.67,,
45393,219.8,215.61,,
45394,216.89,219.8,,
45397,220.95,216.89,,
45398,221.22,220.95,,
45399,219.59,221.22,,
45400,220.34,219.59,,
45401,221.03,220.34,,
45404,215.57,221.03,,
45405,215.04,215.57,,
45406,214.64,215.04,,
45407,215.92,214.64,,
45408,216.62,215.92,,
45411,216.18,216.62,,
45412,211.87,216.18,,
45413,213.79,211.87,,
45414,213.13,213.79,,
45415,212.96,213.13,,
45418,215.2,212.96,,
45419,214.21,215.2,,
45420,213.58,214.21,,
45421,216.95,213.58,,
45422,218.71,216.95,,
45425,216.26,218.71,,
45426,218.09,216.26,,
45427,220.89,218.09,,
45428,220.03,220.89,,
45429,223.66,220.03,,
45432,224.56,223.66,,
45433,224.23,224.56,,
45434,220.11,224.23,,
45435,215.72,220.11,,
45436,215.92,215.72,,
45440,218.19,215.92,,
45441,216.16,218.19,,
45442,216.57,216.16,,
45443,215.3,216.57,,
45446,217.22,215.3,,
45447,215.27,217.22,,
45448,217.82,215.27,,
45449,219.43,217.82,,
45450,211.6,219.43,,
45453,213.54,211.6,,
45454,214.15,213.54,,
45455,214.72,214.15,,
45456,212.97,214.72,,
45457,215.73,212.97,,
45460,214.61,215.73,,
45461,215.47,214.61,,
45463,218.16,215.47,,
45464,214.78,218.16,,
45467,215.63,214.78,,
45468,214.56,215.63,,
45469,212.58,214.56,,
45470,214.99,212.58,,
45471,215.01,214.99,,
45474,215.57,215.01,,
45475,215.56,215.57,,
45476,217.99,215.56,,
45478,220.93,217.99,,
45481,218.19,220.93,,
45482,218.56,218.19,,
45483,219.36,218.56,,
45484,223.25,219.36,,
45485,223.11,223.25,,
45488,223.83,223.11,,
45489,228.29,223.83,,
45490,227.23,228.29,,
45491,225.78,227.23,,
45492,221.73,225.78,,
45495,221.8,221.73,,
45496,222.58,221.8,,
45497,221.8,222.58,,
45498,218.33,221.8,,
45499,220.63,218.33,,
45502,220.32,220.63,,
45503,222.52,220.32,,
45504,226.55,222.52,,
45505,225.77,226.55,,
45506,225.34,225.77,,
45509,222.48,225.34,,
45510,220.7,222.48,,
45511,220.55,220.7,,
45512,224.01,220.55,,
45513,224.56,224.01,,
45516,228.41,224.56,,
45517,228.06,228.41,,
45518,226.2,228.06,,
45519,226.91,226.2,,
45520,231.99,226.91,,
45523,231.61,231.99,,
45524,232.46,231.61,,
45525,232.15,232.46,,
45526,229.37,232.15,,
45527,232.02,229.37,,
45530,232.76,232.02,,
45531,233.39,232.76,,
45532,231.75,233.39,,
45533,232.95,231.75,,
45534,231.29,232.95,,
45538,230.29,231.29,,
45539,230.43,230.29,,
45540,232.35,230.43,,
45541,230.63,232.35,,
45544,231.6,230.63,,
45545,232.62,231.6,,
45546,232.25,232.62,,
45547,236.33,232.25,,
45548,238.68,236.33,,
45551,238.66,238.68,,
45552,237.34,238.66,,
45553,235.51,237.34,,
45554,239.17,235.51,,
45555,242.21,239.17,,
45558,242.68,242.21,,
45559,246.07,242.68,,
45560,245.73,246.07,,
45561,246.98,245.73,,
45562,245.02,246.98,,
45565,243.06,245.02,,
45566,245.61,243.06,,
45567,245.66,245.61,,
45568,245.49,245.66,,
45569,245,245.49,,
45572,244.17,245,,
45573,242.37,244.17,,
45574,241.05,242.37,,
45575,242.82,241.05,,
45576,245.47,242.82,,
45579,245.07,245.47,,
45580,245.92,245.07,,
45581,247.15,245.92,,
45582,248.63,247.15,,
45583,251.27,248.63,,
45586,251.22,251.27,,
45587,253.93,251.22,,
45588,250.87,253.93,,
45589,252.8,250.87,,
45590,253.32,252.8,,
45593,253.33,253.32,,
45594,256.09,253.33,,
45595,257.5,256.09,,
45596,253.51,257.5,,
45597,252.47,253.51,,
45600,252.83,252.47,,
45601,253.4,252.83,,
45602,245.7,253.4,,
45603,249.65,245.7,,
45604,247.96,249.65,,
45607,242.14,247.96,,
45608,240.05,242.14,,
45609,237.63,240.05,,
45610,237.01,237.63,,
45611,236.59,237.01,,
45614,241.09,236.59,,
45615,243.25,241.09,,
45616,244.62,243.25,,
45617,246.66,244.62,,
45618,249.84,246.66,,
45621,242.48,249.84,,
45622,242.95,242.48,,
45623,243.49,242.95,,
45625,245.59,243.49,,
45628,243.44,245.59,,
45629,243.93,243.44,,
45630,244.67,243.93,,
45631,242.86,244.67,,
45632,242.95,242.86,,
45635,245.36,242.95,,
45636,248.59,245.36,,
45637,250.96,248.59,,
45638,247.28,250.96,,
45639,244.29,247.28,,
45642,244.88,244.29,,
45643,243.94,244.88,,
45644,239.26,243.94,,
45645,239.6,239.26,,
45646,242.1,239.6,,
45649,240.96,242.1,,
45650,241.44,240.96,,
45652,243.07,241.44,,
45653,241.4,243.07,,
45656,240.63,241.4,,
45657,242.13,240.63,,
45659,245.42,242.13,,
45660,243.49,245.42,,
45663,243.19,243.49,,
45664,244.56,243.19,,
45665,245.86,244.56,,
45667,248.21,245.86,,
45670,245.74,248.21,,
45671,247.03,245.74,,
45672,248.88,247.03,,
45673,250.6,248.88,,
45674,249.27,250.6,,
45678,253.13,249.27,,
45679,254.43,253.13,,
45680,254.07,254.43,,
45681,255.65,254.07,,
45684,252.99,255.65,,
45685,255.18,252.99,,
45686,254.2,255.18,,
45687,258.05,254.2,,
45688,258.56,258.05,,
45691,259.94,258.56,,
45692,262.5,259.94,,
45693,264.13,262.5,,
45694,263.43,264.13,,
45695,263.9,263.43,,
45698,268.37,263.9,,
45699,267.39,268.37,,
45700,267.67,267.39,,
45701,270.31,267.67,,
45702,266.29,270.31,,
45706,270.7,266.29,,
45707,270.85,270.7,,
45708,270.99,270.85,,
45709,270.74,270.99,,
45712,272.21,270.74,,
45713,268.62,272.21,,
45714,269.03,268.62,,
45715,264.93,269.03,,
45716,263.27,264.93,,
45719,266.74,263.27,,
45720,269.06,266.74,,
45721,269.62,269.06,,
45722,268.25,269.62,,
45723,268.39,268.25,,
45726,266.04,268.39,,
45727,269.16,266.04,,
45728,270.33,269.16,,
45729,275.13,270.33,,
45730,275.24,275.13,,
45733,276.73,275.24,,
45734,279.96,276.73,,
45735,281.11,279.96,,
45736,280.75,281.11,,
45737,278.49,280.75,,
45740,277.25,278.49,,
45741,278.47,277.25,,
45742,278.24,278.47,,
45743,281.97,278.24,,
45744,284.06,281.97,,
45747,288.14,284.06,,
45748,287.57,288.14,,
45749,288.16,287.57,,
45750,286.42,288.16,,
45751,279.72,286.42,,
45754,273.71,279.72,,
45755,275.2,273.71,,
45756,285.38,275.2,,
45757,292.35,285.38,,
45758,297.93,292.35,,
45761,296.23,297.93,,
45762,297.78,296.23,,
45763,307.47,297.78,,
45764,306.12,307.47,,
45768,315.59,306.12,,
45769,311.11,315.59,,
45770,303.65,311.11,,
45771,308.07,303.65,,
45772,304.73,308.07,,
45775,309.07,304.73,,
45776,306.06,309.07,,
45777,303.77,306.06,,
45778,297.46,303.77,,
45779,297.98,297.46,,
45782,306.88,297.98,,
45783,315.48,306.88,,
45784,310.75,315.48,,
45785,304.63,310.75,,
45786,306.84,304.63,,
45789,298.19,306.84,,
45790,299.46,298.19,,
45791,293.16,299.46,,
45792,297.84,293.16,,
45793,294.24,297.84,,
45796,298.03,294.24,,
45797,303.58,298.03,,
45798,305.82,303.58,,
45799,303.11,305.82,,
45800,309.75,303.11,,
45804,304.5,309.75,,
45805,303.81,304.5,,
45806,305.61,303.81,,
45807,303.6,305.61,,
45810,311.67,303.6,,
45811,308.91,311.67,,
45812,310.9,308.91,,
45813,309.33,310.9,,
45814,305.18,309.33,,
45817,306.62,305.18,,
45818,306.71,306.62,,
45819,308.37,306.71,,
45820,312.2,308.37,,
45821,316.29,312.2,,
45824,311.78,316.29,,
45825,311.94,311.78,,
45826,310.26,311.94,,
45828,310.13,310.26,,
45831,311.08,310.13,,
45832,306.19,311.08,,
45833,307.12,306.19,,
45834,306.78,307.12,,
45835,301.22,306.78,,
45838,304.83,301.22,,
45839,307.55,304.83,,
45840,309.25,307.55,,
45841,307.14,309.25,,
45845,307.37,307.14,,
45846,304.16,307.37,,
45847,305.52,304.16,,
45848,306.2,305.52,,
45849,309.14,306.2,,
45852,308.01,309.14,,
45853,306.73,308.01,,
45854,308.26,306.73,,
45855,307.59,308.26,,
45856,308.39,307.59,,
45859,313.13,308.39,,
45860,316.1,313.13,,
45861,312.18,316.1,,
45862,310.27,312.18,,
45863,307.4,310.27,,
45866,305.41,307.4,,
45867,306.25,305.41,,
45868,300.96,306.25,,
45869,302.96,300.96,,
45870,309.11,302.96,,
45873,310.91,309.11,,
45874,311.16,310.91,,
45875,310.5,311.16,,
45876,313.12,310.5,,
45877,313.05,313.12,,
45880,308.55,313.05,,
45881,308.27,308.55,,
45882,309.21,308.27,,
45883,307.25,309.21,,
45884,307.43,307.25,,
45887,306.95,307.43,,
45888,305.27,306.95,,
45889,308.36,305.27,,
45890,307.29,308.36,,
45891,310.58,307.29,,
45894,309.83,310.58,,
45895,312.08,309.83,,
45896,312.71,312.08,,
45897,315.03,312.71,,
45898,318.07,315.03,,
45902,325.59,318.07,,
45903,328.14,325.59,,
45904,326.69,328.14,,
45905,331.05,326.69,,
45908,334.82,331.05,,
45909,334.06,334.82,,
45910,335.26,334.06,,
45911,334.76,335.26,,
45912,335.42,334.76,,
45915,338.91,335.42,,
45916,339.59,338.91,,
45917,336.97,339.59,,
45918,335.62,336.97,,
45919,339.18,335.62,,
45922,345.05,339.18,,
45923,346.46,345.05,,
45924,343.32,346.46,,
45925,344.75,343.32,,
45926,346.74,344.75,,
45929,352.46,346.74,,
45930,355.47,352.46,,
45931,356.03,355.47,,
45932,354.79,356.03,,
45933,357.64,354.79,,
45936,364.38,357.64,,
45937,366.26,364.38,,
45938,372.3,366.26,,
45939,365.43,372.3,,
45940,369.12,365.43,,
45943,378.09,369.12,,
45944,380.79,378.09,,
45945,387.39,380.79,,
45946,396.45,387.39,,
45947,388.99,396.45,,
45950,403.15,388.99,,
45951,377.24,403.15,,
45952,377.28,377.24,,
45953,378.79,377.28,,
45954,377.52,378.79,,
45957,367.01,377.52,,
45958,364.38,367.01,,
45959,363,364.38,,
45960,370.13,363,,
45961,368.12,370.13,,
45964,368.78,368.12,,
45965,362.32,368.78,,
45966,366.51,362.32,,
45967,366.07,366.51,,
45968,368.31,366.07,,
45971,378.38,368.31,,
45972,379.87,378.38,,
45973,385.99,379.87,,
45974,382.87,385.99,,
45975,375.96,382.87,,
45978,371.65,375.96,,
45979,374.35,371.65,,
45980,374.96,374.35,,
45981,374.85,374.96,,
45982,374.27,374.85,,
45985,380.2,374.27,,
45986,380.08,380.2,,
45987,383.12,380.08,,
45989,387.88,383.12,,
45992,389.75,387.88,,
45993,387.24,389.75,,
45994,386.88,387.24,,
45995,387.13,386.88,,
45996,386.44,387.13,,
45999,385.42,386.44,,
46000,387.4,385.42,,
46001,389.05,387.4,,
46002,393.24,389.05,,
46003,395.44,393.24,,
46006,395.8,395.44,,
46007,395.89,395.8,,
46008,399.29,395.89,,
46009,398.57,399.29,,
46010,399.02,398.57,,
46013,408.23,399.02,,
46014,413.64,408.23,,
46015,411.93,413.64,,
46017,416.74,411.93,,
46020,398.6,416.74,,
46021,398.89,398.6,,
46022,396.31,398.89,,
46024,398.28,396.31,,
46027,408.76,398.28,,
46028,413.18,408.76,,
46029,409.23,413.18,,
46030,411.49,409.23,,
46031,414.47,411.49,,
46034,422.23,414.47,,
46035,421.63,422.23,,
46036,425.94,421.63,,
46037,423.33,425.94,,
46038,421.29,423.33,,
46042,437.23,421.29,,
46043,443.6,437.23,,
46044,451.79,443.6,,
46045,458,451.79,,
46048,464.7,458,,
46049,476.1,464.7,,
46050,494.56,476.1,,
46051,495.9,494.56,,
46052,444.95,495.9,,
46055,427.13,444.95,,
46056,454.29,427.13,,
46057,453.97,454.29,,
46058,441.88,453.97,,
46059,455.46,441.88,,
46062,467.03,455.46,,
46063,462.4,467.03,,
46064,467.63,462.4,,
46065,451.39,467.63,,
46066,462.62,451.39,,
46070,448.2,462.62,,
46071,458.28,448.2,,
46072,459.56,458.28,,
46073,468.62,459.56,,
46076,481.28,468.62,,
46077,474.61,481.28,,
46078,473.42,474.61,,
46079,477.48,473.42,,
46080,483.75,477.48,,
46083,490,483.75,,
46084,468.14,490,,
46085,471.8,468.14,,
46086,466.13,471.8,,
46087,473.51,466.13,,
46090,472.53,473.51,,
46091,477.86,472.53,,
46092,476.24,477.86,,
46093,466.88,476.24,,
46094,460.84,466.88,,
46097,460.43,460.84,,
46098,459.27,460.43,,
46099,444.74,459.27,,
46100,426.41,444.74,,
46101,413.38,426.41,,
46104,404.04,413.38,,
46105,404.13,404.04,,
46106,416.29,404.13,,
46107,400.64,416.29,,
46108,414.7,400.64,,
46111,414.58,414.7,,
46112,430.29,414.58,,
46113,437.82,430.29,,
46114,429.41,437.82,,
46118,427.65,429.41,,
46119,431.81,427.65,,
46120,434.53,431.81,,
46121,437.91,434.53,,
46122,437.13,437.91,,
46125,435.36,437.13,,
46126,445.09,435.36,,
46127,440.46,445.09,,
46128,440.08,440.46,,
46129,445.93,440.08,,
46132,442.09,445.93,,
46133,429.57,442.09,,
46134,435.26,429.57,,
46135,431.04,435.26,,
46136,433.25,431.04,,
46139,429.89,433.25,,
46140,421.91,429.89,,
46141,417.41,421.91,,
46142,423.66,417.41,,
46143,423.18,423.66,,
46146,414.71,423.18,,
46147,418.27,414.71,,