DXY Curncy,,,,
40182,77.525,77.86,,
40183,77.619,77.525,,
40184,77.493,77.619,,
40185,77.913,77.493,,
40186,77.471,77.913,,
40189,77.005,77.471,,
40190,76.954,77.005,,
40191,76.846,76.954,,
40192,76.732,76.846,,
40193,77.323,76.732,,
40196,77.064,#N/A N/A,,
40197,77.5,77.323,,
40198,78.338,77.5,,
40199,78.32,78.338,,
40200,78.277,78.32,,
40203,78.19,78.277,,
40204,78.432,78.19,,
40205,78.675,78.432,,
40206,78.904,78.675,,
40207,79.462,78.904,,
40210,79.242,79.462,,
40211,79.014,79.242,,
40212,79.372,79.014,,
40213,79.916,79.372,,
40214,80.441,79.916,,
40217,80.302,80.441,,
40218,79.863,80.302,,
40219,80.028,79.863,,
40220,79.994,80.028,,
40221,80.218,79.994,,
40224,80.332,#N/A N/A,,
40225,79.7,80.218,,
40226,80.376,79.7,,
40227,80.398,80.376,,
40228,80.643,80.398,,
40231,80.507,80.643,,
40232,80.85,80.507,,
40233,80.849,80.85,,
40234,80.787,80.849,,
40235,80.362,80.787,,
40238,80.658,80.362,,
40239,80.521,80.658,,
40240,79.977,80.521,,
40241,80.561,79.977,,
40242,80.432,80.561,,
40245,80.432,80.432,,
40246,80.592,80.432,,
40247,80.445,80.592,,
40248,80.323,80.445,,
40249,79.833,80.323,,
40252,80.251,79.833,,
40253,79.753,80.251,,
40254,79.638,79.753,,
40255,80.225,79.638,,
40256,80.724,80.225,,
40259,80.651,80.724,,
40260,80.896,80.651,,
40261,81.838,80.896,,
40262,82.12,81.838,,
40263,81.676,82.12,,
40266,81.358,81.676,,
40267,81.47,81.358,,
40268,81.073,81.47,,
40269,80.776,81.073,,
40270,81.173,#N/A N/A,,
40273,81.094,80.776,,
40274,81.387,81.094,,
40275,81.443,81.387,,
40276,81.534,81.443,,
40277,81.093,81.534,,
40280,80.562,81.093,,
40281,80.507,80.562,,
40282,80.19,80.507,,
40283,80.482,80.19,,
40284,80.824,80.482,,
40287,81,80.824,,
40288,81.049,81,,
40289,81.161,81.049,,
40290,81.567,81.161,,
40291,81.352,81.567,,
40294,81.481,81.352,,
40295,82.146,81.481,,
40296,82.381,82.146,,
40297,82.003,82.381,,
40298,81.866,82.003,,
40301,82.272,81.866,,
40302,83.299,82.272,,
40303,84.079,83.299,,
40304,84.894,84.079,,
40305,84.45,84.894,,
40308,84.156,84.45,,
40309,84.467,84.156,,
40310,84.828,84.467,,
40311,85.207,84.828,,
40312,86.095,85.207,,
40315,86.205,86.095,,
40316,87.162,86.205,,
40317,86.392,87.162,,
40318,85.565,86.392,,
40319,85.371,85.565,,
40322,86.206,85.371,,
40323,86.779,86.206,,
40324,87.121,86.779,,
40325,86.185,87.121,,
40326,86.48,86.185,,
40329,86.588,#N/A N/A,,
40330,86.643,86.48,,
40331,86.793,86.643,,
40332,87.136,86.793,,
40333,88.233,87.136,,
40336,88.405,88.233,,
40337,88.394,88.405,,
40338,87.897,88.394,,
40339,87.169,87.897,,
40340,87.507,87.169,,
40343,86.511,87.507,,
40344,85.981,86.511,,
40345,86.083,85.981,,
40346,85.688,86.083,,
40347,85.699,85.688,,
40350,85.932,85.699,,
40351,86.106,85.932,,
40352,85.741,86.106,,
40353,85.733,85.741,,
40354,85.313,85.733,,
40357,85.652,85.313,,
40358,86.025,85.652,,
40359,86.019,86.025,,
40360,84.716,86.019,,
40361,84.427,84.716,,
40364,84.608,#N/A N/A,,
40365,84.083,84.427,,
40366,83.822,84.083,,
40367,83.824,83.822,,
40368,83.947,83.824,,
40371,84.203,83.947,,
40372,83.643,84.203,,
40373,83.426,83.643,,
40374,82.558,83.426,,
40375,82.486,82.558,,
40378,82.513,82.486,,
40379,82.747,82.513,,
40380,83.393,82.747,,
40381,82.595,83.393,,
40382,82.464,82.595,,
40385,82.087,82.464,,
40386,82.185,82.087,,
40387,82.179,82.185,,
40388,81.636,82.179,,
40389,81.539,81.636,,
40392,80.938,81.539,,
40393,80.596,80.938,,
40394,80.892,80.596,,
40395,80.825,80.892,,
40396,80.407,80.825,,
40399,80.711,80.407,,
40400,80.799,80.711,,
40401,82.29,80.799,,
40402,82.635,82.29,,
40403,82.948,82.635,,
40406,82.533,82.948,,
40407,82.226,82.533,,
40408,82.223,82.226,,
40409,82.447,82.223,,
40410,83.057,82.447,,
40413,83.123,83.057,,
40414,83.146,83.123,,
40415,83.261,83.146,,
40416,82.934,83.261,,
40417,82.918,82.934,,
40420,83.164,82.918,,
40421,83.202,83.164,,
40422,82.522,83.202,,
40423,82.463,82.522,,
40424,82.102,82.463,,
40427,82.042,#N/A N/A,,
40428,82.82,82.102,,
40429,82.585,82.82,,
40430,82.674,82.585,,
40431,82.698,82.674,,
40434,81.912,82.698,,
40435,81.08,81.912,,
40436,81.491,81.08,,
40437,81.241,81.491,,
40438,81.398,81.241,,
40441,81.335,81.398,,
40442,80.439,81.335,,
40443,79.83,80.439,,
40444,80.01,79.83,,
40445,79.395,80.01,,
40448,79.338,79.395,,
40449,79.014,79.338,,
40450,78.691,79.014,,
40451,78.72,78.691,,
40452,78.088,78.72,,
40455,78.447,78.088,,
40456,77.749,78.447,,
40457,77.386,77.749,,
40458,77.387,77.386,,
40459,77.325,77.387,,
40462,77.442,77.325,,
40463,77.363,77.442,,
40464,77.071,77.363,,
40465,76.647,77.071,,
40466,77.041,76.647,,
40469,76.934,77.041,,
40470,78.184,76.934,,
40471,77.171,78.184,,
40472,77.418,77.171,,
40473,77.472,77.418,,
40476,77.103,77.472,,
40477,77.708,77.103,,
40478,78.149,77.708,,
40479,77.308,78.149,,
40480,77.266,77.308,,
40483,77.296,77.266,,
40484,76.722,77.296,,
40485,76.481,76.722,,
40486,75.882,76.481,,
40487,76.548,75.882,,
40490,77.027,76.548,,
40491,77.443,77.027,,
40492,77.634,77.443,,
40493,78.217,77.634,,
40494,78.082,78.217,,
40497,78.518,78.082,,
40498,79.21,78.518,,
40499,79.084,79.21,,
40500,78.617,79.084,,
40501,78.504,78.617,,
40504,78.682,78.504,,
40505,79.681,78.682,,
40506,79.867,79.681,,
40507,79.73,#N/A N/A,,
40508,80.357,79.867,,
40511,80.835,80.357,,
40512,81.195,80.835,,
40513,80.713,81.195,,
40514,80.303,80.713,,
40515,79.377,80.303,,
40518,79.571,79.377,,
40519,79.857,79.571,,
40520,79.997,79.857,,
40521,80.069,79.997,,
40522,80.07,80.069,,
40525,79.284,80.07,,
40526,79.367,79.284,,
40527,80.261,79.367,,
40528,80.181,80.261,,
40529,80.373,80.181,,
40532,80.628,80.373,,
40533,80.718,80.628,,
40534,80.727,80.718,,
40535,80.522,80.727,,
40536,80.474,#N/A N/A,,
40539,80.366,80.522,,
40540,80.365,80.366,,
40541,79.796,80.365,,
40542,79.521,79.796,,
40543,79.028,79.521,,
40546,79.127,79.028,,
40547,79.444,79.127,,
40548,80.258,79.444,,
40549,80.791,80.258,,
40550,81.012,80.791,,
40553,80.881,81.012,,
40554,80.846,80.881,,
40555,80.031,80.846,,
40556,79.191,80.031,,
40557,79.162,79.191,,
40560,79.337,79.162,,
40561,78.962,79.337,,
40562,78.64,78.962,,
40563,78.823,78.64,,
40564,78.213,78.823,,
40567,78.05,78.213,,
40568,78.002,78.05,,
40569,77.898,78.002,,
40570,77.727,77.898,,
40571,78.133,77.727,,
40574,77.735,78.133,,
40575,77.067,77.735,,
40576,77.158,77.067,,
40577,77.748,77.158,,
40578,78.044,77.748,,
40581,78.029,78.044,,
40582,77.999,78.029,,
40583,77.641,77.999,,
40584,78.25,77.641,,
40585,78.46,78.25,,
40588,78.614,78.46,,
40589,78.573,78.614,,
40590,78.223,78.573,,
40591,77.995,78.223,,
40592,77.664,77.995,,
40595,77.689,77.664,,
40596,77.768,77.689,,
40597,77.409,77.768,,
40598,77.057,77.409,,
40599,77.275,77.057,,
40602,76.889,77.275,,
40603,77.049,76.889,,
40604,76.671,77.049,,
40605,76.483,76.671,,
40606,76.4,76.483,,
40609,76.496,76.4,,
40610,76.798,76.496,,
40611,76.721,76.798,,
40612,77.276,76.721,,
40613,76.776,77.276,,
40616,76.349,76.776,,
40617,76.328,76.349,,
40618,76.681,76.328,,
40619,76.041,76.681,,
40620,75.718,76.041,,
40623,75.401,75.718,,
40624,75.434,75.401,,
40625,75.794,75.434,,
40626,75.656,75.794,,
40627,76.217,75.656,,
40630,76.128,76.217,,
40631,76.249,76.128,,
40632,76.118,76.249,,
40633,75.857,76.118,,
40634,75.833,75.857,,
40637,75.912,75.833,,
40638,75.882,75.912,,
40639,75.514,75.882,,
40640,75.585,75.514,,
40641,75.066,75.585,,
40644,75.056,75.066,,
40645,74.853,75.056,,
40646,74.98,74.853,,
40647,74.685,74.98,,
40648,74.832,74.685,,
40651,75.504,74.832,,
40652,75.029,75.504,,
40653,74.368,75.029,,
40654,74.109,74.368,,
40655,74.108,#N/A N/A,,
40658,73.986,74.109,,
40659,73.837,73.986,,
40660,73.519,73.837,,
40661,73.121,73.519,,
40662,72.933,73.121,,
40665,72.951,72.933,,
40666,73.14,72.951,,
40667,73.031,73.14,,
40668,74.194,73.031,,
40669,74.841,74.194,,
40672,74.737,74.841,,
40673,74.611,74.737,,
40674,75.327,74.611,,
40675,75.24,75.327,,
40676,75.757,75.24,,
40679,75.47,75.757,,
40680,75.399,75.47,,
40681,75.475,75.399,,
40682,75.123,75.475,,
40683,75.435,75.123,,
40686,76.104,75.435,,
40687,75.882,76.104,,
40688,75.932,75.882,,
40689,75.549,75.932,,
40690,74.954,75.549,,
40693,74.958,74.954,,
40694,74.638,74.958,,
40695,74.677,74.638,,
40696,74.333,74.677,,
40697,73.783,74.333,,
40700,73.952,73.783,,
40701,73.521,73.952,,
40702,73.93,73.521,,
40703,74.192,73.93,,
40704,74.795,74.192,,
40707,74.512,74.795,,
40708,74.332,74.512,,
40709,75.601,74.332,,
40710,75.752,75.601,,
40711,74.988,75.752,,
40714,75.029,74.988,,
40715,74.541,75.029,,
40716,74.783,74.541,,
40717,75.447,74.783,,
40718,75.665,75.447,,
40721,75.392,75.665,,
40722,75.063,75.392,,
40723,74.691,75.063,,
40724,74.303,74.691,,
40725,74.349,74.303,,
40728,74.275,74.349,,
40729,74.691,74.275,,
40730,75.122,74.691,,
40731,74.957,75.122,,
40732,75.179,74.957,,
40735,75.989,75.179,,
40736,75.809,75.989,,
40737,75.208,75.809,,
40738,75.253,75.208,,
40739,75.126,75.253,,
40742,75.483,75.126,,
40743,75.221,75.483,,
40744,74.792,75.221,,
40745,74.015,74.792,,
40746,74.201,74.015,,
40749,74.064,74.201,,
40750,73.474,74.064,,
40751,74.087,73.474,,
40752,74.222,74.087,,
40753,73.897,74.222,,
40756,74.262,73.897,,
40757,74.513,74.262,,
40758,74.044,74.513,,
40759,75.124,74.044,,
40760,74.598,75.124,,
40763,74.791,74.598,,
40764,74.605,74.791,,
40765,74.636,74.605,,
40766,74.677,74.636,,
40767,74.607,74.677,,
40770,73.836,74.607,,
40771,74.01,73.836,,
40772,73.674,74.01,,
40773,74.244,73.674,,
40774,74.009,74.244,,
40777,74.074,74.009,,
40778,73.894,74.074,,
40779,74.012,73.894,,
40780,74.279,74.012,,
40781,73.814,74.279,,
40784,73.721,73.814,,
40785,73.946,73.721,,
40786,74.117,73.946,,
40787,74.479,74.117,,
40788,74.756,74.479,,
40791,75.112,74.756,,
40792,75.952,75.112,,
40793,75.467,75.952,,
40794,76.246,75.467,,
40795,77.192,76.246,,
40798,77.578,77.192,,
40799,76.919,77.578,,
40800,76.833,76.919,,
40801,76.241,76.833,,
40802,76.599,76.241,,
40805,77.146,76.599,,
40806,77.03,77.146,,
40807,77.342,77.03,,
40808,78.455,77.342,,
40809,78.501,78.455,,
40812,78.363,78.501,,
40813,77.506,78.363,,
40814,77.852,77.506,,
40815,78.028,77.852,,
40816,78.553,78.028,,
40819,79.431,78.553,,
40820,79.597,79.431,,
40821,78.919,79.597,,
40822,78.634,78.919,,
40823,78.726,78.634,,
40826,77.494,78.726,,
40827,77.585,77.494,,
40828,76.994,77.585,,
40829,76.996,76.994,,
40830,76.623,76.996,,
40833,77.146,76.623,,
40834,77.138,77.146,,
40835,77.114,77.138,,
40836,76.974,77.114,,
40837,76.395,76.974,,
40840,76.028,76.395,,
40841,76.122,76.028,,
40842,76.246,76.122,,
40843,74.879,76.246,,
40844,75.067,74.879,,
40847,76.166,75.067,,
40848,77.261,76.166,,
40849,77.017,77.261,,
40850,76.672,77.017,,
40851,76.962,76.672,,
40854,76.962,76.962,,
40855,76.586,76.962,,
40856,77.926,76.586,,
40857,77.743,77.926,,
40858,76.945,77.743,,
40861,77.569,76.945,,
40862,77.872,77.569,,
40863,78.016,77.872,,
40864,78.282,78.016,,
40865,78.064,78.282,,
40868,78.3,78.064,,
40869,78.266,78.3,,
40870,79.141,78.266,,
40871,79.141,79.141,,
40872,79.686,79.141,,
40875,79.263,79.686,,
40876,79.007,79.263,,
40877,78.384,79.007,,
40878,78.328,78.384,,
40879,78.625,78.328,,
40882,78.57,78.625,,
40883,78.499,78.57,,
40884,78.485,78.499,,
40885,78.832,78.485,,
40886,78.632,78.832,,
40889,79.534,78.632,,
40890,80.242,79.534,,
40891,80.589,80.242,,
40892,80.321,80.589,,
40893,80.256,80.321,,
40896,80.25,80.256,,
40897,79.882,80.25,,
40898,80.022,79.882,,
40899,79.964,80.022,,
40900,79.93,79.964,,
40903,79.921,#N/A N/A,,
40904,79.797,79.93,,
40905,80.497,79.797,,
40906,80.486,80.497,,
40907,80.178,80.486,,
40910,80.28,#N/A N/A,,
40911,79.611,80.178,,
40912,80.129,79.611,,
40913,80.936,80.129,,
40914,81.254,80.936,,
40917,81.051,81.254,,
40918,80.805,81.051,,
40919,81.351,80.805,,
40920,80.77,81.351,,
40921,81.515,80.77,,
40924,81.515,81.515,,
40925,81.182,81.515,,
40926,80.609,81.182,,
40927,80.216,80.609,,
40928,80.223,80.216,,
40931,79.783,80.223,,
40932,79.868,79.783,,
40933,79.579,79.868,,
40934,79.395,79.579,,
40935,78.902,79.395,,
40938,79.167,78.902,,
40939,79.288,79.167,,
40940,78.922,79.288,,
40941,78.991,78.922,,
40942,78.924,78.991,,
40945,79.069,78.924,,
40946,78.576,79.069,,
40947,78.641,78.576,,
40948,78.566,78.641,,
40949,79.114,78.566,,
40952,78.946,79.114,,
40953,79.58,78.946,,
40954,79.67,79.58,,
40955,79.348,79.67,,
40956,79.331,79.348,,
40959,79.331,79.331,,
40960,79.044,79.331,,
40961,79.211,79.044,,
40962,78.819,79.211,,
40963,78.352,78.819,,
40966,78.568,78.352,,
40967,78.273,78.568,,
40968,78.737,78.273,,
40969,78.789,78.737,,
40970,79.403,78.789,,
40973,79.3,79.403,,
40974,79.866,79.3,,
40975,79.712,79.866,,
40976,79.139,79.712,,
40977,80.041,79.139,,
40980,79.89,80.041,,
40981,80.193,79.89,,
40982,80.565,80.193,,
40983,80.15,80.565,,
40984,79.786,80.15,,
40987,79.452,79.786,,
40988,79.593,79.452,,
40989,79.657,79.593,,
40990,79.736,79.657,,
40991,79.345,79.736,,
40994,78.982,79.345,,
40995,79.047,78.982,,
40996,79.126,79.047,,
40997,79.186,79.126,,
40998,79.004,79.186,,
41001,78.82,79.004,,
41002,79.483,78.82,,
41003,79.778,79.483,,
41004,80.076,79.778,,
41005,79.886,80.076,,
41008,79.733,79.886,,
41009,79.891,79.733,,
41010,79.795,79.891,,
41011,79.285,79.795,,
41012,79.888,79.285,,
41015,79.555,79.888,,
41016,79.476,79.555,,
41017,79.538,79.476,,
41018,79.561,79.538,,
41019,79.194,79.561,,
41022,79.42,79.194,,
41023,79.225,79.42,,
41024,79.012,79.225,,
41025,78.919,79.012,,
41026,78.709,78.919,,
41029,78.776,78.709,,
41030,78.864,78.776,,
41031,79.132,78.864,,
41032,79.221,79.132,,
41033,79.498,79.221,,
41036,79.603,79.498,,
41037,79.738,79.603,,
41038,80.08,79.738,,
41039,80.112,80.08,,
41040,80.264,80.112,,
41043,80.606,80.264,,
41044,81.221,80.606,,
41045,81.372,81.221,,
41046,81.383,81.372,,
41047,81.292,81.383,,
41050,81.084,81.292,,
41051,81.493,81.084,,
41052,82.094,81.493,,
41053,82.347,82.094,,
41054,82.402,82.347,,
41057,82.402,82.402,,
41058,82.48,82.402,,
41059,83.018,82.48,,
41060,83.043,83.018,,
41061,82.89,83.043,,
41064,82.557,82.89,,
41065,82.825,82.557,,
41066,82.321,82.825,,
41067,82.051,82.321,,
41068,82.511,82.051,,
41071,82.515,82.511,,
41072,82.423,82.515,,
41073,82.058,82.423,,
41074,81.99,82.058,,
41075,81.628,81.99,,
41078,81.946,81.628,,
41079,81.378,81.946,,
41080,81.583,81.378,,
41081,82.29,81.583,,
41082,82.256,82.29,,
41085,82.497,82.256,,
41086,82.372,82.497,,
41087,82.618,82.372,,
41088,82.807,82.618,,
41089,81.627,82.807,,
41092,81.87,81.627,,
41093,81.782,81.87,,
41094,81.782,81.782,,
41095,82.813,81.782,,
41096,83.377,82.813,,
41099,83.161,83.377,,
41100,83.4,83.161,,
41101,83.568,83.4,,
41102,83.659,83.568,,
41103,83.349,83.659,,
41106,83.098,83.349,,
41107,83.032,83.098,,
41108,83.068,83.032,,
41109,82.883,83.068,,
41110,83.478,82.883,,
41113,83.706,83.478,,
41114,84.005,83.706,,
41115,83.524,84.005,,
41116,82.808,83.524,,
41117,82.709,82.808,,
41120,82.794,82.709,,
41121,82.635,82.794,,
41122,83.058,82.635,,
41123,83.361,83.058,,
41124,82.375,83.361,,
41127,82.266,82.375,,
41128,82.21,82.266,,
41129,82.394,82.21,,
41130,82.638,82.394,,
41131,82.553,82.638,,
41134,82.435,82.553,,
41135,82.483,82.435,,
41136,82.645,82.483,,
41137,82.357,82.645,,
41138,82.596,82.357,,
41141,82.456,82.596,,
41142,81.907,82.456,,
41143,81.486,81.907,,
41144,81.359,81.486,,
41145,81.593,81.359,,
41148,81.658,81.593,,
41149,81.37,81.658,,
41150,81.549,81.37,,
41151,81.691,81.549,,
41152,81.208,81.691,,
41155,81.208,81.208,,
41156,81.312,81.208,,
41157,81.235,81.312,,
41158,81.04,81.235,,
41159,80.252,81.04,,
41162,80.357,80.252,,
41163,79.857,80.357,,
41164,79.737,79.857,,
41165,79.262,79.737,,
41166,78.847,79.262,,
41169,79.01,78.847,,
41170,79.249,79.01,,
41171,79.055,79.249,,
41172,79.411,79.055,,
41173,79.328,79.411,,
41176,79.518,79.328,,
41177,79.552,79.518,,
41178,79.885,79.552,,
41179,79.548,79.885,,
41180,79.935,79.548,,
41183,79.824,79.935,,
41184,79.744,79.824,,
41185,79.965,79.744,,
41186,79.353,79.965,,
41187,79.337,79.353,,
41190,79.54,79.337,,
41191,79.951,79.54,,
41192,79.917,79.951,,
41193,79.775,79.917,,
41194,79.667,79.775,,
41197,79.742,79.667,,
41198,79.405,79.742,,
41199,79.016,79.405,,
41200,79.367,79.016,,
41201,79.621,79.367,,
41204,79.652,79.621,,
41205,79.976,79.652,,
41206,79.914,79.976,,
41207,80.044,79.914,,
41208,80.068,80.044,,
41211,80.232,80.068,,
41212,79.931,80.232,,
41213,79.919,79.931,,
41214,80.047,79.919,,
41215,80.593,80.047,,
41218,80.749,80.593,,
41219,80.613,80.749,,
41220,80.759,80.613,,
41221,80.793,80.759,,
41222,81.026,80.793,,
41225,81.035,81.026,,
41226,81.084,81.035,,
41227,81.056,81.084,,
41228,81.078,81.056,,
41229,81.257,81.078,,
41232,80.874,81.257,,
41233,80.957,80.874,,
41234,80.932,80.957,,
41235,80.699,80.932,,
41236,80.192,80.699,,
41239,80.251,80.192,,
41240,80.402,80.251,,
41241,80.336,80.402,,
41242,80.204,80.336,,
41243,80.153,80.204,,
41246,79.882,80.153,,
41247,79.644,79.882,,
41248,79.774,79.644,,
41249,80.258,79.774,,
41250,80.408,80.258,,
41253,80.328,80.408,,
41254,80.061,80.328,,
41255,79.815,80.061,,
41256,79.928,79.815,,
41257,79.58,79.928,,
41260,79.568,79.58,,
41261,79.359,79.568,,
41262,79.269,79.359,,
41263,79.261,79.269,,
41264,79.617,79.261,,
41267,79.642,79.617,,
41268,79.67,#N/A N/A,,
41269,79.621,79.642,,
41270,79.62,79.621,,
41271,79.678,79.62,,
41274,79.769,79.678,,
41275,79.736,#N/A N/A,,
41276,79.845,79.769,,
41277,80.382,79.845,,
41278,80.499,80.382,,
41281,80.256,80.499,,
41282,80.345,80.256,,
41283,80.557,80.345,,
41284,79.738,80.557,,
41285,79.563,79.738,,
41288,79.488,79.563,,
41289,79.779,79.488,,
41290,79.804,79.779,,
41291,79.649,79.804,,
41292,80.036,79.649,,
41295,80.036,#N/A N/A,,
41296,79.874,80.036,,
41297,79.92,79.874,,
41298,79.949,79.92,,
41299,79.748,79.949,,
41302,79.78,79.748,,
41303,79.564,79.78,,
41304,79.281,79.564,,
41305,79.207,79.281,,
41306,79.125,79.207,,
41309,79.554,79.125,,
41310,79.488,79.554,,
41311,79.721,79.488,,
41312,80.192,79.721,,
41313,80.246,80.192,,
41316,80.31,80.246,,
41317,80.106,80.31,,
41318,80.091,80.106,,
41319,80.458,80.091,,
41320,80.58,80.458,,
41323,80.627,#N/A N/A,,
41324,80.468,80.58,,
41325,81.069,80.468,,
41326,81.461,81.069,,
41327,81.482,81.461,,
41330,81.67,81.482,,
41331,81.87,81.67,,
41332,81.602,81.87,,
41333,81.949,81.602,,
41334,82.313,81.949,,
41337,82.195,82.313,,
41338,82.087,82.195,,
41339,82.459,82.087,,
41340,82.081,82.459,,
41341,82.696,82.081,,
41344,82.573,82.696,,
41345,82.584,82.573,,
41346,82.889,82.584,,
41347,82.606,82.889,,
41348,82.261,82.606,,
41351,82.694,82.261,,
41352,82.989,82.694,,
41353,82.779,82.989,,
41354,82.74,82.779,,
41355,82.376,82.74,,
41358,82.828,82.376,,
41359,82.881,82.828,,
41360,83.221,82.881,,
41361,82.996,83.221,,
41362,82.976,#N/A N/A,,
41365,82.733,82.996,,
41366,82.924,82.733,,
41367,82.718,82.924,,
41368,82.677,82.718,,
41369,82.496,82.677,,
41372,82.752,82.496,,
41373,82.309,82.752,,
41374,82.532,82.309,,
41375,82.247,82.532,,
41376,82.311,82.247,,
41379,82.417,82.311,,
41380,81.749,82.417,,
41381,82.684,81.749,,
41382,82.559,82.684,,
41383,82.714,82.559,,
41386,82.676,82.714,,
41387,83.048,82.676,,
41388,83.048,83.048,,
41389,82.744,83.048,,
41390,82.502,82.744,,
41393,82.147,82.502,,
41394,81.746,82.147,,
41395,81.484,81.746,,
41396,82.224,81.484,,
41397,82.125,82.224,,
41400,82.315,82.125,,
41401,82.253,82.315,,
41402,81.896,82.253,,
41403,82.793,81.896,,
41404,83.143,82.793,,
41407,83.277,83.143,,
41408,83.595,83.277,,
41409,83.83,83.595,,
41410,83.588,83.83,,
41411,84.252,83.588,,
41414,83.736,84.252,,
41415,83.864,83.736,,
41416,84.352,83.864,,
41417,83.8,84.352,,
41418,83.7,83.8,,
41421,83.7,83.7,,
41422,84.1,83.7,,
41423,83.66,84.1,,
41424,83.042,83.66,,
41425,83.375,83.042,,
41428,82.656,83.375,,
41429,82.769,82.656,,
41430,82.594,82.769,,
41431,81.537,82.594,,
41432,81.669,81.537,,
41435,81.646,81.669,,
41436,81.113,81.646,,
41437,80.947,81.113,,
41438,80.752,80.947,,
41439,80.67,80.752,,
41442,80.787,80.67,,
41443,80.612,80.787,,
41444,81.428,80.612,,
41445,81.915,81.428,,
41446,82.318,81.915,,
41449,82.425,82.318,,
41450,82.581,82.425,,
41451,82.977,82.581,,
41452,82.902,82.977,,
41453,83.136,82.902,,
41456,83.054,83.136,,
41457,83.544,83.054,,
41458,83.231,83.544,,
41459,83.231,83.231,,
41460,84.449,83.231,,
41463,84.193,84.449,,
41464,84.58,84.193,,
41465,84.041,84.58,,
41466,82.746,84.041,,
41467,82.988,82.746,,
41470,83.043,82.988,,
41471,82.498,83.043,,
41472,82.708,82.498,,
41473,82.823,82.708,,
41474,82.607,82.823,,
41477,82.219,82.607,,
41478,81.945,82.219,,
41479,82.291,81.945,,
41480,81.97,82.291,,
41481,81.657,81.97,,
41484,81.663,81.657,,
41485,81.829,81.663,,
41486,81.452,81.829,,
41487,82.336,81.452,,
41488,81.908,82.336,,
41491,81.875,81.908,,
41492,81.603,81.875,,
41493,81.287,81.603,,
41494,80.977,81.287,,
41495,81.126,80.977,,
41498,81.333,81.126,,
41499,81.768,81.333,,
41500,81.711,81.768,,
41501,81.181,81.711,,
41502,81.257,81.181,,
41505,81.226,81.257,,
41506,80.906,81.226,,
41507,81.213,80.906,,
41508,81.488,81.213,,
41509,81.361,81.488,,
41512,81.407,81.361,,
41513,81.166,81.407,,
41514,81.431,81.166,,
41515,81.948,81.431,,
41516,82.087,81.948,,
41519,82.087,82.087,,
41520,82.361,82.087,,
41521,82.169,82.361,,
41522,82.633,82.169,,
41523,82.146,82.633,,
41526,81.793,82.146,,
41527,81.821,81.793,,
41528,81.518,81.821,,
41529,81.489,81.518,,
41530,81.452,81.489,,
41533,81.295,81.452,,
41534,81.143,81.295,,
41535,80.237,81.143,,
41536,80.372,80.237,,
41537,80.431,80.372,,
41540,80.449,80.431,,
41541,80.563,80.449,,
41542,80.334,80.563,,
41543,80.523,80.334,,
41544,80.287,80.523,,
41547,80.221,80.287,,
41548,80.141,80.221,,
41549,79.9,80.141,,
41550,79.749,79.9,,
41551,80.122,79.749,,
41554,79.941,80.122,,
41555,80.06,79.941,,
41556,80.376,80.06,,
41557,80.417,80.376,,
41558,80.362,80.417,,
41561,80.263,80.362,,
41562,80.482,80.263,,
41563,80.47,80.482,,
41564,79.649,80.47,,
41565,79.654,79.649,,
41568,79.695,79.654,,
41569,79.23,79.695,,
41570,79.264,79.23,,
41571,79.185,79.264,,
41572,79.194,79.185,,
41575,79.246,79.194,,
41576,79.607,79.246,,
41577,79.777,79.607,,
41578,80.195,79.777,,
41579,80.716,80.195,,
41582,80.553,80.716,,
41583,80.706,80.553,,
41584,80.483,80.706,,
41585,80.845,80.483,,
41586,81.303,80.845,,
41589,81.091,81.303,,
41590,81.192,81.091,,
41591,80.926,81.192,,
41592,81.023,80.926,,
41593,80.849,81.023,,
41596,80.825,80.849,,
41597,80.704,80.825,,
41598,81.112,80.704,,
41599,81.073,81.112,,
41600,80.708,81.073,,
41603,80.92,80.708,,
41604,80.611,80.92,,
41605,80.722,80.611,,
41606,80.582,80.722,,
41607,80.68,80.582,,
41610,80.925,80.68,,
41611,80.591,80.925,,
41612,80.619,80.591,,
41613,80.235,80.619,,
41614,80.315,80.235,,
41617,80.134,80.315,,
41618,79.966,80.134,,
41619,79.894,79.966,,
41620,80.206,79.894,,
41621,80.214,80.206,,
41624,80.074,80.214,,
41625,80.061,80.074,,
41626,80.105,80.061,,
41627,80.63,80.105,,
41628,80.575,80.63,,
41631,80.447,80.575,,
41632,80.536,80.447,,
41633,80.558,#N/A N/A,,
41634,80.484,80.536,,
41635,80.392,80.484,,
41638,80,80.392,,
41639,80.035,80,,
41640,80.108,#N/A N/A,,
41641,80.63,80.035,,
41642,80.791,80.63,,
41645,80.652,80.791,,
41646,80.833,80.652,,
41647,81.022,80.833,,
41648,81.005,81.022,,
41649,80.658,81.005,,
41652,80.513,80.658,,
41653,80.662,80.513,,
41654,81.027,80.662,,
41655,80.91,81.027,,
41656,81.225,80.91,,
41659,81.225,81.225,,
41660,81.098,81.225,,
41661,81.167,81.098,,
41662,80.438,81.167,,
41663,80.458,80.438,,
41666,80.524,80.458,,
41667,80.568,80.524,,
41668,80.505,80.568,,
41669,81.085,80.505,,
41670,81.311,81.085,,
41673,81.009,81.311,,
41674,81.121,81.009,,
41675,81.036,81.121,,
41676,80.906,81.036,,
41677,80.691,80.906,,
41680,80.642,80.691,,
41681,80.638,80.642,,
41682,80.679,80.638,,
41683,80.323,80.679,,
41684,80.136,80.323,,
41687,80.136,80.136,,
41688,80.008,80.136,,
41689,80.144,80.008,,
41690,80.286,80.144,,
41691,80.237,80.286,,
41694,80.199,80.237,,
41695,80.137,80.199,,
41696,80.429,80.137,,
41697,80.285,80.429,,
41698,79.691,80.285,,
41701,80.077,79.691,,
41702,80.168,80.077,,
41703,80.109,80.168,,
41704,79.663,80.109,,
41705,79.719,79.663,,
41708,79.768,79.719,,
41709,79.736,79.768,,
41710,79.608,79.736,,
41711,79.62,79.608,,
41712,79.446,79.62,,
41715,79.385,79.446,,
41716,79.414,79.385,,
41717,79.995,79.414,,
41718,80.192,79.995,,
41719,80.105,80.192,,
41722,79.934,80.105,,
41723,79.944,79.934,,
41724,80.032,79.944,,
41725,80.111,80.032,,
41726,80.176,80.111,,
41729,80.1,80.176,,
41730,80.094,80.1,,
41731,80.215,80.094,,
41732,80.475,80.215,,
41733,80.423,80.475,,
41736,80.232,80.423,,
41737,79.752,80.232,,
41738,79.484,79.752,,
41739,79.383,79.484,,
41740,79.452,79.383,,
41743,79.729,79.452,,
41744,79.803,79.729,,
41745,79.803,79.803,,
41746,79.828,79.803,,
41747,79.847,#N/A N/A,,
41750,79.945,79.828,,
41751,79.905,79.945,,
41752,79.855,79.905,,
41753,79.799,79.855,,
41754,79.749,79.799,,
41757,79.683,79.749,,
41758,79.808,79.683,,
41759,79.474,79.808,,
41760,79.527,79.474,,
41761,79.516,79.527,,
41764,79.486,79.516,,
41765,79.093,79.486,,
41766,79.202,79.093,,
41767,79.361,79.202,,
41768,79.903,79.361,,
41771,79.901,79.903,,
41772,80.143,79.901,,
41773,80.073,80.143,,
41774,80.003,80.073,,
41775,80.043,80.003,,
41778,79.993,80.043,,
41779,80.041,79.993,,
41780,80.095,80.041,,
41781,80.254,80.095,,
41782,80.393,80.254,,
41785,80.393,80.393,,
41786,80.352,80.393,,
41787,80.571,80.352,,
41788,80.494,80.571,,
41789,80.369,80.494,,
41792,80.644,80.369,,
41793,80.554,80.644,,
41794,80.663,80.554,,
41795,80.371,80.663,,
41796,80.409,80.371,,
41799,80.653,80.409,,
41800,80.82,80.653,,
41801,80.788,80.82,,
41802,80.576,80.788,,
41803,80.576,80.576,,
41806,80.471,80.576,,
41807,80.629,80.471,,
41808,80.584,80.629,,
41809,80.317,80.584,,
41810,80.372,80.317,,
41813,80.272,80.372,,
41814,80.327,80.272,,
41815,80.225,80.327,,
41816,80.22,80.225,,
41817,80.039,80.22,,
41820,79.775,80.039,,
41821,79.815,79.775,,
41822,79.956,79.815,,
41823,80.212,79.956,,
41824,80.269,80.212,,
41827,80.218,80.269,,
41828,80.179,80.218,,
41829,79.993,80.179,,
41830,80.127,79.993,,
41831,80.187,80.127,,
41834,80.188,80.187,,
41835,80.39,80.188,,
41836,80.559,80.39,,
41837,80.505,80.559,,
41838,80.524,80.505,,
41841,80.56,80.524,,
41842,80.781,80.56,,
41843,80.823,80.781,,
41844,80.872,80.823,,
41845,81.029,80.872,,
41848,81.025,81.029,,
41849,81.214,81.025,,
41850,81.432,81.214,,
41851,81.456,81.432,,
41852,81.302,81.456,,
41855,81.328,81.302,,
41856,81.328,81.328,,
41857,81.444,81.328,,
41858,81.524,81.444,,
41859,81.389,81.524,,
41862,81.466,81.389,,
41863,81.5,81.466,,
41864,81.596,81.5,,
41865,81.588,81.596,,
41866,81.424,81.588,,
41869,81.576,81.424,,
41870,81.883,81.576,,
41871,82.226,81.883,,
41872,82.154,82.226,,
41873,82.336,82.154,,
41876,82.549,82.336,,
41877,82.65,82.549,,
41878,82.428,82.65,,
41879,82.477,82.428,,
41880,82.748,82.477,,
41883,82.748,82.748,,
41884,82.992,82.748,,
41885,82.865,82.992,,
41886,83.82,82.865,,
41887,83.739,83.82,,
41890,84.232,83.739,,
41891,84.278,84.232,,
41892,84.283,84.278,,
41893,84.298,84.283,,
41894,84.24,84.298,,
41897,84.264,84.24,,
41898,84.074,84.264,,
41899,84.345,84.074,,
41900,84.323,84.345,,
41901,84.735,84.323,,
41904,84.752,84.735,,
41905,84.658,84.752,,
41906,85.037,84.658,,
41907,85.195,85.037,,
41908,85.64,85.195,,
41911,85.591,85.64,,
41912,85.936,85.591,,
41913,85.972,85.936,,
41914,85.601,85.972,,
41915,86.694,85.601,,
41918,85.928,86.694,,
41919,85.672,85.928,,
41920,85.297,85.672,,
41921,85.522,85.297,,
41922,85.912,85.522,,
41925,85.532,85.912,,
41926,85.822,85.532,,
41927,85.147,85.822,,
41928,84.955,85.147,,
41929,85.11,84.955,,
41932,84.953,85.11,,
41933,85.303,84.953,,
41934,85.741,85.303,,
41935,85.843,85.741,,
41936,85.732,85.843,,
41939,85.495,85.732,,
41940,85.408,85.495,,
41941,85.952,85.408,,
41942,86.147,85.952,,
41943,86.917,86.147,,
41946,87.309,86.917,,
41947,86.984,87.309,,
41948,87.444,86.984,,
41949,88.012,87.444,,
41950,87.642,88.012,,
41953,87.81,87.642,,
41954,87.531,87.81,,
41955,87.822,87.531,,
41956,87.674,87.822,,
41957,87.525,87.674,,
41960,87.926,87.525,,
41961,87.575,87.926,,
41962,87.647,87.575,,
41963,87.591,87.647,,
41964,88.31,87.591,,
41967,88.151,88.31,,
41968,87.92,88.151,,
41969,87.607,87.92,,
41970,87.607,87.607,,
41971,88.356,87.607,,
41974,87.946,88.356,,
41975,88.647,87.946,,
41976,88.956,88.647,,
41977,88.704,88.956,,
41978,89.334,88.704,,
41981,89.041,89.334,,
41982,88.69,89.041,,
41983,88.271,88.69,,
41984,88.663,88.271,,
41985,88.363,88.663,,
41988,88.46,88.363,,
41989,88.125,88.46,,
41990,89.133,88.125,,
41991,89.235,89.133,,
41992,89.598,89.235,,
41995,89.77,89.598,,
41996,90.064,89.77,,
41997,89.967,90.064,,
41998,89.835,#N/A N/A,,
41999,90.03,89.967,,
42002,90.19,90.03,,
42003,89.991,90.19,,
42004,90.269,89.991,,
42005,90.276,#N/A N/A,,
42006,91.08,90.269,,
42009,91.378,91.08,,
42010,91.499,91.378,,
42011,91.89,91.499,,
42012,92.368,91.89,,
42013,91.935,92.368,,
42016,91.983,91.935,,
42017,92.31,91.983,,
42018,92.161,92.31,,
42019,92.352,92.161,,
42020,92.52,92.352,,
42023,92.52,92.52,,
42024,93.046,92.52,,
42025,92.904,93.046,,
42026,94.077,92.904,,
42027,94.762,94.077,,
42030,94.802,94.762,,
42031,94.022,94.802,,
42032,94.467,94.022,,
42033,94.782,94.467,,
42034,94.804,94.782,,
42037,94.504,94.804,,
42038,93.6,94.504,,
42039,93.986,93.6,,
42040,93.569,93.986,,
42041,94.698,93.569,,
42044,94.449,94.698,,
42045,94.758,94.449,,
42046,94.985,94.758,,
42047,94.094,94.985,,
42048,94.201,94.094,,
42051,94.201,94.201,,
42052,94.061,94.201,,
42053,94.198,94.061,,
42054,94.404,94.198,,
42055,94.253,94.404,,
42058,94.569,94.253,,
42059,94.493,94.569,,
42060,94.213,94.493,,
42061,95.292,94.213,,
42062,95.293,95.292,,
42065,95.462,95.293,,
42066,95.383,95.462,,
42067,95.965,95.383,,
42068,96.378,95.965,,
42069,97.615,96.378,,
42072,97.588,97.615,,
42073,98.618,97.588,,
42074,99.795,98.618,,
42075,99.435,99.795,,
42076,100.33,99.435,,
42079,99.604,100.33,,
42080,99.585,99.604,,
42081,98.55,99.585,,
42082,99.26,98.55,,
42083,97.909,99.26,,
42086,97.033,97.909,,
42087,97.193,97.033,,
42088,96.979,97.193,,
42089,97.436,96.979,,
42090,97.291,97.436,,
42093,97.975,97.291,,
42094,98.357,97.975,,
42095,98.185,98.357,,
42096,97.436,98.185,,
42097,96.545,97.436,,
42100,96.777,96.545,,
42101,97.83,96.777,,
42102,97.94,97.83,,
42103,99.155,97.94,,
42104,99.338,99.155,,
42107,99.49,99.338,,
42108,98.733,99.49,,
42109,98.319,98.733,,
42110,97.415,98.319,,
42111,97.52,97.415,,
42114,97.941,97.52,,
42115,98.004,97.941,,
42116,97.932,98.004,,
42117,97.278,97.932,,
42118,96.922,97.278,,
42121,96.765,96.922,,
42122,96.092,96.765,,
42123,95.209,96.092,,
42124,94.6,95.209,,
42125,95.297,94.6,,
42128,95.48,95.297,,
42129,95.076,95.48,,
42130,94.087,95.076,,
42131,94.635,94.087,,
42132,94.794,94.635,,
42135,95.011,94.794,,
42136,94.534,95.011,,
42137,93.617,94.534,,
42138,93.457,93.617,,
42139,93.135,93.457,,
42142,94.221,93.135,,
42143,95.267,94.221,,
42144,95.448,95.267,,
42145,95.255,95.448,,
42146,96.014,95.255,,
42149,96.014,96.014,,
42150,97.299,96.014,,
42151,97.371,97.299,,
42152,96.965,97.371,,
42153,96.907,96.965,,
42156,97.392,96.907,,
42157,95.835,97.392,,
42158,95.465,95.835,,
42159,95.461,95.465,,
42160,96.306,95.461,,
42163,95.299,96.306,,
42164,95.166,95.299,,
42165,94.646,95.166,,
42166,94.976,94.646,,
42167,94.972,94.976,,
42170,94.81,94.972,,
42171,94.999,94.81,,
42172,94.296,94.999,,
42173,94.042,94.296,,
42174,94.085,94.042,,
42177,94.329,94.085,,
42178,95.432,94.329,,
42179,95.264,95.432,,
42180,95.187,95.264,,
42181,95.472,95.187,,
42184,94.79,95.472,,
42185,95.485,94.79,,
42186,96.31,95.485,,
42187,96.113,96.31,,
42188,96.113,96.113,,
42191,96.298,96.113,,
42192,96.865,96.298,,
42193,96.294,96.865,,
42194,96.606,96.294,,
42195,96.025,96.606,,
42198,96.858,96.025,,
42199,96.643,96.858,,
42200,97.166,96.643,,
42201,97.668,97.166,,
42202,97.862,97.668,,
42205,98.029,97.862,,
42206,97.328,98.029,,
42207,97.598,97.328,,
42208,97.115,97.598,,
42209,97.244,97.115,,
42212,96.502,97.244,,
42213,96.772,96.502,,
42214,96.976,96.772,,
42215,97.56,96.976,,
42216,97.336,97.56,,
42219,97.494,97.336,,
42220,97.931,97.494,,
42221,97.958,97.931,,
42222,97.833,97.958,,
42223,97.563,97.833,,
42226,97.159,97.563,,
42227,97.29,97.159,,
42228,96.262,97.29,,
42229,96.445,96.262,,
42230,96.52,96.445,,
42233,96.806,96.52,,
42234,97.04,96.806,,
42235,96.359,97.04,,
42236,95.98,96.359,,
42237,95.008,95.98,,
42240,93.332,95.008,,
42241,94.53,93.332,,
42242,95.1,94.53,,
42243,95.61,95.1,,
42244,96.106,95.61,,
42247,95.824,96.106,,
42248,95.45,95.824,,
42249,95.828,95.45,,
42250,96.405,95.828,,
42251,96.229,96.405,,
42254,96.229,96.229,,
42255,95.985,96.229,,
42256,96.012,95.985,,
42257,95.456,96.012,,
42258,95.194,95.456,,
42261,95.246,95.194,,
42262,95.611,95.246,,
42263,95.42,95.611,,
42264,94.55,95.42,,
42265,94.863,94.55,,
42268,95.894,94.863,,
42269,96.283,95.894,,
42270,96.068,96.283,,
42271,95.994,96.068,,
42272,96.269,95.994,,
42275,96.034,96.269,,
42276,95.855,96.034,,
42277,96.35,95.855,,
42278,96.185,96.35,,
42279,95.83,96.185,,
42282,96.106,95.83,,
42283,95.455,96.106,,
42284,95.497,95.455,,
42285,95.318,95.497,,
42286,94.813,95.318,,
42289,94.841,94.813,,
42290,94.759,94.841,,
42291,93.931,94.759,,
42292,94.371,93.931,,
42293,94.54,94.371,,
42296,94.928,94.54,,
42297,94.913,94.928,,
42298,95.035,94.913,,
42299,96.378,95.035,,
42300,97.127,96.378,,
42303,96.861,97.127,,
42304,96.906,96.861,,
42305,97.782,96.906,,
42306,97.282,97.782,,
42307,96.946,97.282,,
42310,96.928,96.946,,
42311,97.158,96.928,,
42312,97.95,97.158,,
42313,97.936,97.95,,
42314,99.168,97.936,,
42317,98.979,99.168,,
42318,99.293,98.979,,
42319,99.013,99.293,,
42320,98.649,99.013,,
42321,98.998,98.649,,
42324,99.442,98.998,,
42325,99.631,99.442,,
42326,99.652,99.631,,
42327,98.989,99.652,,
42328,99.565,98.989,,
42331,99.803,99.565,,
42332,99.527,99.803,,
42333,99.795,99.527,,
42334,99.795,99.795,,
42335,100.02,99.795,,
42338,100.17,100.02,,
42339,99.795,100.17,,
42340,99.993,99.795,,
42341,97.621,99.993,,
42342,98.354,97.621,,
42345,98.655,98.354,,
42346,98.474,98.655,,
42347,97.345,98.474,,
42348,97.939,97.345,,
42349,97.565,97.939,,
42352,97.604,97.565,,
42353,98.217,97.604,,
42354,97.871,98.217,,
42355,99.27,97.871,,
42356,98.703,99.27,,
42359,98.363,98.703,,
42360,98.235,98.363,,
42361,98.341,98.235,,
42362,97.984,98.341,,
42363,97.847,#N/A N/A,,
42366,97.919,97.984,,
42367,98.101,97.919,,
42368,98.266,98.101,,
42369,98.631,98.266,,
42370,98.683,#N/A N/A,,
42373,98.869,98.631,,
42374,99.404,98.869,,
42375,99.181,99.404,,
42376,98.219,99.181,,
42377,98.54,98.219,,
42380,98.725,98.54,,
42381,98.974,98.725,,
42382,98.933,98.974,,
42383,99.089,98.933,,
42384,98.956,99.089,,
42387,98.956,98.956,,
42388,98.991,98.956,,
42389,99.091,98.991,,
42390,99.056,99.091,,
42391,99.574,99.056,,
42394,99.36,99.574,,
42395,99.087,99.36,,
42396,98.902,99.087,,
42397,98.51,98.902,,
42398,99.606,98.51,,
42401,99.009,99.606,,
42402,98.872,99.009,,
42403,97.288,98.872,,
42404,96.474,97.288,,
42405,97.031,96.474,,
42408,96.57,97.031,,
42409,96.071,96.57,,
42410,95.888,96.071,,
42411,95.562,95.888,,
42412,95.94,95.562,,
42415,95.94,95.94,,
42416,96.868,95.94,,
42417,96.786,96.868,,
42418,96.951,96.786,,
42419,96.6,96.951,,
42422,97.379,96.6,,
42423,97.481,97.379,,
42424,97.458,97.481,,
42425,97.287,97.458,,
42426,98.148,97.287,,
42429,98.211,98.148,,
42430,98.352,98.211,,
42431,98.214,98.352,,
42432,97.592,98.214,,
42433,97.34,97.592,,
42436,97.071,97.34,,
42437,97.209,97.071,,
42438,97.173,97.209,,
42439,96.066,97.173,,
42440,96.172,96.066,,
42443,96.624,96.172,,
42444,96.633,96.624,,
42445,95.89,96.633,,
42446,94.76,95.89,,
42447,95.086,94.76,,
42450,95.288,95.086,,
42451,95.648,95.288,,
42452,96.046,95.648,,
42453,96.142,96.046,,
42454,96.273,#N/A N/A,,
42457,95.943,96.142,,
42458,95.16,95.943,,
42459,94.841,95.16,,
42460,94.586,94.841,,
42461,94.619,94.586,,
42464,94.51,94.619,,
42465,94.631,94.51,,
42466,94.43,94.631,,
42467,94.482,94.43,,
42468,94.235,94.482,,
42471,93.95,94.235,,
42472,93.959,93.95,,
42473,94.744,93.959,,
42474,94.902,94.744,,
42475,94.696,94.902,,
42478,94.49,94.696,,
42479,93.976,94.49,,
42480,94.492,93.976,,
42481,94.599,94.492,,
42482,95.116,94.599,,
42485,94.842,95.116,,
42486,94.573,94.842,,
42487,94.387,94.573,,
42488,93.761,94.387,,
42489,93.082,93.761,,
42492,92.626,93.082,,
42493,92.944,92.626,,
42494,93.179,92.944,,
42495,93.78,93.179,,
42496,93.888,93.78,,
42499,94.128,93.888,,
42500,94.29,94.128,,
42501,93.823,94.29,,
42502,94.15,93.823,,
42503,94.608,94.15,,
42506,94.572,94.608,,
42507,94.548,94.572,,
42508,95.08,94.548,,
42509,95.287,95.08,,
42510,95.334,95.287,,
42513,95.231,95.334,,
42514,95.571,95.231,,
42515,95.354,95.571,,
42516,95.168,95.354,,
42517,95.521,95.168,,
42520,95.521,95.521,,
42521,95.891,95.521,,
42522,95.455,95.891,,
42523,95.564,95.455,,
42524,94.029,95.564,,
42527,93.902,94.029,,
42528,93.828,93.902,,
42529,93.59,93.828,,
42530,93.953,93.59,,
42531,94.571,93.953,,
42534,94.362,94.571,,
42535,94.928,94.362,,
42536,94.61,94.928,,
42537,94.569,94.61,,
42538,94.206,94.569,,
42541,93.611,94.206,,
42542,94.017,93.611,,
42543,93.716,94.017,,
42544,93.529,93.716,,
42545,95.448,93.529,,
42548,96.544,95.448,,
42549,96.245,96.544,,
42550,95.769,96.245,,
42551,96.143,95.769,,
42552,95.649,96.143,,
42555,95.649,95.649,,
42556,96.166,95.649,,
42557,96.053,96.166,,
42558,96.328,96.053,,
42559,96.302,96.328,,
42562,96.571,96.302,,
42563,96.441,96.571,,
42564,96.216,96.441,,
42565,96.077,96.216,,
42566,96.58,96.077,,
42569,96.562,96.58,,
42570,97.063,96.562,,
42571,97.201,97.063,,
42572,97,97.201,,
42573,97.467,97,,
42576,97.286,97.467,,
42577,97.156,97.286,,
42578,97.053,97.156,,
42579,96.739,97.053,,
42580,95.53,96.739,,
42583,95.713,95.53,,
42584,95.064,95.713,,
42585,95.563,95.064,,
42586,95.758,95.563,,
42587,96.194,95.758,,
42590,96.401,96.194,,
42591,96.183,96.401,,
42592,95.65,96.183,,
42593,95.857,95.65,,
42594,95.722,95.857,,
42597,95.629,95.722,,
42598,94.791,95.629,,
42599,94.718,94.791,,
42600,94.157,94.718,,
42601,94.511,94.157,,
42604,94.519,94.511,,
42605,94.539,94.519,,
42606,94.786,94.539,,
42607,94.772,94.786,,
42608,95.566,94.772,,
42611,95.58,95.566,,
42612,96.054,95.58,,
42613,96.022,96.054,,
42614,95.653,96.022,,
42615,95.844,95.653,,
42618,95.844,95.844,,
42619,94.823,95.844,,
42620,94.956,94.823,,
42621,95.027,94.956,,
42622,95.336,95.027,,
42625,95.095,95.336,,
42626,95.633,95.095,,
42627,95.327,95.633,,
42628,95.288,95.327,,
42629,96.108,95.288,,
42632,95.841,96.108,,
42633,96.019,95.841,,
42634,95.66,96.019,,
42635,95.448,95.66,,
42636,95.477,95.448,,
42639,95.297,95.477,,
42640,95.435,95.297,,
42641,95.431,95.435,,
42642,95.535,95.431,,
42643,95.463,95.535,,
42646,95.695,95.463,,
42647,96.169,95.695,,
42648,96.125,96.169,,
42649,96.765,96.125,,
42650,96.632,96.765,,
42653,96.929,96.632,,
42654,97.69,96.929,,
42655,97.966,97.69,,
42656,97.516,97.966,,
42657,98.019,97.516,,
42660,97.888,98.019,,
42661,97.895,97.888,,
42662,97.92,97.895,,
42663,98.315,97.92,,
42664,98.695,98.315,,
42667,98.756,98.695,,
42668,98.719,98.756,,
42669,98.629,98.719,,
42670,98.888,98.629,,
42671,98.348,98.888,,
42674,98.445,98.348,,
42675,97.699,98.445,,
42676,97.398,97.699,,
42677,97.157,97.398,,
42678,97.065,97.157,,
42681,97.781,97.065,,
42682,97.861,97.781,,
42683,98.504,97.861,,
42684,98.785,98.504,,
42685,99.06,98.785,,
42688,100.11,99.06,,
42689,100.23,100.11,,
42690,100.41,100.23,,
42691,100.89,100.41,,
42692,101.21,100.89,,
42695,101.05,101.21,,
42696,101.04,101.05,,
42697,101.7,101.04,,
42698,101.7,101.7,,
42699,101.49,101.7,,
42702,101.33,101.49,,
42703,100.93,101.33,,
42704,101.5,100.93,,
42705,101.04,101.5,,
42706,100.77,101.04,,
42709,100.09,100.77,,
42710,100.49,100.09,,
42711,100.23,100.49,,
42712,101.1,100.23,,
42713,101.59,101.1,,
42716,101.03,101.59,,
42717,101.07,101.03,,
42718,101.76,101.07,,
42719,103.02,101.76,,
42720,102.95,103.02,,
42723,103.14,102.95,,
42724,103.29,103.14,,
42725,103.02,103.29,,
42726,103.09,103.02,,
42727,103.01,103.09,,
42730,102.97,#N/A N/A,,
42731,103.02,103.01,,
42732,103.3,103.02,,
42733,102.68,103.3,,
42734,102.21,102.68,,
42737,102.78,#N/A N/A,,
42738,103.21,102.21,,
42739,102.7,103.21,,
42740,101.52,102.7,,
42741,102.22,101.52,,
42744,101.93,102.22,,
42745,102.01,101.93,,
42746,101.78,102.01,,
42747,101.35,101.78,,
42748,101.18,101.35,,
42751,101.18,101.18,,
42752,100.33,101.18,,
42753,100.93,100.33,,
42754,101.15,100.93,,
42755,100.74,101.15,,
42758,100.16,100.74,,
42759,100.35,100.16,,
42760,100.03,100.35,,
42761,100.38,100.03,,
42762,100.53,100.38,,
42765,100.43,100.53,,
42766,99.512,100.43,,
42767,99.641,99.512,,
42768,99.79,99.641,,
42769,99.868,99.79,,
42772,99.907,99.868,,
42773,100.26,99.907,,
42774,100.28,100.26,,
42775,100.65,100.28,,
42776,100.8,100.65,,
42779,100.96,100.8,,
42780,101.25,100.96,,
42781,101.18,101.25,,
42782,100.44,101.18,,
42783,100.95,100.44,,
42786,100.95,100.95,,
42787,101.37,100.95,,
42788,101.22,101.37,,
42789,101.05,101.22,,
42790,101.09,101.05,,
42793,101.13,101.09,,
42794,101.12,101.13,,
42795,101.78,101.12,,
42796,102.2,101.78,,
42797,101.54,102.2,,
42800,101.64,101.54,,
42801,101.81,101.64,,
42802,102.07,101.81,,
42803,101.85,102.07,,
42804,101.25,101.85,,
42807,101.31,101.25,,
42808,101.7,101.31,,
42809,100.74,101.7,,
42810,100.36,100.74,,
42811,100.3,100.36,,
42814,100.41,100.3,,
42815,99.813,100.41,,
42816,99.677,99.813,,
42817,99.76,99.677,,
42818,99.627,99.76,,
42821,99.166,99.627,,
42822,99.712,99.166,,
42823,99.998,99.712,,
42824,100.41,99.998,,
42825,100.35,100.41,,
42828,100.54,100.35,,
42829,100.54,100.54,,
42830,100.56,100.54,,
42831,100.67,100.56,,
42832,101.18,100.67,,
42835,101.02,101.18,,
42836,100.71,101.02,,
42837,100.78,100.71,,
42838,100.49,100.78,,
42839,100.51,#N/A N/A,,
42842,100.29,100.49,,
42843,99.499,100.29,,
42844,99.738,99.499,,
42845,99.778,99.738,,
42846,99.977,99.778,,
42849,99.092,99.977,,
42850,98.785,99.092,,
42851,99.045,98.785,,
42852,99.076,99.045,,
42853,99.05,99.076,,
42856,99.077,99.05,,
42857,98.976,99.077,,
42858,99.209,98.976,,
42859,98.797,99.209,,
42860,98.648,98.797,,
42863,99.06,98.648,,
42864,99.658,99.06,,
42865,99.669,99.658,,
42866,99.623,99.669,,
42867,99.252,99.623,,
42870,98.911,99.252,,
42871,98.105,98.911,,
42872,97.575,98.105,,
42873,97.879,97.575,,
42874,97.142,97.879,,
42877,96.984,97.142,,
42878,97.351,96.984,,
42879,97.238,97.351,,
42880,97.248,97.238,,
42881,97.442,97.248,,
42884,97.442,97.442,,
42885,97.28,97.442,,
42886,96.922,97.28,,
42887,97.198,96.922,,
42888,96.715,97.198,,
42891,96.799,96.715,,
42892,96.636,96.799,,
42893,96.748,96.636,,
42894,96.918,96.748,,
42895,97.274,96.918,,
42898,97.138,97.274,,
42899,96.975,97.138,,
42900,96.939,96.975,,
42901,97.433,96.939,,
42902,97.164,97.433,,
42905,97.548,97.164,,
42906,97.76,97.548,,
42907,97.559,97.76,,
42908,97.593,97.559,,
42909,97.264,97.593,,
42912,97.426,97.264,,
42913,96.394,97.426,,
42914,96.01,96.394,,
42915,95.628,96.01,,
42916,95.628,95.628,,
42919,96.218,95.628,,
42920,96.218,96.218,,
42921,96.29,96.218,,
42922,95.802,96.29,,
42923,96.008,95.802,,
42926,96.022,96.008,,
42927,95.669,96.022,,
42928,95.761,95.669,,
42929,95.728,95.761,,
42930,95.153,95.728,,
42933,95.128,95.153,,
42934,94.604,95.128,,
42935,94.779,94.604,,
42936,94.306,94.779,,
42937,93.858,94.306,,
42940,93.977,93.858,,
42941,94.054,93.977,,
42942,93.672,94.054,,
42943,93.864,93.672,,
42944,93.259,93.864,,
42947,92.863,93.259,,
42948,93.043,92.863,,
42949,92.836,93.043,,
42950,92.839,92.836,,
42951,93.542,92.839,,
42954,93.432,93.542,,
42955,93.647,93.432,,
42956,93.548,93.647,,
42957,93.401,93.548,,
42958,93.069,93.401,,
42961,93.411,93.069,,
42962,93.853,93.411,,
42963,93.541,93.853,,
42964,93.622,93.541,,
42965,93.434,93.622,,
42968,93.095,93.434,,
42969,93.545,93.095,,
42970,93.147,93.545,,
42971,93.277,93.147,,
42972,92.74,93.277,,
42975,92.207,92.74,,
42976,92.249,92.207,,
42977,92.884,92.249,,
42978,92.668,92.884,,
42979,92.814,92.668,,
42982,92.635,#N/A N/A,,
42983,92.252,92.814,,
42984,92.29,92.252,,
42985,91.663,92.29,,
42986,91.352,91.663,,
42989,91.875,91.352,,
42990,91.882,91.875,,
42991,92.52,91.882,,
42992,92.124,92.52,,
42993,91.872,92.124,,
42996,92.047,91.872,,
42997,91.793,92.047,,
42998,92.508,91.793,,
42999,92.259,92.508,,
43000,92.171,92.259,,
43003,92.648,92.171,,
43004,92.966,92.648,,
43005,93.361,92.966,,
43006,93.085,93.361,,
43007,93.076,93.085,,
43010,93.559,93.076,,
43011,93.569,93.559,,
43012,93.458,93.569,,
43013,93.961,93.458,,
43014,93.8,93.961,,
43017,93.675,93.8,,
43018,93.29,93.675,,
43019,93.015,93.29,,
43020,93.057,93.015,,
43021,93.091,93.057,,
43024,93.312,93.091,,
43025,93.486,93.312,,
43026,93.363,93.486,,
43027,93.266,93.363,,
43028,93.701,93.266,,
43031,93.936,93.701,,
43032,93.772,93.936,,
43033,93.711,93.772,,
43034,94.612,93.711,,
43035,94.916,94.612,,
43038,94.56,94.916,,
43039,94.552,94.56,,
43040,94.815,94.552,,
43041,94.685,94.815,,
43042,94.941,94.685,,
43045,94.757,94.941,,
43046,94.913,94.757,,
43047,94.866,94.913,,
43048,94.444,94.866,,
43049,94.391,94.444,,
43052,94.49,94.391,,
43053,93.827,94.49,,
43054,93.813,93.827,,
43055,93.932,93.813,,
43056,93.662,93.932,,
43059,94.08,93.662,,
43060,93.952,94.08,,
43061,93.22,93.952,,
43062,93.22,93.22,,
43063,92.782,93.22,,
43066,92.904,92.782,,
43067,93.27,92.904,,
43068,93.164,93.27,,
43069,93.047,93.164,,
43070,92.885,93.047,,
43073,93.188,92.885,,
43074,93.379,93.188,,
43075,93.61,93.379,,
43076,93.795,93.61,,
43077,93.901,93.795,,
43080,93.866,93.901,,
43081,94.101,93.866,,
43082,93.429,94.101,,
43083,93.489,93.429,,
43084,93.932,93.489,,
43087,93.695,93.932,,
43088,93.441,93.695,,
43089,93.313,93.441,,
43090,93.278,93.313,,
43091,93.347,93.278,,
43094,93.267,#N/A N/A,,
43095,93.257,93.347,,
43096,93.025,93.257,,
43097,92.602,93.025,,
43098,92.124,92.602,,
43101,92.24,#N/A N/A,,
43102,91.872,92.124,,
43103,92.162,91.872,,
43104,91.853,92.162,,
43105,91.949,91.853,,
43108,92.358,91.949,,
43109,92.528,92.358,,
43110,92.332,92.528,,
43111,91.852,92.332,,
43112,90.974,91.852,,
43115,90.974,90.974,,
43116,90.393,90.974,,
43117,90.541,90.393,,
43118,90.498,90.541,,
43119,90.572,90.498,,
43122,90.401,90.572,,
43123,90.124,90.401,,
43124,89.206,90.124,,
43125,89.391,89.206,,
43126,89.067,89.391,,
43129,89.308,89.067,,
43130,89.16,89.308,,
43131,89.133,89.16,,
43132,88.671,89.133,,
43133,89.195,88.671,,
43136,89.554,89.195,,
43137,89.585,89.554,,
43138,90.255,89.585,,
43139,90.229,90.255,,
43140,90.442,90.229,,
43143,90.208,90.442,,
43144,89.703,90.208,,
43145,89.121,89.703,,
43146,88.593,89.121,,
43147,89.1,88.593,,
43150,89.1,89.1,,
43151,89.716,89.1,,
43152,90,89.716,,
43153,89.736,90,,
43154,89.883,89.736,,
43157,89.853,89.883,,
43158,90.355,89.853,,
43159,90.613,90.355,,
43160,90.324,90.613,,
43161,89.935,90.324,,
43164,90.08,89.935,,
43165,89.618,90.08,,
43166,89.637,89.618,,
43167,90.179,89.637,,
43168,90.093,90.179,,
43171,89.895,90.093,,
43172,89.664,89.895,,
43173,89.704,89.664,,
43174,90.139,89.704,,
43175,90.233,90.139,,
43178,89.765,90.233,,
43179,90.371,89.765,,
43180,89.783,90.371,,
43181,89.857,89.783,,
43182,89.436,89.857,,
43185,89.027,89.436,,
43186,89.372,89.027,,
43187,90.058,89.372,,
43188,90.151,90.058,,
43189,89.974,#N/A N/A,,
43192,90.052,90.151,,
43193,90.2,90.052,,
43194,90.142,90.2,,
43195,90.46,90.142,,
43196,90.108,90.46,,
43199,89.838,90.108,,
43200,89.587,89.838,,
43201,89.568,89.587,,
43202,89.751,89.568,,
43203,89.8,89.751,,
43206,89.425,89.8,,
43207,89.516,89.425,,
43208,89.623,89.516,,
43209,89.94,89.623,,
43210,90.316,89.94,,
43213,90.946,90.316,,
43214,90.766,90.946,,
43215,91.172,90.766,,
43216,91.561,91.172,,
43217,91.542,91.561,,
43220,91.841,91.542,,
43221,92.449,91.841,,
43222,92.512,92.449,,
43223,92.414,92.512,,
43224,92.566,92.414,,
43227,92.749,92.566,,
43228,93.12,92.749,,
43229,93.04,93.12,,
43230,92.65,93.04,,
43231,92.537,92.65,,
43234,92.587,92.537,,
43235,93.219,92.587,,
43236,93.392,93.219,,
43237,93.469,93.392,,
43238,93.637,93.469,,
43241,93.677,93.637,,
43242,93.609,93.677,,
43243,94.003,93.609,,
43244,93.775,94.003,,
43245,94.253,93.775,,
43248,94.418,#N/A N/A,,
43249,94.82,94.253,,
43250,94.069,94.82,,
43251,93.979,94.069,,
43252,94.156,93.979,,
43255,94.038,94.156,,
43256,93.876,94.038,,
43257,93.614,93.876,,
43258,93.435,93.614,,
43259,93.535,93.435,,
43262,93.608,93.535,,
43263,93.818,93.608,,
43264,93.544,93.818,,
43265,94.879,93.544,,
43266,94.788,94.879,,
43269,94.756,94.788,,
43270,95.013,94.756,,
43271,95.124,95.013,,
43272,94.862,95.124,,
43273,94.52,94.862,,
43276,94.289,94.52,,
43277,94.676,94.289,,
43278,95.29,94.676,,
43279,95.312,95.29,,
43280,94.47,95.312,,
43283,94.871,94.47,,
43284,94.591,94.871,,
43285,94.531,#N/A N/A,,
43286,94.395,94.591,,
43287,93.963,94.395,,
43290,94.077,93.963,,
43291,94.158,94.077,,
43292,94.719,94.158,,
43293,94.827,94.719,,
43294,94.677,94.827,,
43297,94.511,94.677,,
43298,94.985,94.511,,
43299,95.085,94.985,,
43300,95.164,95.085,,
43301,94.476,95.164,,
43304,94.632,94.476,,
43305,94.613,94.632,,
43306,94.233,94.613,,
43307,94.785,94.233,,
43308,94.669,94.785,,
43311,94.348,94.669,,
43312,94.554,94.348,,
43313,94.661,94.554,,
43314,95.17,94.661,,
43315,95.161,95.17,,
43318,95.358,95.161,,
43319,95.186,95.358,,
43320,95.092,95.186,,
43321,95.504,95.092,,
43322,96.357,95.504,,
43325,96.391,96.357,,
43326,96.731,96.391,,
43327,96.696,96.731,,
43328,96.645,96.696,,
43329,96.101,96.645,,
43332,95.9,96.101,,
43333,95.256,95.9,,
43334,95.146,95.256,,
43335,95.666,95.146,,
43336,95.146,95.666,,
43339,94.779,95.146,,
43340,94.72,94.779,,
43341,94.6,94.72,,
43342,94.723,94.6,,
43343,95.14,94.723,,
43346,95.14,#N/A N/A,,
43347,95.439,95.14,,
43348,95.184,95.439,,
43349,95.021,95.184,,
43350,95.365,95.021,,
43353,95.15,95.365,,
43354,95.249,95.15,,
43355,94.799,95.249,,
43356,94.518,94.799,,
43357,94.927,94.518,,
43360,94.496,94.927,,
43361,94.64,94.496,,
43362,94.537,94.64,,
43363,93.912,94.537,,
43364,94.22,93.912,,
43367,94.185,94.22,,
43368,94.133,94.185,,
43369,94.193,94.133,,
43370,94.894,94.193,,
43371,95.132,94.894,,
43374,95.298,95.132,,
43375,95.507,95.298,,
43376,95.762,95.507,,
43377,95.751,95.762,,
43378,95.624,95.751,,
43381,95.761,95.624,,
43382,95.668,95.761,,
43383,95.508,95.668,,
43384,95.017,95.508,,
43385,95.221,95.017,,
43388,95.059,95.221,,
43389,95.048,95.059,,
43390,95.575,95.048,,
43391,95.9,95.575,,
43392,95.713,95.9,,
43395,96.013,95.713,,
43396,95.961,96.013,,
43397,96.434,95.961,,
43398,96.679,96.434,,
43399,96.359,96.679,,
43402,96.579,96.359,,
43403,97.011,96.579,,
43404,97.127,97.011,,
43405,96.277,97.127,,
43406,96.542,96.277,,
43409,96.279,96.542,,
43410,96.317,96.279,,
43411,95.997,96.317,,
43412,96.724,95.997,,
43413,96.905,96.724,,
43416,97.542,96.905,,
43417,97.303,97.542,,
43418,96.803,97.303,,
43419,96.927,96.803,,
43420,96.465,96.927,,
43423,96.193,96.465,,
43424,96.836,96.193,,
43425,96.712,96.836,,
43426,96.712,#N/A N/A,,
43427,96.916,96.712,,
43430,97.074,96.916,,
43431,97.369,97.074,,
43432,96.786,97.369,,
43433,96.778,96.786,,
43434,97.272,96.778,,
43437,97.04,97.272,,
43438,96.965,97.04,,
43439,97.07,96.965,,
43440,96.81,97.07,,
43441,96.514,96.81,,
43444,97.219,96.514,,
43445,97.388,97.219,,
43446,97.044,97.388,,
43447,97.064,97.044,,
43448,97.443,97.064,,
43451,97.1,97.443,,
43452,97.104,97.1,,
43453,97.035,97.104,,
43454,96.276,97.035,,
43455,96.956,96.276,,
43458,96.553,96.956,,
43459,96.581,#N/A N/A,,
43460,97.05,96.553,,
43461,96.481,97.05,,
43462,96.402,96.481,,
43465,96.173,96.402,,
43466,96.085,#N/A N/A,,
43467,96.819,96.173,,
43468,96.305,96.819,,
43469,96.179,96.305,,
43472,95.666,96.179,,
43473,95.903,95.666,,
43474,95.219,95.903,,
43475,95.539,95.219,,
43476,95.67,95.539,,
43479,95.61,95.67,,
43480,96.039,95.61,,
43481,96.059,96.039,,
43482,96.065,96.059,,
43483,96.336,96.065,,
43486,96.336,96.336,,
43487,96.303,96.336,,
43488,96.123,96.303,,
43489,96.601,96.123,,
43490,95.794,96.601,,
43493,95.746,95.794,,
43494,95.821,95.746,,
43495,95.34,95.821,,
43496,95.578,95.34,,
43497,95.579,95.578,,
43500,95.852,95.579,,
43501,96.067,95.852,,
43502,96.39,96.067,,
43503,96.507,96.39,,
43504,96.637,96.507,,
43507,97.057,96.637,,
43508,96.709,97.057,,
43509,97.129,96.709,,
43510,96.978,97.129,,
43511,96.904,96.978,,
43514,96.904,96.904,,
43515,96.52,96.904,,
43516,96.454,96.52,,
43517,96.605,96.454,,
43518,96.507,96.605,,
43521,96.413,96.507,,
43522,96.003,96.413,,
43523,96.154,96.003,,
43524,96.157,96.154,,
43525,96.527,96.157,,
43528,96.682,96.527,,
43529,96.866,96.682,,
43530,96.873,96.866,,
43531,97.667,96.873,,
43532,97.306,97.667,,
43535,97.215,97.306,,
43536,96.935,97.215,,
43537,96.55,96.935,,
43538,96.785,96.55,,
43539,96.595,96.785,,
43542,96.524,96.595,,
43543,96.383,96.524,,
43544,95.761,96.383,,
43545,96.495,95.761,,
43546,96.651,96.495,,
43549,96.566,96.651,,
43550,96.736,96.566,,
43551,96.774,96.736,,
43552,97.202,96.774,,
43553,97.284,97.202,,
43556,97.232,97.284,,
43557,97.361,97.232,,
43558,97.091,97.361,,
43559,97.308,97.091,,
43560,97.395,97.308,,
43563,97.05,97.395,,
43564,97.006,97.05,,
43565,96.946,97.006,,
43566,97.177,96.946,,
43567,96.972,97.177,,
43570,96.942,96.972,,
43571,97.043,96.942,,
43572,97.009,97.043,,
43573,97.474,97.009,,
43574,97.378,#N/A N/A,,
43577,97.287,97.474,,
43578,97.636,97.287,,
43579,98.173,97.636,,
43580,98.203,98.173,,
43581,98.006,98.203,,
43584,97.857,98.006,,
43585,97.479,97.857,,
43586,97.686,97.479,,
43587,97.832,97.686,,
43588,97.52,97.832,,
43591,97.515,97.52,,
43592,97.628,97.515,,
43593,97.623,97.628,,
43594,97.373,97.623,,
43595,97.33,97.373,,
43598,97.319,97.33,,
43599,97.526,97.319,,
43600,97.569,97.526,,
43601,97.855,97.569,,
43602,97.995,97.855,,
43605,97.933,97.995,,
43606,98.062,97.933,,
43607,98.041,98.062,,
43608,97.856,98.041,,
43609,97.613,97.856,,
43612,97.613,97.613,,
43613,97.952,97.613,,
43614,98.144,97.952,,
43615,98.142,98.144,,
43616,97.75,98.142,,
43619,97.142,97.75,,
43620,97.072,97.142,,
43621,97.32,97.072,,
43622,97.044,97.32,,
43623,96.544,97.044,,
43626,96.761,96.544,,
43627,96.686,96.761,,
43628,97,96.686,,
43629,97.013,97,,
43630,97.572,97.013,,
43633,97.558,97.572,,
43634,97.644,97.558,,
43635,97.117,97.644,,
43636,96.629,97.117,,
43637,96.22,96.629,,
43640,95.98,96.22,,
43641,96.14,95.98,,
43642,96.214,96.14,,
43643,96.194,96.214,,
43644,96.13,96.194,,
43647,96.844,96.13,,
43648,96.726,96.844,,
43649,96.768,96.726,,
43650,96.768,96.768,,
43651,97.286,96.768,,
43654,97.384,97.286,,
43655,97.489,97.384,,
43656,97.104,97.489,,
43657,97.05,97.104,,
43658,96.81,97.05,,
43661,96.933,96.81,,
43662,97.395,96.933,,
43663,97.223,97.395,,
43664,96.794,97.223,,
43665,97.151,96.794,,
43668,97.257,97.151,,
43669,97.705,97.257,,
43670,97.729,97.705,,
43671,97.818,97.729,,
43672,98.01,97.818,,
43675,98.044,98.01,,
43676,98.05,98.044,,
43677,98.516,98.05,,
43678,98.369,98.516,,
43679,98.074,98.369,,
43682,97.522,98.074,,
43683,97.63,97.522,,
43684,97.544,97.63,,
43685,97.618,97.544,,
43686,97.491,97.618,,
43689,97.38,97.491,,
43690,97.812,97.38,,
43691,97.987,97.812,,
43692,98.144,97.987,,
43693,98.142,98.144,,
43696,98.347,98.142,,
43697,98.19,98.347,,
43698,98.295,98.19,,
43699,98.17,98.295,,
43700,97.64,98.17,,
43703,98.081,97.64,,
43704,97.999,98.081,,
43705,98.21,97.999,,
43706,98.507,98.21,,
43707,98.916,98.507,,
43710,98.916,98.916,,
43711,99,98.916,,
43712,98.451,99,,
43713,98.414,98.451,,
43714,98.394,98.414,,
43717,98.281,98.394,,
43718,98.326,98.281,,
43719,98.645,98.326,,
43720,98.309,98.645,,
43721,98.257,98.309,,
43724,98.61,98.257,,
43725,98.261,98.61,,
43726,98.561,98.261,,
43727,98.272,98.561,,
43728,98.513,98.272,,
43731,98.599,98.513,,
43732,98.337,98.599,,
43733,99.037,98.337,,
43734,99.132,99.037,,
43735,99.109,99.132,,
43738,99.377,99.109,,
43739,99.128,99.377,,
43740,99.019,99.128,,
43741,98.864,99.019,,
43742,98.808,98.864,,
43745,98.967,98.808,,
43746,99.133,98.967,,
43747,99.118,99.133,,
43748,98.701,99.118,,
43749,98.301,98.701,,
43752,98.454,98.301,,
43753,98.288,98.454,,
43754,98.002,98.288,,
43755,97.607,98.002,,
43756,97.282,97.607,,
43759,97.328,97.282,,
43760,97.526,97.328,,
43761,97.491,97.526,,
43762,97.631,97.491,,
43763,97.831,97.631,,
43766,97.764,97.831,,
43767,97.69,97.764,,
43768,97.646,97.69,,
43769,97.352,97.646,,
43770,97.239,97.352,,
43773,97.505,97.239,,
43774,97.983,97.505,,
43775,97.952,97.983,,
43776,98.143,97.952,,
43777,98.353,98.143,,
43780,98.2,98.353,,
43781,98.309,98.2,,
43782,98.373,98.309,,
43783,98.163,98.373,,
43784,97.999,98.163,,
43787,97.794,97.999,,
43788,97.856,97.794,,
43789,97.934,97.856,,
43790,97.993,97.934,,
43791,98.27,97.993,,
43794,98.323,98.27,,
43795,98.252,98.323,,
43796,98.37,98.252,,
43797,98.37,98.37,,
43798,98.273,98.37,,
43801,97.856,98.273,,
43802,97.737,97.856,,
43803,97.648,97.737,,
43804,97.41,97.648,,
43805,97.7,97.41,,
43808,97.644,97.7,,
43809,97.413,97.644,,
43810,97.078,97.413,,
43811,97.397,97.078,,
43812,97.172,97.397,,
43815,97.019,97.172,,
43816,97.222,97.019,,
43817,97.4,97.222,,
43818,97.379,97.4,,
43819,97.69,97.379,,
43822,97.658,97.69,,
43823,97.654,97.658,,
43824,97.632,#N/A N/A,,
43825,97.534,97.654,,
43826,96.919,97.534,,
43829,96.74,96.919,,
43830,96.389,96.74,,
43831,96.445,#N/A N/A,,
43832,96.846,96.389,,
43833,96.838,96.846,,
43836,96.671,96.838,,
43837,97.005,96.671,,
43838,97.299,97.005,,
43839,97.45,97.299,,
43840,97.356,97.45,,
43843,97.345,97.356,,
43844,97.372,97.345,,
43845,97.229,97.372,,
43846,97.32,97.229,,
43847,97.606,97.32,,
43850,97.606,97.606,,
43851,97.531,97.606,,
43852,97.527,97.531,,
43853,97.693,97.527,,
43854,97.853,97.693,,
43857,97.956,97.853,,
43858,98.018,97.956,,
43859,97.991,98.018,,
43860,97.867,97.991,,
43861,97.39,97.867,,
43864,97.8,97.39,,
43865,97.961,97.8,,
43866,98.301,97.961,,
43867,98.496,98.301,,
43868,98.684,98.496,,
43871,98.832,98.684,,
43872,98.721,98.832,,
43873,99.049,98.721,,
43874,99.067,99.049,,
43875,99.124,99.067,,
43878,99.003,99.124,,
43879,99.44,99.003,,
43880,99.705,99.44,,
43881,99.865,99.705,,
43882,99.262,99.865,,
43885,99.359,99.262,,
43886,98.968,99.359,,
43887,98.996,98.968,,
43888,98.508,98.996,,
43889,98.132,98.508,,
43892,97.36,98.132,,
43893,97.153,97.36,,
43894,97.336,97.153,,
43895,96.82,97.336,,
43896,95.951,96.82,,
43899,94.895,95.951,,
43900,96.414,94.895,,
43901,96.507,96.414,,
43902,97.468,96.507,,
43903,98.749,97.468,,
43906,98.069,98.749,,
43907,99.575,98.069,,
43908,101.16,99.575,,
43909,102.755,101.16,,
43910,102.817,102.755,,
43913,102.487,102.817,,
43914,102.039,102.487,,
43915,101.05,102.039,,
43916,99.352,101.05,,
43917,98.365,99.352,,
43920,99.181,98.365,,
43921,99.048,99.181,,
43922,99.673,99.048,,
43923,100.18,99.673,,
43924,100.576,100.18,,
43927,100.685,100.576,,
43928,99.9,100.685,,
43929,100.119,99.9,,
43930,99.517,100.119,,
43931,99.482,#N/A N/A,,
43934,99.348,99.517,,
43935,98.887,99.348,,
43936,99.461,98.887,,
43937,100.025,99.461,,
43938,99.782,100.025,,
43941,99.955,99.782,,
43942,100.258,99.955,,
43943,100.388,100.258,,
43944,100.433,100.388,,
43945,100.38,100.433,,
43948,100.041,100.38,,
43949,99.865,100.041,,
43950,99.565,99.865,,
43951,99.016,99.565,,
43952,99.079,99.016,,
43955,99.484,99.079,,
43956,99.709,99.484,,
43957,100.091,99.709,,
43958,99.889,100.091,,
43959,99.734,99.889,,
43962,100.236,99.734,,
43963,99.933,100.236,,
43964,100.242,99.933,,
43965,100.466,100.242,,
43966,100.402,100.466,,
43969,99.665,100.402,,
43970,99.371,99.665,,
43971,99.124,99.371,,
43972,99.37,99.124,,
43973,99.863,99.37,,
43976,99.863,99.863,,
43977,98.908,99.863,,
43978,99.062,98.908,,
43979,98.383,99.062,,
43980,98.344,98.383,,
43983,97.83,98.344,,
43984,97.673,97.83,,
43985,97.276,97.673,,
43986,96.677,97.276,,
43987,96.937,96.677,,
43990,96.618,96.937,,
43991,96.324,96.618,,
43992,95.959,96.324,,
43993,96.733,95.959,,
43994,97.319,96.733,,
43997,96.706,97.319,,
43998,96.958,96.706,,
43999,97.158,96.958,,
44000,97.421,97.158,,
44001,97.623,97.421,,
44004,97.039,97.623,,
44005,96.646,97.039,,
44006,97.148,96.646,,
44007,97.429,97.148,,
44008,97.433,97.429,,
44011,97.536,97.433,,
44012,97.391,97.536,,
44013,97.196,97.391,,
44014,97.317,97.196,,
44015,97.172,97.317,,
44018,96.725,97.172,,
44019,96.881,96.725,,
44020,96.428,96.881,,
44021,96.7,96.428,,
44022,96.652,96.7,,
44025,96.464,96.652,,
44026,96.259,96.464,,
44027,96.081,96.259,,
44028,96.346,96.081,,
44029,95.942,96.346,,
44032,95.832,95.942,,
44033,95.117,95.832,,
44034,94.988,95.117,,
44035,94.692,94.988,,
44036,94.435,94.692,,
44039,93.668,94.435,,
44040,93.696,93.668,,
44041,93.453,93.696,,
44042,93.021,93.453,,
44043,93.349,93.021,,
44046,93.542,93.349,,
44047,93.382,93.542,,
44048,92.868,93.382,,
44049,92.788,92.868,,
44050,93.435,92.788,,
44053,93.582,93.435,,
44054,93.628,93.582,,
44055,93.443,93.628,,
44056,93.335,93.443,,
44057,93.096,93.335,,
44060,92.851,93.096,,
44061,92.271,92.851,,
44062,92.887,92.271,,
44063,92.793,92.887,,
44064,93.247,92.793,,
44067,93.298,93.247,,
44068,93.019,93.298,,
44069,93.006,93.019,,
44070,93.001,93.006,,
44071,92.371,93.001,,
44074,92.144,92.371,,
44075,92.338,92.144,,
44076,92.847,92.338,,
44077,92.739,92.847,,
44078,92.719,92.739,,
44081,92.719,92.719,,
44082,93.445,92.719,,
44083,93.255,93.445,,
44084,93.336,93.255,,
44085,93.333,93.336,,
44088,93.052,93.333,,
44089,93.05,93.052,,
44090,93.214,93.05,,
44091,92.97,93.214,,
44092,92.926,92.97,,
44095,93.656,92.926,,
44096,93.988,93.656,,
44097,94.389,93.988,,
44098,94.354,94.389,,
44099,94.642,94.354,,
44102,94.278,94.642,,
44103,93.891,94.278,,
44104,93.886,93.891,,
44105,93.711,93.886,,
44106,93.844,93.711,,
44109,93.513,93.844,,
44110,93.686,93.513,,
44111,93.63,93.686,,
44112,93.605,93.63,,
44113,93.057,93.605,,
44116,93.065,93.057,,
44117,93.531,93.065,,
44118,93.382,93.531,,
44119,93.856,93.382,,
44120,93.682,93.856,,
44123,93.427,93.682,,
44124,93.067,93.427,,
44125,92.611,93.067,,
44126,92.951,92.611,,
44127,92.768,92.951,,
44130,93.045,92.768,,
44131,92.94,93.045,,
44132,93.405,92.94,,
44133,93.955,93.405,,
44134,94.038,93.955,,
44137,94.129,94.038,,
44138,93.553,94.129,,
44139,93.407,93.553,,
44140,92.525,93.407,,
44141,92.229,92.525,,
44144,92.725,92.229,,
44145,92.749,92.725,,
44146,93.043,92.749,,
44147,92.963,93.043,,
44148,92.755,92.963,,
44151,92.642,92.755,,
44152,92.416,92.642,,
44153,92.316,92.416,,
44154,92.294,92.316,,
44155,92.392,92.294,,
44158,92.505,92.392,,
44159,92.226,92.505,,
44160,91.994,92.226,,
44161,91.994,#N/A N/A,,
44162,91.79,91.994,,
44165,91.869,91.79,,
44166,91.313,91.869,,
44167,91.118,91.313,,
44168,90.714,91.118,,
44169,90.701,90.714,,
44172,90.792,90.701,,
44173,90.965,90.792,,
44174,91.087,90.965,,
44175,90.824,91.087,,
44176,90.976,90.824,,
44179,90.711,90.976,,
44180,90.473,90.711,,
44181,90.45,90.473,,
44182,89.822,90.45,,
44183,90.016,89.822,,
44186,90.043,90.016,,
44187,90.654,90.043,,
44188,90.413,90.654,,
44189,90.323,90.413,,
44190,90.223,#N/A N/A,,
44193,90.337,90.323,,
44194,89.994,90.337,,
44195,89.68,89.994,,
44196,89.937,89.68,,
44200,89.869,89.937,,
44201,89.436,89.869,,
44202,89.53,89.436,,
44203,89.826,89.53,,
44204,90.098,89.826,,
44207,90.465,90.098,,
44208,90.093,90.465,,
44209,90.355,90.093,,
44210,90.239,90.355,,
44211,90.772,90.239,,
44214,90.765,90.772,,
44215,90.498,90.765,,
44216,90.475,90.498,,
44217,90.131,90.475,,
44218,90.238,90.131,,
44221,90.391,90.238,,
44222,90.17,90.391,,
44223,90.647,90.17,,
44224,90.455,90.647,,
44225,90.584,90.455,,
44228,90.98,90.584,,
44229,91.197,90.98,,
44230,91.171,91.197,,
44231,91.529,91.171,,
44232,91.042,91.529,,
44235,90.934,91.042,,
44236,90.439,90.934,,
44237,90.371,90.439,,
44238,90.417,90.371,,
44239,90.48,90.417,,
44242,90.48,#N/A N/A,,
44243,90.509,90.48,,
44244,90.951,90.509,,
44245,90.592,90.951,,
44246,90.364,90.592,,
44249,90.01,90.364,,
44250,90.169,90.01,,
44251,90.176,90.169,,
44252,90.134,90.176,,
44253,90.879,90.134,,
44256,91.039,90.879,,
44257,90.785,91.039,,
44258,90.947,90.785,,
44259,91.631,90.947,,
44260,91.977,91.631,,
44263,92.313,91.977,,
44264,91.958,92.313,,
44265,91.823,91.958,,
44266,91.42,91.823,,
44267,91.679,91.42,,
44270,91.833,91.679,,
44271,91.865,91.833,,
44272,91.442,91.865,,
44273,91.862,91.442,,
44274,91.919,91.862,,
44277,91.742,91.919,,
44278,92.336,91.742,,
44279,92.528,92.336,,
44280,92.848,92.528,,
44281,92.766,92.848,,
44284,92.944,92.766,,
44285,93.297,92.944,,
44286,93.232,93.297,,
44287,92.929,93.232,,
44288,93.022,#N/A N/A,,
44291,92.595,92.929,,
44292,92.335,92.595,,
44293,92.455,92.335,,
44294,92.059,92.455,,
44295,92.163,92.059,,
44298,92.138,92.163,,
44299,91.852,92.138,,
44300,91.69,91.852,,
44301,91.671,91.69,,
44302,91.556,91.671,,
44305,91.069,91.556,,
44306,91.241,91.069,,
44307,91.155,91.241,,
44308,91.333,91.155,,
44309,90.859,91.333,,
44312,90.807,90.859,,
44313,90.909,90.807,,
44314,90.609,90.909,,
44315,90.614,90.609,,
44316,91.28,90.614,,
44319,90.945,91.28,,
44320,91.288,90.945,,
44321,91.308,91.288,,
44322,90.951,91.308,,
44323,90.233,90.951,,
44326,90.212,90.233,,
44327,90.141,90.212,,
44328,90.713,90.141,,
44329,90.752,90.713,,
44330,90.321,90.752,,
44333,90.164,90.321,,
44334,89.75,90.164,,
44335,90.191,89.75,,
44336,89.808,90.191,,
44337,90.017,89.808,,
44340,89.844,90.017,,
44341,89.639,89.844,,
44342,90.042,89.639,,
44343,89.971,90.042,,
44344,90.031,89.971,,
44347,89.829,#N/A N/A,,
44348,89.831,90.031,,
44349,89.909,89.831,,
44350,90.512,89.909,,
44351,90.136,90.512,,
44354,89.95,90.136,,
44355,90.076,89.95,,
44356,90.12,90.076,,
44357,90.075,90.12,,
44358,90.555,90.075,,
44361,90.522,90.555,,
44362,90.536,90.522,,
44363,91.129,90.536,,
44364,91.889,91.129,,
44365,92.225,91.889,,
44368,91.899,92.225,,
44369,91.756,91.899,,
44370,91.802,91.756,,
44371,91.814,91.802,,
44372,91.851,91.814,,
44375,91.887,91.851,,
44376,92.049,91.887,,
44377,92.436,92.049,,
44378,92.597,92.436,,
44379,92.226,92.597,,
44382,92.212,92.226,,
44383,92.546,92.212,,
44384,92.644,92.546,,
44385,92.417,92.644,,
44386,92.13,92.417,,
44389,92.261,92.13,,
44390,92.752,92.261,,
44391,92.41,92.752,,
44392,92.624,92.41,,
44393,92.687,92.624,,
44396,92.891,92.687,,
44397,92.973,92.891,,
44398,92.754,92.973,,
44399,92.822,92.754,,
44400,92.912,92.822,,
44403,92.649,92.912,,
44404,92.432,92.649,,
44405,92.322,92.432,,
44406,91.864,92.322,,
44407,92.174,91.864,,
44410,92.048,92.174,,
44411,92.081,92.048,,
44412,92.27,92.081,,
44413,92.244,92.27,,
44414,92.8,92.244,,
44417,92.945,92.8,,
44418,93.055,92.945,,
44419,92.922,93.055,,
44420,93.035,92.922,,
44421,92.518,93.035,,
44424,92.628,92.518,,
44425,93.13,92.628,,
44426,93.136,93.13,,
44427,93.568,93.136,,
44428,93.496,93.568,,
44431,92.958,93.496,,
44432,92.893,92.958,,
44433,92.825,92.893,,
44434,93.062,92.825,,
44435,92.686,93.062,,
44438,92.653,92.686,,
44439,92.626,92.653,,
44440,92.449,92.626,,
44441,92.225,92.449,,
44442,92.035,92.225,,
44445,92.035,#N/A N/A,,
44446,92.512,92.035,,
44447,92.653,92.512,,
44448,92.479,92.653,,
44449,92.582,92.479,,
44452,92.675,92.582,,
44453,92.623,92.675,,
44454,92.548,92.623,,
44455,92.932,92.548,,
44456,93.195,92.932,,
44459,93.276,93.195,,
44460,93.204,93.276,,
44461,93.462,93.204,,
44462,93.085,93.462,,
44463,93.327,93.085,,
44466,93.383,93.327,,
44467,93.766,93.383,,
44468,94.338,93.766,,
44469,94.23,94.338,,
44470,94.035,94.23,,
44473,93.776,94.035,,
44474,93.975,93.776,,
44475,94.266,93.975,,
44476,94.217,94.266,,
44477,94.067,94.217,,
44480,94.316,94.067,,
44481,94.516,94.316,,
44482,94.08,94.516,,
44483,93.956,94.08,,
44484,93.937,93.956,,
44487,93.953,93.937,,
44488,93.734,93.953,,
44489,93.558,93.734,,
44490,93.77,93.558,,
44491,93.642,93.77,,
44494,93.813,93.642,,
44495,93.949,93.813,,
44496,93.802,93.949,,
44497,93.345,93.802,,
44498,94.123,93.345,,
44501,93.879,94.123,,
44502,94.09,93.879,,
44503,93.864,94.09,,
44504,94.347,93.864,,
44505,94.32,94.347,,
44508,94.049,94.32,,
44509,93.955,94.049,,
44510,94.85,93.955,,
44511,95.178,94.85,,
44512,95.128,95.178,,
44515,95.407,95.128,,
44516,95.915,95.407,,
44517,95.828,95.915,,
44518,95.544,95.828,,
44519,96.031,95.544,,
44522,96.548,96.031,,
44523,96.491,96.548,,
44524,96.875,96.491,,
44525,96.774,#N/A N/A,,
44526,96.089,96.875,,
44529,96.341,96.089,,
44530,95.994,96.341,,
44531,96.028,95.994,,
44532,96.156,96.028,,
44533,96.117,96.156,,
44536,96.328,96.117,,
44537,96.369,96.328,,
44538,95.894,96.369,,
44539,96.271,95.894,,
44540,96.097,96.271,,
44543,96.317,96.097,,
44544,96.571,96.317,,
44545,96.511,96.571,,
44546,96.042,96.511,,
44547,96.565,96.042,,
44550,96.551,96.565,,
44551,96.491,96.551,,
44552,96.076,96.491,,
44553,96.019,96.076,,
44557,96.093,96.019,,
44558,96.202,96.093,,
44559,95.929,96.202,,
44560,95.968,95.929,,
44561,95.67,95.968,,
44564,96.213,95.67,,
44565,96.262,96.213,,
44566,96.171,96.262,,
44567,96.32,96.171,,
44568,95.719,96.32,,
44571,95.991,95.719,,
44572,95.624,95.991,,
44573,94.915,95.624,,
44574,94.79,94.915,,
44575,95.165,94.79,,
44578,95.258,#N/A N/A,,
44579,95.732,95.165,,
44580,95.51,95.732,,
44581,95.735,95.51,,
44582,95.642,95.735,,
44585,95.918,95.642,,
44586,95.948,95.918,,
44587,96.478,95.948,,
44588,97.255,96.478,,
44589,97.27,97.255,,
44592,96.54,97.27,,
44593,96.385,96.54,,
44594,95.936,96.385,,
44595,95.379,95.936,,
44596,95.485,95.379,,
44599,95.399,95.485,,
44600,95.643,95.399,,
44601,95.494,95.643,,
44602,95.553,95.494,,
44603,96.082,95.553,,
44606,96.374,96.082,,
44607,95.989,96.374,,
44608,95.701,95.989,,
44609,95.8,95.701,,
44610,96.043,95.8,,
44613,96.078,#N/A N/A,,
44614,96.025,96.043,,
44615,96.19,96.025,,
44616,97.137,96.19,,
44617,96.615,97.137,,
44620,96.707,96.615,,
44621,97.409,96.707,,
44622,97.385,97.409,,
44623,97.785,97.385,,
44624,98.648,97.785,,
44627,99.293,98.648,,
44628,99.062,99.293,,
44629,97.968,99.062,,
44630,98.507,97.968,,
44631,99.124,98.507,,
44634,98.999,99.124,,
44635,99.097,98.999,,
44636,98.618,99.097,,
44637,97.974,98.618,,
44638,98.233,97.974,,
44641,98.498,98.233,,
44642,98.493,98.498,,
44643,98.622,98.493,,
44644,98.789,98.622,,
44645,98.789,98.789,,
44648,99.091,98.789,,
44649,98.404,99.091,,
44650,97.792,98.404,,
44651,98.312,97.792,,
44652,98.632,98.312,,
44655,99,98.632,,
44656,99.472,99,,
44657,99.599,99.472,,
44658,99.751,99.599,,
44659,99.796,99.751,,
44662,99.932,99.796,,
44663,100.292,99.932,,
44664,99.875,100.292,,
44665,100.321,99.875,,
44666,100.5,#N/A N/A,,
44669,100.781,100.321,,
44670,100.961,100.781,,
44671,100.39,100.961,,
44672,100.578,100.39,,
44673,101.22,100.578,,
44676,101.752,101.22,,
44677,102.303,101.752,,
44678,102.954,102.303,,
44679,103.623,102.954,,
44680,102.959,103.623,,
44683,103.744,102.959,,
44684,103.465,103.744,,
44685,102.587,103.465,,
44686,103.752,102.587,,
44687,103.66,103.752,,
44690,103.651,103.66,,
44691,103.92,103.651,,
44692,103.846,103.92,,
44693,104.851,103.846,,
44694,104.563,104.851,,
44697,104.187,104.563,,
44698,103.36,104.187,,
44699,103.81,103.36,,
44700,102.724,103.81,,
44701,103.15,102.724,,
44704,102.076,103.15,,
44705,101.857,102.076,,
44706,102.056,101.857,,
44707,101.829,102.056,,
44708,101.668,101.829,,
44711,101.668,#N/A N/A,,
44712,101.752,101.668,,
44713,102.498,101.752,,
44714,101.824,102.498,,
44715,102.14,101.824,,
44718,102.437,102.14,,
44719,102.318,102.437,,
44720,102.542,102.318,,
44721,103.223,102.542,,
44722,104.148,103.223,,
44725,105.078,104.148,,
44726,105.518,105.078,,
44727,105.158,105.518,,
44728,103.631,105.158,,
44729,104.7,103.631,,
44732,104.7,#N/A N/A,,
44733,104.435,104.7,,
44734,104.197,104.435,,
44735,104.431,104.197,,
44736,104.185,104.431,,
44739,103.939,104.185,,
44740,104.506,103.939,,
44741,105.106,104.506,,
44742,104.685,105.106,,
44743,105.138,104.685,,
44746,105.138,105.138,,
44747,106.535,105.138,,
44748,107.096,106.535,,
44749,107.13,107.096,,
44750,107.007,107.13,,
44753,108.021,107.007,,
44754,108.072,108.021,,
44755,107.957,108.072,,
44756,108.544,107.957,,
44757,108.063,108.544,,
44760,107.366,108.063,,
44761,106.682,107.366,,
44762,107.076,106.682,,
44763,106.91,107.076,,
44764,106.73,106.91,,
44767,106.483,106.73,,
44768,107.189,106.483,,
44769,106.452,107.189,,
44770,106.351,106.452,,
44771,105.903,106.351,,
44774,105.45,105.903,,
44775,106.241,105.45,,
44776,106.506,106.241,,
44777,105.693,106.506,,
44778,106.621,105.693,,
44781,106.435,106.621,,
44782,106.374,106.435,,
44783,105.196,106.374,,
44784,105.09,105.196,,
44785,105.631,105.09,,
44788,106.546,105.631,,
44789,106.5,106.546,,
44790,106.574,106.5,,
44791,107.484,106.574,,
44792,108.169,107.484,,
44795,109.046,108.169,,
44796,108.624,109.046,,
44797,108.677,108.624,,
44798,108.47,108.677,,
44799,108.803,108.47,,
44802,108.835,108.803,,
44803,108.773,108.835,,
44804,108.7,108.773,,
44805,109.691,108.7,,
44806,109.534,109.691,,
44809,109.534,109.534,,
44810,110.214,109.534,,
44811,109.84,110.214,,
44812,109.707,109.84,,
44813,109.003,109.707,,
44816,108.33,109.003,,
44817,109.815,108.33,,
44818,109.658,109.815,,
44819,109.739,109.658,,
44820,109.764,109.739,,
44823,109.737,109.764,,
44824,110.215,109.737,,
44825,110.642,110.215,,
44826,111.353,110.642,,
44827,113.192,111.353,,
44830,114.103,113.192,,
44831,114.106,114.103,,
44832,112.604,114.106,,
44833,112.254,112.604,,
44834,112.117,112.254,,
44837,111.745,112.117,,
44838,110.065,111.745,,
44839,111.208,110.065,,
44840,112.258,111.208,,
44841,112.795,112.258,,
44844,113.144,112.795,,
44845,113.221,113.144,,
44846,113.32,113.221,,
44847,112.363,113.32,,
44848,113.311,112.363,,
44851,112.039,113.311,,
44852,112.13,112.039,,
44853,112.984,112.13,,
44854,112.881,112.984,,
44855,112.012,112.881,,
44858,111.989,112.012,,
44859,110.95,111.989,,
44860,109.7,110.95,,
44861,110.587,109.7,,
44862,110.752,110.587,,
44865,111.527,110.752,,
44866,111.481,111.527,,
44867,111.345,111.481,,
44868,112.93,111.345,,
44869,110.877,112.93,,
44872,110.12,110.877,,
44873,109.636,110.12,,
44874,110.549,109.636,,
44875,108.206,110.549,,
44876,106.292,108.206,,
44879,106.66,106.292,,
44880,106.404,106.66,,
44881,106.281,106.404,,
44882,106.694,106.281,,
44883,106.93,106.694,,
44886,107.835,106.93,,
44887,107.222,107.835,,
44888,106.076,107.222,,
44889,106.076,#N/A N/A,,
44890,105.959,106.076,,
44893,106.681,105.959,,
44894,106.822,106.681,,
44895,105.95,106.822,,
44896,104.728,105.95,,
44897,104.545,104.728,,
44900,105.289,104.545,,
44901,105.578,105.289,,
44902,105.1,105.578,,
44903,104.774,105.1,,
44904,104.81,104.774,,
44907,105.131,104.81,,
44908,103.98,105.131,,
44909,103.77,103.98,,
44910,104.558,103.77,,
44911,104.701,104.558,,
44914,104.721,104.701,,
44915,103.965,104.721,,
44916,104.162,103.965,,
44917,104.433,104.162,,
44918,104.314,104.433,,
44922,104.179,104.314,,
44923,104.463,104.179,,
44924,103.836,104.463,,
44925,103.522,103.836,,
44929,104.518,103.522,,
44930,104.248,104.518,,
44931,105.042,104.248,,
44932,103.879,105.042,,
44935,103.001,103.879,,
44936,103.236,103.001,,
44937,103.188,103.236,,
44938,102.246,103.188,,
44939,102.204,102.246,,
44942,102.204,#N/A N/A,,
44943,102.39,102.204,,
44944,102.363,102.39,,
44945,102.058,102.363,,
44946,102.012,102.058,,
44949,102.138,102.012,,
44950,101.918,102.138,,
44951,101.641,101.918,,
44952,101.839,101.641,,
44953,101.927,101.839,,
44956,102.276,101.927,,
44957,102.097,102.276,,
44958,101.217,102.097,,
44959,101.75,101.217,,
44960,102.915,101.75,,
44963,103.621,102.915,,
44964,103.427,103.621,,
44965,103.409,103.427,,
44966,103.221,103.409,,
44967,103.63,103.221,,
44970,103.345,103.63,,
44971,103.233,103.345,,
44972,103.923,103.233,,
44973,103.856,103.923,,
44974,103.862,103.856,,
44977,103.862,#N/A N/A,,
44978,104.176,103.862,,
44979,104.585,104.176,,
44980,104.598,104.585,,
44981,105.214,104.598,,
44984,104.673,105.214,,
44985,104.869,104.673,,
44986,104.483,104.869,,
44987,105.027,104.483,,
44988,104.521,105.027,,
44991,104.35,104.521,,
44992,105.615,104.35,,
44993,105.658,105.615,,
44994,105.309,105.658,,
44995,104.576,105.309,,
44998,103.595,104.576,,
44999,103.597,103.595,,
45000,104.646,103.597,,
45001,104.418,104.646,,
45002,103.708,104.418,,
45005,103.281,103.708,,
45006,103.256,103.281,,
45007,102.346,103.256,,
45008,102.532,102.346,,
45009,103.116,102.532,,
45012,102.857,103.116,,
45013,102.43,102.857,,
45014,102.64,102.43,,
45015,102.144,102.64,,
45016,102.506,102.144,,
45019,102.093,102.506,,
45020,101.586,102.093,,
45021,101.852,101.586,,
45022,101.822,101.852,,
45023,102.092,#N/A N/A,,
45026,102.578,101.822,,
45027,102.204,102.578,,
45028,101.5,102.204,,
45029,101.011,101.5,,
45030,101.552,101.011,,
45033,102.103,101.552,,
45034,101.745,102.103,,
45035,101.968,101.745,,
45036,101.84,101.968,,
45037,101.822,101.84,,
45040,101.348,101.822,,
45041,101.863,101.348,,
45042,101.467,101.863,,
45043,101.503,101.467,,
45044,101.659,101.503,,
45047,102.151,101.659,,
45048,101.958,102.151,,
45049,101.343,101.958,,
45050,101.399,101.343,,
45051,101.214,101.399,,
45054,101.377,101.214,,
45055,101.605,101.377,,
45056,101.477,101.605,,
45057,102.058,101.477,,
45058,102.681,102.058,,
45061,102.434,102.681,,
45062,102.564,102.434,,
45063,102.882,102.564,,
45064,103.584,102.882,,
45065,103.198,103.584,,
45068,103.198,103.198,,
45069,103.488,103.198,,
45070,103.887,103.488,,
45071,104.251,103.887,,
45072,104.206,104.251,,
45075,104.206,#N/A N/A,,
45076,104.165,104.206,,
45077,104.326,104.165,,
45078,103.56,104.326,,
45079,104.015,103.56,,
45082,104.002,104.015,,
45083,104.125,104.002,,
45084,104.099,104.125,,
45085,103.343,104.099,,
45086,103.557,103.343,,
45089,103.654,103.557,,
45090,103.338,103.654,,
45091,102.948,103.338,,
45092,102.115,102.948,,
45093,102.243,102.115,,
45096,102.522,#N/A N/A,,
45097,102.54,102.243,,
45098,102.071,102.54,,
45099,102.386,102.071,,
45100,102.903,102.386,,
45103,102.692,102.903,,
45104,102.492,102.692,,
45105,102.905,102.492,,
45106,103.342,102.905,,
45107,102.912,103.342,,
45110,102.988,102.912,,
45111,103.039,#N/A N/A,,
45112,103.373,102.988,,
45113,103.166,103.373,,
45114,102.272,103.166,,
45117,101.972,102.272,,
45118,101.732,101.972,,
45119,100.521,101.732,,
45120,99.77,100.521,,
45121,99.914,99.77,,
45124,99.842,99.914,,
45125,99.941,99.842,,
45126,100.281,99.941,,
45127,100.88,100.281,,
45128,101.071,100.88,,
45131,101.346,101.071,,
45132,101.349,101.346,,
45133,100.887,101.349,,
45134,101.773,100.887,,
45135,101.622,101.773,,
45138,101.855,101.622,,
45139,102.303,101.855,,
45140,102.59,102.303,,
45141,102.542,102.59,,
45142,102.017,102.542,,
45145,102.047,102.017,,
45146,102.528,102.047,,
45147,102.49,102.528,,
45148,102.524,102.49,,
45149,102.842,102.524,,
45152,103.19,102.842,,
45153,103.209,103.19,,
45154,103.431,103.209,,
45155,103.572,103.431,,
45156,103.375,103.572,,
45159,103.3,103.375,,
45160,103.563,103.3,,
45161,103.419,103.563,,
45162,103.982,103.419,,
45163,104.077,103.982,,
45166,104.058,104.077,,
45167,103.531,104.058,,
45168,103.157,103.531,,
45169,103.619,103.157,,
45170,104.236,103.619,,
45173,104.236,#N/A N/A,,
45174,104.807,104.236,,
45175,104.861,104.807,,
45176,105.059,104.861,,
45177,105.09,105.059,,
45180,104.569,105.09,,
45181,104.711,104.569,,
45182,104.766,104.711,,
45183,105.405,104.766,,
45184,105.322,105.405,,
45187,105.202,105.322,,
45188,105.133,105.202,,
45189,105.328,105.133,,
45190,105.363,105.328,,
45191,105.583,105.363,,
45194,105.998,105.583,,
45195,106.231,105.998,,
45196,106.666,106.231,,
45197,106.224,106.666,,
45198,106.174,106.224,,
45201,106.904,106.174,,
45202,107,106.904,,
45203,106.799,107,,
45204,106.332,106.799,,
45205,106.044,106.332,,
45208,106.083,106.044,,
45209,105.825,106.083,,
45210,105.82,105.825,,
45211,106.599,105.82,,
45212,106.648,106.599,,
45215,106.243,106.648,,
45216,106.25,106.243,,
45217,106.565,106.25,,
45218,106.253,106.565,,
45219,106.163,106.253,,
45222,105.536,106.163,,
45223,106.27,105.536,,
45224,106.528,106.27,,
45225,106.602,106.528,,
45226,106.559,106.602,,
45229,106.12,106.559,,
45230,106.663,106.12,,
45231,106.884,106.663,,
45232,106.124,106.884,,
45233,105.021,106.124,,
45236,105.215,105.021,,
45237,105.542,105.215,,
45238,105.593,105.542,,
45239,105.91,105.593,,
45240,105.861,105.91,,
45243,105.631,105.861,,
45244,104.053,105.631,,
45245,104.394,104.053,,
45246,104.349,104.394,,
45247,103.917,104.349,,
45250,103.438,103.917,,
45251,103.565,103.438,,
45252,103.92,103.565,,
45253,103.92,#N/A N/A,,
45254,103.403,103.92,,
45257,103.199,103.403,,
45258,102.746,103.199,,
45259,102.765,102.746,,
45260,103.497,102.765,,
45261,103.268,103.497,,
45264,103.712,103.268,,
45265,104.05,103.712,,
45266,104.153,104.05,,
45267,103.541,104.153,,
45268,104.01,103.541,,
45271,104.095,104.01,,
45272,103.865,104.095,,
45273,102.869,103.865,,
45274,101.956,102.869,,
45275,102.55,101.956,,
45278,102.561,102.55,,
45279,102.167,102.561,,
45280,102.408,102.167,,
45281,101.843,102.408,,
45282,101.698,101.843,,
45286,101.466,101.698,,
45287,100.986,101.466,,
45288,101.229,100.986,,
45289,101.333,101.229,,
45293,102.2,101.333,,
45294,102.494,102.2,,
45295,102.422,102.494,,
45296,102.412,102.422,,
45299,102.209,102.412,,
45300,102.57,102.209,,
45301,102.362,102.57,,
45302,102.291,102.362,,
45303,102.404,102.291,,
45306,102.404,#N/A N/A,,
45307,103.357,102.404,,
45308,103.45,103.357,,
45309,103.536,103.45,,
45310,103.288,103.536,,
45313,103.331,103.288,,
45314,103.617,103.331,,
45315,103.236,103.617,,
45316,103.574,103.236,,
45317,103.433,103.574,,
45320,103.609,103.433,,
45321,103.397,103.609,,
45322,103.274,103.397,,
45323,103.048,103.274,,
45324,103.922,103.048,,
45327,104.452,103.922,,
45328,104.213,104.452,,
45329,104.057,104.213,,
45330,104.165,104.057,,
45331,104.111,104.165,,
45334,104.17,104.111,,
45335,104.96,104.17,,
45336,104.723,104.96,,
45337,104.296,104.723,,
45338,104.275,104.296,,
45341,104.291,#N/A N/A,,
45342,104.079,104.275,,
45343,104.006,104.079,,
45344,103.957,104.006,,
45345,103.936,103.957,,
45348,103.827,103.936,,
45349,103.829,103.827,,
45350,103.975,103.829,,
45351,104.156,103.975,,
45352,103.861,104.156,,
45355,103.832,103.861,,
45356,103.798,103.832,,
45357,103.369,103.798,,
45358,102.823,103.369,,
45359,102.712,102.823,,
45362,102.869,102.712,,
45363,102.957,102.869,,
45364,102.789,102.957,,
45365,103.36,102.789,,
45366,103.432,103.36,,
45369,103.579,103.432,,
45370,103.818,103.579,,
45371,103.389,103.818,,
45372,104.007,103.389,,
45373,104.43,104.007,,
45376,104.224,104.43,,
45377,104.298,104.224,,
45378,104.348,104.298,,
45379,104.546,104.348,,
45380,104.487,#N/A N/A,,
45383,105.019,104.546,,
45384,104.816,105.019,,
45385,104.249,104.816,,
45386,104.121,104.249,,
45387,104.298,104.121,,
45390,104.14,104.298,,
45391,104.148,104.14,,
45392,105.245,104.148,,
45393,105.282,105.245,,
45394,106.038,105.282,,
45397,106.208,106.038,,
45398,106.257,106.208,,
45399,105.951,106.257,,
45400,106.151,105.951,,
45401,106.154,106.151,,
45404,106.077,106.154,,
45405,105.675,106.077,,
45406,105.857,105.675,,
45407,105.598,105.857,,
45408,105.938,105.598,,
45411,105.579,105.938,,
45412,106.221,105.579,,
45413,105.755,106.221,,
45414,105.299,105.755,,
45415,105.03,105.299,,
45418,105.051,105.03,,
45419,105.412,105.051,,
45420,105.546,105.412,,
45421,105.227,105.546,,
45422,105.301,105.227,,
45425,105.218,105.301,,
45426,105.013,105.218,,
45427,104.345,105.013,,
45428,104.462,104.345,,
45429,104.445,104.462,,
45432,104.565,104.445,,
45433,104.661,104.565,,
45434,104.933,104.661,,
45435,105.108,104.933,,
45436,104.724,105.108,,
45439,104.595,#N/A N/A,,
45440,104.614,104.724,,
45441,105.122,104.614,,
45442,104.716,105.122,,
45443,104.671,104.716,,
45446,104.14,104.671,,
45447,104.11,104.14,,
45448,104.268,104.11,,
45449,104.102,104.268,,
45450,104.885,104.102,,
45453,105.15,104.885,,
45454,105.23,105.15,,
45455,104.645,105.23,,
45456,105.196,104.645,,
45457,105.55,105.196,,
45460,105.32,105.55,,
45461,105.256,105.32,,
45462,105.254,#N/A N/A,,
45463,105.588,105.256,,
45464,105.796,105.588,,
45467,105.473,105.796,,
45468,105.607,105.473,,
45469,106.052,105.607,,
45470,105.906,106.052,,
45471,105.866,105.906,,
45474,105.901,105.866,,
45475,105.722,105.901,,
45476,105.403,105.722,,
45477,105.13,#N/A N/A,,
45478,104.875,105.403,,
45481,105,104.875,,
45482,105.129,105,,
45483,105.048,105.129,,
45484,104.44,105.048,,
45485,104.093,104.44,,
45488,104.189,104.093,,
45489,104.27,104.189,,
45490,103.748,104.27,,
45491,104.173,103.748,,
45492,104.396,104.173,,
45495,104.314,104.396,,
45496,104.45,104.314,,
45497,104.391,104.45,,
45498,104.355,104.391,,
45499,104.316,104.355,,
45502,104.564,104.316,,
45503,104.554,104.564,,
45504,104.096,104.554,,
45505,104.421,104.096,,
45506,103.208,104.421,,
45509,102.689,103.208,,
45510,102.969,102.689,,
45511,103.197,102.969,,
45512,103.209,103.197,,
45513,103.135,103.209,,
45516,103.139,103.135,,
45517,102.559,103.139,,
45518,102.568,102.559,,
45519,102.977,102.568,,
45520,102.463,102.977,,
45523,101.886,102.463,,
45524,101.441,101.886,,
45525,101.039,101.441,,
45526,101.508,101.039,,
45527,100.718,101.508,,
45530,100.851,100.718,,
45531,100.552,100.851,,
45532,101.094,100.552,,
45533,101.343,101.094,,
45534,101.698,101.343,,
45537,101.653,#N/A N/A,,
45538,101.825,101.698,,
45539,101.358,101.825,,
45540,101.107,101.358,,
45541,101.177,101.107,,
45544,101.552,101.177,,
45545,101.63,101.552,,
45546,101.684,101.63,,
45547,101.366,101.684,,
45548,101.114,101.366,,
45551,100.763,101.114,,
45552,100.894,100.763,,
45553,100.596,100.894,,
45554,100.614,100.596,,
45555,100.723,100.614,,
45558,100.851,100.723,,
45559,100.466,100.851,,
45560,100.912,100.466,,
45561,100.562,100.912,,
45562,100.381,100.562,,
45565,100.779,100.381,,
45566,101.194,100.779,,
45567,101.677,101.194,,
45568,101.989,101.677,,
45569,102.52,101.989,,
45572,102.537,102.52,,
45573,102.549,102.537,,
45574,102.928,102.549,,
45575,102.988,102.928,,
45576,102.89,102.988,,
45579,103.298,102.89,,
45580,103.261,103.298,,
45581,103.59,103.261,,
45582,103.825,103.59,,
45583,103.493,103.825,,
45586,104.012,103.493,,
45587,104.075,104.012,,
45588,104.431,104.075,,
45589,104.058,104.431,,
45590,104.257,104.058,,
45593,104.316,104.257,,
45594,104.316,104.316,,
45595,103.994,104.316,,
45596,103.976,103.994,,
45597,104.282,103.976,,
45600,103.885,104.282,,
45601,103.423,103.885,,
45602,105.088,103.423,,
45603,104.508,105.088,,
45604,104.997,104.508,,
45607,105.543,104.997,,
45608,106.024,105.543,,
45609,106.481,106.024,,
45610,106.673,106.481,,
45611,106.687,106.673,,
45614,106.275,106.687,,
45615,106.206,106.275,,
45616,106.68,106.206,,
45617,106.972,106.68,,
45618,107.554,106.972,,
45621,106.817,107.554,,
45622,107.013,106.817,,
45623,106.084,107.013,,
45624,106.048,#N/A N/A,,
45625,105.737,106.084,,
45628,106.446,105.737,,
45629,106.365,106.446,,
45630,106.321,106.365,,
45631,105.714,106.321,,
45632,106.055,105.714,,
45635,106.145,106.055,,
45636,106.399,106.145,,
45637,106.71,106.399,,
45638,106.956,106.71,,
45639,107.003,106.956,,
45642,106.858,107.003,,
45643,106.956,106.858,,
45644,108.027,106.956,,
45645,108.408,108.027,,
45646,107.621,108.408,,
45649,108.037,107.621,,
45650,108.257,108.037,,
45652,108.129,108.257,,
45653,107.998,108.129,,
45656,108.13,107.998,,
45657,108.487,108.13,,
45659,109.394,108.487,,
45660,108.952,109.394,,
45663,108.257,108.952,,
45664,108.542,108.257,,
45665,109.09,108.542,,
45666,109.179,109.09,,
45667,109.65,109.179,,
45670,109.956,109.65,,
45671,109.273,109.956,,
45672,109.09,109.273,,
45673,108.957,109.09,,
45674,109.347,108.957,,
45677,109.347,109.347,,
45678,108.062,109.347,,
45679,108.167,108.062,,
45680,108.047,108.167,,
45681,107.443,108.047,,
45684,107.341,107.443,,
45685,107.866,107.341,,
45686,108,107.866,,
45687,107.797,108,,
45688,108.37,107.797,,
45691,108.99,108.37,,
45692,107.96,108.99,,
45693,107.579,107.96,,
45694,107.689,107.579,,
45695,108.04,107.689,,
45698,108.319,108.04,,
45699,107.963,108.319,,
45700,107.938,107.963,,
45701,107.313,107.938,,
45702,106.71,107.313,,
45705,106.575,#N/A N/A,,
45706,107.054,106.71,,
45707,107.173,107.054,,
45708,106.372,107.173,,
45709,106.612,106.372,,
45712,106.596,106.612,,
45713,106.308,106.596,,
45714,106.416,106.308,,
45715,107.244,106.416,,
45716,107.614,107.244,,
45719,106.747,107.614,,
45720,105.743,106.747,,
45721,104.276,105.743,,
45722,104.062,104.276,,
45723,103.838,104.062,,
45726,103.9,103.838,,
45727,103.419,103.9,,
45728,103.612,103.419,,
45729,103.828,103.612,,
45730,103.718,103.828,,
45733,103.37,103.718,,
45734,103.244,103.37,,
45735,103.428,103.244,,
45736,103.851,103.428,,
45737,104.088,103.851,,
45740,104.262,104.088,,
45741,104.184,104.262,,
45742,104.547,104.184,,
45743,104.335,104.547,,
45744,104.044,104.335,,
45747,104.21,104.044,,
45748,104.26,104.21,,
45749,103.807,104.26,,
45750,102.072,103.807,,
45751,103.023,102.072,,
45754,103.256,103.023,,
45755,102.955,103.256,,
45756,102.9,102.955,,
45757,100.867,102.9,,
45758,100.102,100.867,,
45761,99.64,100.102,,
45762,100.215,99.64,,
45763,99.38,100.215,,
45764,99.376,99.38,,
45765,99.23,#N/A N/A,,
45768,98.278,99.376,,
45769,98.918,98.278,,
45770,99.844,98.918,,
45771,99.377,99.844,,
45772,99.471,99.377,,
45775,99.01,99.471,,
45776,99.237,99.01,,
45777,99.468,99.237,,
45778,100.248,99.468,,
45779,100.03,100.248,,
45782,99.831,100.03,,
45783,99.238,99.831,,
45784,99.614,99.238,,
45785,100.64,99.614,,
45786,100.339,100.64,,
45789,101.788,100.339,,
45790,101.003,101.788,,
45791,101.039,101.003,,
45792,100.879,101.039,,
45793,101.092,100.879,,
45796,100.426,101.092,,
45797,100.118,100.426,,
45798,99.559,100.118,,
45799,99.96,99.559,,
45800,99.112,99.96,,
45803,98.934,#N/A N/A,,
45804,99.521,99.112,,
45805,99.875,99.521,,
45806,99.278,99.875,,
45807,99.329,99.278,,
45810,98.706,99.329,,
45811,99.227,98.706,,
45812,98.787,99.227,,
45813,98.741,98.787,,
45814,99.19,98.741,,
45817,98.939,99.19,,
45818,99.098,98.939,,
45819,98.631,99.098,,
45820,97.921,98.631,,
45821,98.184,97.921,,
45824,97.998,98.184,,
45825,98.82,97.998,,
45826,98.905,98.82,,
45827,98.905,#N/A N/A,,
45828,98.707,98.905,,
45831,98.416,98.707,,
45832,97.858,98.416,,
45833,97.679,97.858,,
45834,97.147,97.679,,
45835,97.401,97.147,,
45838,96.875,97.401,,
45839,96.819,96.875,,
45840,96.776,96.819,,
45841,97.18,96.776,,
45842,97.18,#N/A N/A,,
45845,97.48,97.18,,
45846,97.516,97.48,,
45847,97.555,97.516,,
45848,97.652,97.555,,
45849,97.853,97.652,,
45852,98.081,97.853,,
45853,98.616,98.081,,
45854,98.392,98.616,,
45855,98.734,98.392,,
45856,98.482,98.734,,
45859,97.853,98.482,,
45860,97.392,97.853,,
45861,97.214,97.392,,
45862,97.377,97.214,,
45863,97.645,97.377,,
45866,98.634,97.645,,
45867,98.886,98.634,,
45868,99.815,98.886,,
45869,99.968,99.815,,
45870,99.141,99.968,,
45873,98.784,99.141,,
45874,98.782,98.784,,
45875,98.177,98.782,,
45876,98.4,98.177,,
45877,98.18,98.4,,
45880,98.52,98.18,,
45881,98.097,98.52,,
45882,97.84,98.097,,
45883,98.254,97.84,,
45884,97.852,98.254,,
45887,98.167,97.852,,
45888,98.265,98.167,,
45889,98.218,98.265,,
45890,98.619,98.218,,
45891,97.716,98.619,,
45894,98.43,97.716,,
45895,98.225,98.43,,
45896,98.232,98.225,,
45897,97.813,98.232,,
45898,97.771,97.813,,
45901,97.771,97.771,,
45902,98.397,97.771,,
45903,98.142,98.397,,
45904,98.347,98.142,,
45905,97.768,98.347,,
45908,97.454,97.768,,
45909,97.788,97.454,,
45910,97.78,97.788,,
45911,97.531,97.78,,
45912,97.55,97.531,,
45915,97.302,97.55,,
45916,96.633,97.302,,
45917,96.873,96.633,,
45918,97.348,96.873,,
45919,97.644,97.348,,
45922,97.341,97.644,,
45923,97.264,97.341,,
45924,97.873,97.264,,
45925,98.553,97.873,,
45926,98.152,98.553,,
45929,97.906,98.152,,
45930,97.775,97.906,,
45931,97.706,97.775,,
45932,97.846,97.706,,
45933,97.723,97.846,,
45936,98.108,97.723,,
45937,98.578,98.108,,
45938,98.915,98.578,,
45939,99.538,98.915,,
45940,98.978,99.538,,
45943,99.269,98.978,,
45944,99.047,99.269,,
45945,98.793,99.047,,
45946,98.336,98.793,,
45947,98.433,98.336,,
45950,98.586,98.433,,
45951,98.934,98.586,,
45952,98.897,98.934,,
45953,98.936,98.897,,
45954,98.952,98.936,,
45957,98.783,98.952,,
45958,98.667,98.783,,
45959,99.22,98.667,,
45960,99.526,99.22,,
45961,99.804,99.526,,
45964,99.873,99.804,,
45965,100.224,99.873,,
45966,100.204,100.224,,
45967,99.733,100.204,,
45968,99.603,99.733,,
45971,99.589,99.603,,
45972,99.443,99.589,,
45973,99.495,99.443,,
45974,99.156,99.495,,
45975,99.299,99.156,,
45978,99.588,99.299,,
45979,99.55,99.588,,
45980,100.228,99.55,,
45981,100.158,100.228,,
45982,100.18,100.158,,
45985,100.142,100.18,,
45986,99.664,100.142,,
45987,99.595,99.664,,
45988,99.536,#N/A N/A,,
45989,99.459,99.595,,
45992,99.414,99.459,,
45993,99.357,99.414,,
45994,98.854,99.357,,
45995,98.989,98.854,,
45996,98.992,98.989,,
45999,99.087,98.992,,
46000,99.22,99.087,,
46001,98.786,99.22,,
46002,98.346,98.786,,
46003,98.399,98.346,,
46006,98.309,98.399,,
46007,98.146,98.309,,
46008,98.368,98.146,,
46009,98.427,98.368,,
46010,98.599,98.427,,
46013,98.286,98.599,,
46014,97.942,98.286,,
46015,97.976,97.942,,
46017,98.022,97.976,,
46020,98.037,98.022,,
46021,98.238,98.037,,
46022,98.322,98.238,,
46024,98.424,98.322,,
46027,98.27,98.424,,
46028,98.58,98.27,,
46029,98.684,98.58,,
46030,98.934,98.684,,
46031,99.133,98.934,,
46034,98.862,99.133,,
46035,99.134,98.862,,
46036,99.055,99.134,,
46037,99.321,99.055,,
46038,99.393,99.321,,
46041,99.393,#N/A N/A,,
46042,98.641,99.393,,
46043,98.761,98.641,,
46044,98.359,98.761,,
46045,97.599,98.359,,
46048,97.04,97.599,,
46049,96.217,97.04,,
46050,96.446,96.217,,
46051,96.283,96.446,,
46052,96.991,96.283,,
46055,97.632,96.991,,
46056,97.437,97.632,,
46057,97.616,97.437,,
46058,97.824,97.616,,
46059,97.633,97.824,,
46062,96.816,97.633,,
46063,96.799,96.816,,
46064,96.834,96.799,,
46065,96.925,96.834,,
46066,96.915,96.925,,
46069,96.915,#N/A N/A,,
46070,97.155,96.915,,
46071,97.703,97.155,,
46072,97.925,97.703,,
46073,97.796,97.925,,
46076,97.706,97.796,,
46077,97.843,97.706,,
46078,97.7,97.843,,
46079,97.791,97.7,,
46080,97.608,97.791,,
46083,98.381,97.608,,
46084,99.052,98.381,,
46085,98.769,99.052,,
46086,99.317,98.769,,
46087,98.986,99.317,,
46090,99.175,98.986,,
46091,98.826,99.175,,
46092,99.231,98.826,,
46093,99.739,99.231,,
46094,100.362,99.739,,
46097,99.712,100.362,,
46098,99.575,99.712,,
46099,100.086,99.575,,
46100,99.232,100.086,,
46101,99.647,99.232,,
46104,98.95,99.647,,
46105,99.434,98.95,,
46106,99.599,99.434,,
46107,99.9,99.599,,
46108,100.151,99.9,,
46111,100.509,100.151,,
46112,99.961,100.509,,
46113,99.651,99.961,,
46114,100.028,99.651,,
46115,100.028,#N/A N/A,,
46118,99.981,100.028,,
46119,99.858,99.981,,
46120,99.133,99.858,,
46121,98.819,99.133,,
46122,98.65,98.819,,
46125,98.366,98.65,,
46126,98.124,98.366,,
46127,98.055,98.124,,
46128,98.215,98.055,,
46129,98.098,98.215,,
46132,98.097,98.098,,
46133,98.394,98.097,,
46134,98.59,98.394,,
46135,98.77,98.59,,
46136,98.533,98.77,,
46139,98.496,98.533,,
46140,98.64,98.496,,
46141,98.961,98.64,,
46142,98.056,98.961,,
46143,98.156,98.056,,
46146,98.374,98.156,,
46147,98.444,98.374,,