CL2 COMB Comdty,,,,
40182,82.12,80.02,,
40183,82.41,82.12,,
40184,83.75,82.41,,
40185,83.19,83.75,,
40186,83.3,83.19,,
40189,83.01,83.3,,
40190,81.17,83.01,,
40191,80.04,81.17,,
40192,79.88,80.04,,
40193,78.37,79.88,,
40197,79.32,78.37,,
40198,77.74,79.32,,
40199,76.53,77.74,,
40200,74.92,76.53,,
40203,75.69,74.92,,
40204,75.15,75.69,,
40205,74.15,75.15,,
40206,74.07,74.15,,
40207,73.35,74.07,,
40210,74.91,73.35,,
40211,77.72,74.91,,
40212,77.43,77.72,,
40213,73.54,77.43,,
40214,71.52,73.54,,
40217,72.29,71.52,,
40218,74.2,72.29,,
40219,74.89,74.2,,
40220,75.72,74.89,,
40221,74.5,75.72,,
40225,77.42,74.5,,
40226,77.73,77.42,,
40227,79.42,77.73,,
40228,80.06,79.42,,
40231,80.31,80.06,,
40232,79.29,80.31,,
40233,80.38,79.29,,
40234,78.53,80.38,,
40235,80.01,78.53,,
40238,79.08,80.01,,
40239,80.06,79.08,,
40240,81.26,80.06,,
40241,80.63,81.26,,
40242,81.92,80.63,,
40245,82.31,81.92,,
40246,81.86,82.31,,
40247,82.43,81.86,,
40248,82.43,82.43,,
40249,81.54,82.43,,
40252,80.08,81.54,,
40253,81.97,80.08,,
40254,83.21,81.97,,
40255,82.54,83.21,,
40256,80.97,82.54,,
40259,81.6,80.97,,
40260,82.25,81.6,,
40261,81.01,82.25,,
40262,80.99,81.01,,
40263,80.47,80.99,,
40266,82.59,80.47,,
40267,82.77,82.59,,
40268,84.18,82.77,,
40269,85.34,84.18,,
40273,87.13,85.34,,
40274,87.39,87.13,,
40275,86.51,87.39,,
40276,86.03,86.51,,
40277,85.63,86.03,,
40280,85.28,85.63,,
40281,85.11,85.28,,
40282,86.73,85.11,,
40283,86.75,86.73,,
40284,84.67,86.75,,
40287,83.13,84.67,,
40288,83.85,83.13,,
40289,85.63,83.85,,
40290,85.64,85.63,,
40291,87.04,85.64,,
40294,86.47,87.04,,
40295,85,86.47,,
40296,85.67,85,,
40297,87.25,85.67,,
40298,88.36,87.25,,
40301,89.15,88.36,,
40302,85.76,89.15,,
40303,82.99,85.76,,
40304,80.18,82.99,,
40305,78.51,80.18,,
40308,80.52,78.51,,
40309,80.22,80.52,,
40310,80.15,80.22,,
40311,78.99,80.15,,
40312,75.43,78.99,,
40315,73.22,75.43,,
40316,72.7,73.22,,
40317,72.48,72.7,,
40318,70.8,72.48,,
40319,71.67,70.8,,
40322,71.62,71.67,,
40323,70.1,71.62,,
40324,72.54,70.1,,
40325,75.62,72.54,,
40326,75.16,75.62,,
40330,73.9,75.16,,
40331,74.5,73.9,,
40332,76.05,74.5,,
40333,72.8,76.05,,
40336,72.77,72.8,,
40337,73.06,72.77,,
40338,75.44,73.06,,
40339,76.68,75.44,,
40340,75.34,76.68,,
40343,76.28,75.34,,
40344,77.91,76.28,,
40345,78.72,77.91,,
40346,78.04,78.72,,
40347,78.26,78.04,,
40350,78.61,78.26,,
40351,77.85,78.61,,
40352,77.03,77.85,,
40353,77.15,77.03,,
40354,79.43,77.15,,
40357,78.9,79.43,,
40358,76.57,78.9,,
40359,76.16,76.57,,
40360,73.46,76.16,,
40361,72.6,73.46,,
40365,72.51,72.6,,
40366,74.64,72.51,,
40367,76.03,74.64,,
40368,76.63,76.03,,
40371,75.44,76.63,,
40372,77.59,75.44,,
40373,77.45,77.59,,
40374,77.01,77.45,,
40375,76.38,77.01,,
40378,76.9,76.38,,
40379,77.58,76.9,,
40380,77,77.58,,
40381,79.64,77,,
40382,79.34,79.64,,
40385,79.37,79.34,,
40386,77.9,79.37,,
40387,77.44,77.9,,
40388,78.83,77.44,,
40389,79.39,78.83,,
40392,81.76,79.39,,
40393,82.99,81.76,,
40394,82.91,82.99,,
40395,82.45,82.91,,
40396,81.18,82.45,,
40399,81.95,81.18,,
40400,80.71,81.95,,
40401,78.49,80.71,,
40402,76.15,78.49,,
40403,75.77,76.15,,
40406,75.6,75.77,,
40407,76.16,75.6,,
40408,75.78,76.16,,
40409,74.77,75.78,,
40410,73.82,74.77,,
40413,73.73,73.82,,
40414,72.36,73.73,,
40415,73.24,72.36,,
40416,74.22,73.24,,
40417,76.21,74.22,,
40420,75.91,76.21,,
40421,73.54,75.91,,
40422,75.36,73.54,,
40423,76.24,75.36,,
40424,75.97,76.24,,
40428,75.85,75.97,,
40429,76.37,75.85,,
40430,75.79,76.37,,
40431,77.37,75.79,,
40434,78.03,77.37,,
40435,77.83,78.03,,
40436,77.12,77.83,,
40437,75.74,77.12,,
40438,74.92,75.74,,
40441,76.19,74.92,,
40442,74.97,76.19,,
40443,76.3,74.97,,
40444,76.54,76.3,,
40445,77.65,76.54,,
40448,77.5,77.65,,
40449,77.41,77.5,,
40450,79.09,77.41,,
40451,80.95,79.09,,
40452,82.5,80.95,,
40455,82.2,82.5,,
40456,83.64,82.2,,
40457,83.99,83.64,,
40458,82.38,83.99,,
40459,83.35,82.38,,
40462,83.01,83.35,,
40463,82.45,83.01,,
40464,83.74,82.45,,
40465,83.36,83.74,,
40466,81.93,83.36,,
40469,83.8,81.93,,
40470,80.16,83.8,,
40471,82.54,80.16,,
40472,81.33,82.54,,
40473,82.45,81.33,,
40476,83.21,82.45,,
40477,83.2,83.21,,
40478,82.67,83.2,,
40479,82.94,82.67,,
40480,82.15,82.94,,
40483,83.67,82.15,,
40484,84.56,83.67,,
40485,85.35,84.56,,
40486,87.16,85.35,,
40487,87.48,87.16,,
40490,87.71,87.48,,
40491,87.35,87.71,,
40492,88.29,87.35,,
40493,88.28,88.29,,
40494,85.34,88.28,,
40497,85.29,85.34,,
40498,82.84,85.29,,
40499,81.04,82.84,,
40500,82.42,81.04,,
40501,81.98,82.42,,
40504,82.33,81.98,,
40505,81.83,82.33,,
40506,84.43,81.83,,
40508,84.35,84.43,,
40511,86.27,84.35,,
40512,84.65,86.27,,
40513,87.25,84.65,,
40514,88.42,87.25,,
40515,89.59,88.42,,
40518,89.74,89.59,,
40519,89.22,89.74,,
40520,88.82,89.22,,
40521,88.88,88.82,,
40522,88.31,88.88,,
40525,89.14,88.31,,
40526,88.84,89.14,,
40527,89.24,88.84,,
40528,88.4,89.24,,
40529,88.6,88.4,,
40532,89.37,88.6,,
40533,90.64,89.37,,
40534,91.21,90.64,,
40535,92.16,91.21,,
40539,91.74,92.16,,
40540,92.23,91.74,,
40541,91.9,92.23,,
40542,90.69,91.9,,
40543,92.22,90.69,,
40546,92.43,92.22,,
40547,90.42,92.43,,
40548,91.42,90.42,,
40549,89.75,91.42,,
40550,89.22,89.75,,
40553,90.58,89.22,,
40554,92.36,90.58,,
40555,92.87,92.36,,
40556,92.3,92.87,,
40557,92.57,92.3,,
40561,92.31,92.57,,
40562,91.81,92.31,,
40563,89.59,91.81,,
40564,90.63,89.59,,
40567,89.53,90.63,,
40568,87.88,89.53,,
40569,89.35,87.88,,
40570,88.29,89.35,,
40571,91.68,88.29,,
40574,94.28,91.68,,
40575,93.5,94.28,,
40576,93.68,93.5,,
40577,93.24,93.68,,
40578,91.85,93.24,,
40581,90.64,91.85,,
40582,90.24,90.64,,
40583,90.1,90.24,,
40584,89.94,90.1,,
40585,89.13,89.94,,
40588,88.73,89.13,,
40589,87.57,88.73,,
40590,87.84,87.57,,
40591,88.84,87.84,,
40592,89.71,88.84,,
40596,95.42,89.71,,
40597,99.82,95.42,,
40598,98.74,99.82,,
40599,99.36,98.74,,
40602,98.64,99.36,,
40603,101.4,98.64,,
40604,103.48,101.4,,
40605,103.09,103.48,,
40606,105.61,103.09,,
40609,106.73,105.61,,
40610,105.95,106.73,,
40611,105.61,105.95,,
40612,103.92,105.61,,
40613,102.35,103.92,,
40616,102.19,102.35,,
40617,97.98,102.19,,
40618,98.95,97.98,,
40619,102.39,98.95,,
40620,101.85,102.39,,
40623,103.09,101.85,,
40624,104.97,103.09,,
40625,106.21,104.97,,
40626,106.11,106.21,,
40627,105.94,106.11,,
40630,104.56,105.94,,
40631,105.32,104.56,,
40632,104.84,105.32,,
40633,107.24,104.84,,
40634,108.5,107.24,,
40637,109.05,108.5,,
40638,108.99,109.05,,
40639,109.48,108.99,,
40640,110.88,109.48,,
40641,113.37,110.88,,
40644,110.57,113.37,,
40645,106.97,110.57,,
40646,107.71,106.97,,
40647,108.7,107.71,,
40648,110.22,108.7,,
40651,107.69,110.22,,
40652,108.28,107.69,,
40653,111.91,108.28,,
40654,112.75,111.91,,
40658,112.75,112.75,,
40659,112.71,112.75,,
40660,113.28,112.71,,
40661,113.34,113.28,,
40662,114.43,113.34,,
40665,114.04,114.43,,
40666,111.56,114.04,,
40667,109.73,111.56,,
40668,100.34,109.73,,
40669,97.77,100.34,,
40672,103.1,97.77,,
40673,104.47,103.1,,
40674,98.77,104.47,,
40675,99.48,98.77,,
40676,100.12,99.48,,
40679,97.85,100.12,,
40680,97.43,97.85,,
40681,100.56,97.43,,
40682,98.93,100.56,,
40683,100.1,98.93,,
40686,98.14,100.1,,
40687,100.06,98.14,,
40688,101.82,100.06,,
40689,100.82,101.82,,
40690,101.16,100.82,,
40694,103.27,101.16,,
40695,100.86,103.27,,
40696,101,100.86,,
40697,100.8,101,,
40700,99.6,100.8,,
40701,99.69,99.6,,
40702,101.29,99.69,,
40703,102.45,101.29,,
40704,99.85,102.45,,
40707,97.84,99.85,,
40708,99.86,97.84,,
40709,95.26,99.86,,
40710,95.36,95.26,,
40711,93.4,95.36,,
40714,93.63,93.4,,
40715,94.17,93.63,,
40716,95.92,94.17,,
40717,91.54,95.92,,
40718,91.71,91.54,,
40721,91.17,91.71,,
40722,93.46,91.17,,
40723,95.32,93.46,,
40724,95.96,95.32,,
40725,95.51,95.96,,
40729,97.38,95.51,,
40730,97.13,97.38,,
40731,99.14,97.13,,
40732,96.7,99.14,,
40735,95.62,96.7,,
40736,97.85,95.62,,
40737,98.49,97.85,,
40738,96.11,98.49,,
40739,97.6,96.11,,
40742,96.25,97.6,,
40743,97.86,96.25,,
40744,98.4,97.86,,
40745,99.46,98.4,,
40746,100.2,99.46,,
40749,99.6,100.2,,
40750,100.01,99.6,,
40751,97.84,100.01,,
40752,97.87,97.84,,
40753,96.13,97.87,,
40756,95.33,96.13,,
40757,94.2,95.33,,
40758,92.33,94.2,,
40759,87.04,92.33,,
40760,87.3,87.04,,
40763,81.7,87.3,,
40764,79.67,81.7,,
40765,83.25,79.67,,
40766,86.04,83.25,,
40767,85.69,86.04,,
40770,88.14,85.69,,
40771,86.85,88.14,,
40772,87.73,86.85,,
40773,82.51,87.73,,
40774,82.41,82.51,,
40777,84.42,82.41,,
40778,85.74,84.42,,
40779,85.53,85.74,,
40780,85.64,85.53,,
40781,85.7,85.64,,
40784,87.57,85.7,,
40785,89.19,87.57,,
40786,89.16,89.19,,
40787,89.24,89.16,,
40788,86.74,89.24,,
40792,86.31,86.74,,
40793,89.55,86.31,,
40794,89.23,89.55,,
40795,87.41,89.23,,
40798,88.31,87.41,,
40799,90.28,88.31,,
40800,89.01,90.28,,
40801,89.59,89.01,,
40802,88.18,89.59,,
40805,85.81,88.18,,
40806,86.92,85.81,,
40807,86.18,86.92,,
40808,80.75,86.18,,
40809,80.12,80.75,,
40812,80.48,80.12,,
40813,84.68,80.48,,
40814,81.46,84.68,,
40815,82.34,81.46,,
40816,79.33,82.34,,
40819,77.83,79.33,,
40820,75.87,77.83,,
40821,79.83,75.87,,
40822,82.8,79.83,,
40823,83.17,82.8,,
40826,85.59,83.17,,
40827,86.01,85.59,,
40828,85.78,86.01,,
40829,84.45,85.78,,
40830,87,84.45,,
40833,86.62,87,,
40834,88.53,86.62,,
40835,86.29,88.53,,
40836,86.07,86.29,,
40837,87.47,86.07,,
40840,91.14,87.47,,
40841,92.93,91.14,,
40842,90.18,92.93,,
40843,93.82,90.18,,
40844,93.24,93.82,,
40847,93.08,93.24,,
40848,92.05,93.08,,
40849,92.35,92.05,,
40850,93.91,92.35,,
40851,94.19,93.91,,
40854,95.45,94.19,,
40855,96.7,95.45,,
40856,95.64,96.7,,
40857,97.68,95.64,,
40858,98.89,97.68,,
40861,98.22,98.89,,
40862,99.43,98.22,,
40863,102.6,99.43,,
40864,98.93,102.6,,
40865,97.67,98.93,,
40868,96.99,97.67,,
40869,98.19,96.99,,
40870,96.37,98.19,,
40872,96.91,96.37,,
40875,98.33,96.91,,
40876,99.88,98.33,,
40877,100.46,99.88,,
40878,100.33,100.46,,
40879,101.09,100.33,,
40882,101.13,101.09,,
40883,101.45,101.13,,
40884,100.68,101.45,,
40885,98.54,100.68,,
40886,99.6,98.54,,
40889,97.99,99.6,,
40890,100.32,97.99,,
40891,95.14,100.32,,
40892,94.07,95.14,,
40893,93.75,94.07,,
40896,94.05,93.75,,
40897,97.24,94.05,,
40898,98.85,97.24,,
40899,99.7,98.85,,
40900,99.83,99.7,,
40904,101.46,99.83,,
40905,99.51,101.46,,
40906,99.82,99.51,,
40907,99,99.82,,
40911,103.14,99,,
40912,103.4,103.14,,
40913,102,103.4,,
40914,101.78,102,,
40917,101.52,101.78,,
40918,102.44,101.52,,
40919,101.09,102.44,,
40920,99.31,101.09,,
40921,98.88,99.31,,
40925,100.87,98.88,,
40926,100.76,100.87,,
40927,100.54,100.76,,
40928,98.33,100.54,,
40931,99.86,98.33,,
40932,99.29,99.86,,
40933,99.73,99.29,,
40934,100.04,99.73,,
40935,99.91,100.04,,
40938,99.12,99.91,,
40939,98.85,99.12,,
40940,97.99,98.85,,
40941,96.74,97.99,,
40942,98.23,96.74,,
40945,97.41,98.23,,
40946,98.82,97.41,,
40947,99.1,98.82,,
40948,100.24,99.1,,
40949,99.03,100.24,,
40952,101.29,99.03,,
40953,101.08,101.29,,
40954,102.14,101.08,,
40955,102.64,102.14,,
40956,103.6,102.64,,
40960,106.25,103.6,,
40961,106.78,106.25,,
40962,108.25,106.78,,
40963,110.18,108.25,,
40966,109.02,110.18,,
40967,107,109.02,,
40968,107.52,107,,
40969,109.27,107.52,,
40970,107.17,109.27,,
40973,107.18,107.17,,
40974,105.21,107.18,,
40975,106.65,105.21,,
40976,107.06,106.65,,
40977,107.87,107.06,,
40980,106.84,107.87,,
40981,107.24,106.84,,
40982,105.95,107.24,,
40983,105.65,105.95,,
40984,107.58,105.65,,
40987,108.56,107.58,,
40988,106.07,108.56,,
40989,107.75,106.07,,
40990,105.84,107.75,,
40991,107.35,105.84,,
40994,107.55,107.35,,
40995,107.85,107.55,,
40996,105.96,107.85,,
40997,103.31,105.96,,
40998,103.54,103.31,,
41001,105.76,103.54,,
41002,104.55,105.76,,
41003,102.03,104.55,,
41004,103.83,102.03,,
41008,102.98,103.83,,
41009,101.56,102.98,,
41010,103.18,101.56,,
41011,104.1,103.18,,
41012,103.32,104.1,,
41015,103.37,103.32,,
41016,104.64,103.37,,
41017,103.12,104.64,,
41018,102.72,103.12,,
41019,103.88,102.72,,
41022,103.55,103.88,,
41023,103.96,103.55,,
41024,104.5,103.96,,
41025,104.94,104.5,,
41026,105.32,104.94,,
41029,105.26,105.32,,
41030,106.5,105.26,,
41031,105.58,106.5,,
41032,102.92,105.58,,
41033,98.88,102.92,,
41036,98.31,98.88,,
41037,97.37,98.31,,
41038,97.15,97.37,,
41039,97.41,97.15,,
41040,96.49,97.41,,
41043,95.13,96.49,,
41044,94.35,95.13,,
41045,93.19,94.35,,
41046,92.94,93.19,,
41047,91.8,92.94,,
41050,92.86,91.8,,
41051,91.85,92.86,,
41052,90.2,91.85,,
41053,90.94,90.2,,
41054,91.15,90.94,,
41058,91.09,91.15,,
41059,88.14,91.09,,
41060,86.85,88.14,,
41061,83.56,86.85,,
41064,84.27,83.56,,
41065,84.57,84.27,,
41066,85.33,84.57,,
41067,85.13,85.33,,
41068,84.39,85.13,,
41071,83,84.39,,
41072,83.62,83,,
41073,82.92,83.62,,
41074,84.22,82.92,,
41075,84.33,84.22,,
41078,83.6,84.33,,
41079,84.35,83.6,,
41080,81.45,84.35,,
41081,78.56,81.45,,
41082,80.14,78.56,,
41085,79.62,80.14,,
41086,79.77,79.62,,
41087,80.61,79.77,,
41088,78.1,80.61,,
41089,85.37,78.1,,
41092,84.15,85.37,,
41093,88.03,84.15,,
41095,87.57,88.03,,
41096,84.83,87.57,,
41099,86.37,84.83,,
41100,84.3,86.37,,
41101,86.19,84.3,,
41102,86.46,86.19,,
41103,87.5,86.46,,
41106,88.81,87.5,,
41107,89.54,88.81,,
41108,90.17,89.54,,
41109,92.97,90.17,,
41110,91.83,92.97,,
41113,88.43,91.83,,
41114,88.78,88.43,,
41115,89.25,88.78,,
41116,89.67,89.25,,
41117,90.42,89.67,,
41120,90.06,90.42,,
41121,88.34,90.06,,
41122,89.17,88.34,,
41123,87.41,89.17,,
41124,91.64,87.41,,
41127,92.46,91.64,,
41128,93.94,92.46,,
41129,93.63,93.94,,
41130,93.63,93.63,,
41131,93.15,93.63,,
41134,93.03,93.15,,
41135,93.74,93.03,,
41136,94.62,93.74,,
41137,95.89,94.62,,
41138,96.32,95.89,,
41141,96.26,96.32,,
41142,96.84,96.26,,
41143,97.55,96.84,,
41144,96.6,97.55,,
41145,96.45,96.6,,
41148,95.79,96.45,,
41149,96.63,95.79,,
41150,95.81,96.63,,
41151,94.96,95.81,,
41152,96.76,94.96,,
41156,95.64,96.76,,
41157,95.69,95.64,,
41158,95.85,95.69,,
41159,96.75,95.85,,
41162,96.88,96.75,,
41163,97.5,96.88,,
41164,97.34,97.5,,
41165,98.63,97.34,,
41166,99.33,98.63,,
41169,96.95,99.33,,
41170,95.62,96.95,,
41171,92.3,95.62,,
41172,92.42,92.3,,
41173,93.21,92.42,,
41176,92.25,93.21,,
41177,91.71,92.25,,
41178,90.34,91.71,,
41179,92.21,90.34,,
41180,92.56,92.21,,
41183,92.85,92.56,,
41184,92.27,92.85,,
41185,88.52,92.27,,
41186,92.07,88.52,,
41187,90.27,92.07,,
41190,89.73,90.27,,
41191,92.78,89.73,,
41192,91.64,92.78,,
41193,92.5,91.64,,
41194,92.28,92.5,,
41197,92.32,92.28,,
41198,92.54,92.32,,
41199,92.59,92.54,,
41200,92.53,92.59,,
41201,90.44,92.53,,
41204,88.65,90.44,,
41205,87.23,88.65,,
41206,86.29,87.23,,
41207,86.6,86.29,,
41208,86.8,86.6,,
41211,86.05,86.8,,
41212,86.19,86.05,,
41213,86.73,86.19,,
41214,87.57,86.73,,
41215,85.4,87.57,,
41218,86.14,85.4,,
41219,89.17,86.14,,
41220,84.91,89.17,,
41221,85.56,84.91,,
41222,86.55,85.56,,
41225,86.07,86.55,,
41226,85.84,86.07,,
41227,86.75,85.84,,
41228,85.87,86.75,,
41229,86.92,85.87,,
41232,89.8,86.92,,
41233,87.35,89.8,,
41234,87.98,87.35,,
41236,88.9,87.98,,
41239,88.37,88.9,,
41240,87.81,88.37,,
41241,87.13,87.81,,
41242,88.66,87.13,,
41243,89.49,88.66,,
41246,89.69,89.49,,
41247,89.08,89.69,,
41248,88.47,89.08,,
41249,86.85,88.47,,
41250,86.5,86.85,,
41253,86.1,86.5,,
41254,86.32,86.1,,
41255,87.31,86.32,,
41256,86.44,87.31,,
41257,87.25,86.44,,
41260,87.67,87.25,,
41261,88.4,87.67,,
41262,89.98,88.4,,
41263,90.69,89.98,,
41264,89.23,90.69,,
41267,89.17,89.23,,
41269,91.49,89.17,,
41270,91.37,91.49,,
41271,91.3,91.37,,
41274,92.27,91.3,,
41276,93.55,92.27,,
41277,93.34,93.55,,
41278,93.51,93.34,,
41281,93.63,93.51,,
41282,93.6,93.63,,
41283,93.56,93.6,,
41284,94.27,93.56,,
41285,93.99,94.27,,
41288,94.59,93.99,,
41289,93.72,94.59,,
41290,94.68,93.72,,
41291,95.94,94.68,,
41292,96.04,95.94,,
41296,96.68,96.04,,
41297,95.75,96.68,,
41298,96.45,95.75,,
41299,96.33,96.45,,
41302,96.87,96.33,,
41303,97.99,96.87,,
41304,98.38,97.99,,
41305,97.96,98.38,,
41306,98.24,97.96,,
41309,96.66,98.24,,
41310,97.11,96.66,,
41311,97.09,97.11,,
41312,96.35,97.09,,
41313,96.27,96.35,,
41316,97.58,96.27,,
41317,98.07,97.58,,
41318,97.6,98.07,,
41319,97.9,97.6,,
41320,96.41,97.9,,
41324,97.1,96.41,,
41325,95.22,97.1,,
41326,93.27,95.22,,
41327,93.57,93.27,,
41330,93.53,93.57,,
41331,93.05,93.53,,
41332,93.15,93.05,,
41333,92.46,93.15,,
41334,91.14,92.46,,
41337,90.58,91.14,,
41338,91.28,90.58,,
41339,90.9,91.28,,
41340,92.03,90.9,,
41341,92.43,92.03,,
41344,92.52,92.43,,
41345,92.92,92.52,,
41346,92.88,92.92,,
41347,93.38,92.88,,
41348,93.82,93.38,,
41351,94.11,93.82,,
41352,92.52,94.11,,
41353,93.5,92.52,,
41354,92.77,93.5,,
41355,93.96,92.77,,
41358,95.09,93.96,,
41359,96.61,95.09,,
41360,96.84,96.61,,
41361,97.49,96.84,,
41365,97.38,97.49,,
41366,97.5,97.38,,
41367,94.77,97.5,,
41368,93.56,94.77,,
41369,93.01,93.56,,
41372,93.68,93.01,,
41373,94.51,93.68,,
41374,94.97,94.51,,
41375,93.85,94.97,,
41376,91.61,93.85,,
41379,89.03,91.61,,
41380,89.03,89.03,,
41381,86.97,89.03,,
41382,88,86.97,,
41383,88.27,88,,
41386,89.19,88.27,,
41387,89.46,89.19,,
41388,91.69,89.46,,
41389,93.91,91.69,,
41390,93.25,93.91,,
41393,94.72,93.25,,
41394,93.68,94.72,,
41395,91.24,93.68,,
41396,94.2,91.24,,
41397,95.82,94.2,,
41400,96.39,95.82,,
41401,95.86,96.39,,
41402,96.85,95.86,,
41403,96.66,96.85,,
41404,96.29,96.66,,
41407,95.41,96.29,,
41408,94.48,95.41,,
41409,94.56,94.48,,
41410,95.45,94.56,,
41411,96.29,95.45,,
41414,96.93,96.29,,
41415,96.18,96.93,,
41416,94.46,96.18,,
41417,94.42,94.46,,
41418,94.34,94.42,,
41422,95.2,94.34,,
41423,93.35,95.2,,
41424,93.8,93.35,,
41425,92.21,93.8,,
41428,93.67,92.21,,
41429,93.55,93.67,,
41430,93.96,93.55,,
41431,94.98,93.96,,
41432,96.27,94.98,,
41435,96,96.27,,
41436,95.6,96,,
41437,96.1,95.6,,
41438,96.92,96.1,,
41439,98.07,96.92,,
41442,98.03,98.07,,
41443,98.67,98.03,,
41444,98.48,98.67,,
41445,95.14,98.48,,
41446,93.63,95.14,,
41449,95.04,93.63,,
41450,95.21,95.04,,
41451,95.41,95.21,,
41452,96.89,95.41,,
41453,96.44,96.89,,
41456,97.88,96.44,,
41457,99.42,97.88,,
41458,101.11,99.42,,
41460,103.05,101.11,,
41463,103.02,103.05,,
41464,103.31,103.02,,
41465,105.62,103.31,,
41466,104.38,105.62,,
41467,105.55,104.38,,
41470,105.92,105.55,,
41471,105.69,105.92,,
41472,106.35,105.69,,
41473,107.81,106.35,,
41474,107.87,107.81,,
41477,106.94,107.87,,
41478,105.79,106.94,,
41479,104.1,105.79,,
41480,104.47,104.1,,
41481,104.01,104.47,,
41484,103.9,104.01,,
41485,102.5,103.9,,
41486,104.22,102.5,,
41487,106.93,104.22,,
41488,106.24,106.93,,
41491,105.9,106.24,,
41492,104.76,105.9,,
41493,103.91,104.76,,
41494,102.87,103.91,,
41495,105.16,102.87,,
41498,105.52,105.16,,
41499,106.4,105.52,,
41500,106.56,106.4,,
41501,107.19,106.56,,
41502,107.29,107.19,,
41505,106.86,107.29,,
41506,105.11,106.86,,
41507,103.37,105.11,,
41508,104.33,103.37,,
41509,105.72,104.33,,
41512,105.35,105.72,,
41513,108.3,105.35,,
41514,109.37,108.3,,
41515,108.15,109.37,,
41516,107.08,108.15,,
41520,107.85,107.08,,
41521,106.59,107.85,,
41522,107.67,106.59,,
41523,109.52,107.67,,
41526,108.47,109.52,,
41527,106.49,108.47,,
41528,106.64,106.49,,
41529,107.75,106.64,,
41530,107.54,107.75,,
41533,106.19,107.54,,
41534,104.82,106.19,,
41535,107.28,104.82,,
41536,105.86,107.28,,
41537,104.75,105.86,,
41540,102.72,104.75,,
41541,102.48,102.72,,
41542,102.05,102.48,,
41543,102.52,102.05,,
41544,102.34,102.52,,
41547,101.9,102.34,,
41548,101.69,101.9,,
41549,103.64,101.69,,
41550,102.97,103.64,,
41551,103.53,102.97,,
41554,102.83,103.53,,
41555,103.31,102.83,,
41556,101.43,103.31,,
41557,102.89,101.43,,
41558,102.06,102.89,,
41561,102.48,102.06,,
41562,101.41,102.48,,
41563,102.49,101.41,,
41564,100.87,102.49,,
41565,101.11,100.87,,
41568,99.68,101.11,,
41569,98.3,99.68,,
41570,97,98.3,,
41571,97.24,97,,
41572,97.95,97.24,,
41575,98.86,97.95,,
41576,98.38,98.86,,
41577,97.06,98.38,,
41578,96.65,97.06,,
41579,94.96,96.65,,
41582,94.98,94.96,,
41583,93.73,94.98,,
41584,95.13,93.73,,
41585,94.54,95.13,,
41586,94.95,94.54,,
41589,95.47,94.95,,
41590,93.52,95.47,,
41591,94.49,93.52,,
41592,94.41,94.49,,
41593,94.49,94.41,,
41596,93.68,94.49,,
41597,93.89,93.68,,
41598,93.85,93.89,,
41599,95.69,93.85,,
41600,95.15,95.69,,
41603,94.4,95.15,,
41604,94,94.4,,
41605,92.63,94,,
41607,93.01,92.63,,
41610,94.1,93.01,,
41611,96.27,94.1,,
41612,97.43,96.27,,
41613,97.61,97.43,,
41614,97.9,97.61,,
41617,97.56,97.9,,
41618,98.66,97.56,,
41619,97.72,98.66,,
41620,97.82,97.72,,
41621,96.93,97.82,,
41624,97.77,96.93,,
41625,97.47,97.77,,
41626,98.06,97.47,,
41627,99.04,98.06,,
41628,99.26,99.04,,
41631,98.89,99.26,,
41632,99.34,98.89,,
41634,99.62,99.34,,
41635,100.39,99.62,,
41638,99.43,100.39,,
41639,98.55,99.43,,
41641,95.62,98.55,,
41642,94.14,95.62,,
41645,93.58,94.14,,
41646,93.84,93.58,,
41647,92.53,93.84,,
41648,91.89,92.53,,
41649,92.95,91.89,,
41652,92.01,92.95,,
41653,92.78,92.01,,
41654,94.35,92.78,,
41655,94.1,94.35,,
41656,94.59,94.1,,
41660,94.97,94.59,,
41661,96.37,94.97,,
41662,96.76,96.37,,
41663,96.22,96.76,,
41666,95.36,96.22,,
41667,96.96,95.36,,
41668,96.88,96.96,,
41669,97.66,96.88,,
41670,96.71,97.66,,
41673,95.72,96.71,,
41674,96.46,95.72,,
41675,96.76,96.46,,
41676,97.32,96.76,,
41677,99.35,97.32,,
41680,99.44,99.35,,
41681,99.44,99.44,,
41682,99.92,99.44,,
41683,100.05,99.92,,
41684,100.13,100.05,,
41688,102.1,100.13,,
41689,102.84,102.1,,
41690,102.75,102.84,,
41691,101.37,102.75,,
41694,102.06,101.37,,
41695,101.12,102.06,,
41696,101.77,101.12,,
41697,101.62,101.77,,
41698,101.89,101.62,,
41701,104.22,101.89,,
41702,102.68,104.22,,
41703,100.88,102.68,,
41704,101.02,100.88,,
41705,101.99,101.02,,
41708,100.59,101.99,,
41709,99.59,100.59,,
41710,97.68,99.59,,
41711,97.94,97.68,,
41712,98.56,97.94,,
41715,97.62,98.56,,
41716,98.88,97.62,,
41717,99.17,98.88,,
41718,98.9,99.17,,
41719,98.65,98.9,,
41722,98.83,98.65,,
41723,98.53,98.83,,
41724,99.53,98.53,,
41725,100.53,99.53,,
41726,100.89,100.53,,
41729,100.82,100.89,,
41730,99.05,100.82,,
41731,98.9,99.05,,
41732,99.63,98.9,,
41733,100.46,99.63,,
41736,99.78,100.46,,
41737,101.81,99.78,,
41738,102.65,101.81,,
41739,102.38,102.65,,
41740,102.62,102.38,,
41743,103.21,102.62,,
41744,103,103.21,,
41745,103.03,103,,
41746,103.37,103.03,,
41750,103.65,103.37,,
41751,101.75,103.65,,
41752,100.85,101.75,,
41753,101.35,100.85,,
41754,100.03,101.35,,
41757,100.11,100.03,,
41758,100.59,100.11,,
41759,99.11,100.59,,
41760,98.75,99.11,,
41761,99.04,98.75,,
41764,98.73,99.04,,
41765,98.65,98.73,,
41766,99.96,98.65,,
41767,99.54,99.96,,
41768,99.31,99.54,,
41771,99.94,99.31,,
41772,101.05,99.94,,
41773,101.74,101.05,,
41774,101.13,101.74,,
41775,101.58,101.13,,
41778,102.11,101.58,,
41779,102.33,102.11,,
41780,103.16,102.33,,
41781,102.87,103.16,,
41782,103.43,102.87,,
41786,103.18,103.43,,
41787,101.99,103.18,,
41788,102.78,101.99,,
41789,101.98,102.78,,
41792,101.79,101.98,,
41793,101.97,101.79,,
41794,101.93,101.97,,
41795,101.81,101.93,,
41796,101.94,101.81,,
41799,103.59,101.94,,
41800,103.49,103.59,,
41801,103.62,103.49,,
41802,105.78,103.62,,
41803,106.17,105.78,,
41806,106.3,106.17,,
41807,105.87,106.3,,
41808,105.59,105.87,,
41809,106.05,105.59,,
41810,106.83,106.05,,
41813,105.42,106.83,,
41814,105.32,105.42,,
41815,105.72,105.32,,
41816,105.11,105.72,,
41817,105.04,105.11,,
41820,104.73,105.04,,
41821,104.74,104.73,,
41822,103.91,104.74,,
41823,103.51,103.91,,
41827,103.03,103.51,,
41828,102.79,103.03,,
41829,101.75,102.79,,
41830,102.4,101.75,,
41831,100.3,102.4,,
41834,100.48,100.3,,
41835,99.53,100.48,,
41836,100.6,99.53,,
41837,102.2,100.6,,
41838,101.95,102.2,,
41841,102.86,101.95,,
41842,102.39,102.86,,
41843,101.65,102.39,,
41844,100.72,101.65,,
41845,100.87,100.72,,
41848,100.32,100.87,,
41849,99.73,100.32,,
41850,99.04,99.73,,
41851,97.32,99.04,,
41852,96.94,97.32,,
41855,97.36,96.94,,
41856,96.57,97.36,,
41857,96.24,96.57,,
41858,96.69,96.24,,
41859,96.84,96.69,,
41862,97.21,96.84,,
41863,96.48,97.21,,
41864,96.74,96.48,,
41865,94.08,96.74,,
41866,95.32,94.08,,
41869,93.75,95.32,,
41870,92.86,93.75,,
41871,93.45,92.86,,
41872,93.38,93.45,,
41873,93.17,93.38,,
41876,92.88,93.17,,
41877,93.36,92.88,,
41878,93.34,93.36,,
41879,93.83,93.34,,
41880,95.02,93.83,,
41884,92.1,95.02,,
41885,94.68,92.1,,
41886,93.71,94.68,,
41887,92.71,93.71,,
41890,92.05,92.71,,
41891,91.89,92.05,,
41892,90.84,91.89,,
41893,91.86,90.84,,
41894,91.37,91.86,,
41897,91.99,91.37,,
41898,93.81,91.99,,
41899,93.2,93.81,,
41900,91.98,93.2,,
41901,91.65,91.98,,
41904,90.87,91.65,,
41905,90.91,90.87,,
41906,92.07,90.91,,
41907,91.78,92.07,,
41908,92.62,91.78,,
41911,93.49,92.62,,
41912,90.27,93.49,,
41913,89.74,90.27,,
41914,89.88,89.74,,
41915,88.67,89.88,,
41918,89.34,88.67,,
41919,87.98,89.34,,
41920,86.59,87.98,,
41921,85.05,86.59,,
41922,85.11,85.05,,
41925,84.98,85.11,,
41926,81.2,84.98,,
41927,80.94,81.2,,
41928,81.95,80.94,,
41929,82.06,81.95,,
41932,81.91,82.06,,
41933,82.49,81.91,,
41934,80.13,82.49,,
41935,81.75,80.13,,
41936,80.8,81.75,,
41939,80.7,80.8,,
41940,81.12,80.7,,
41941,81.96,81.12,,
41942,80.9,81.96,,
41943,80.42,80.9,,
41946,78.84,80.42,,
41947,77.19,78.84,,
41948,78.6,77.19,,
41949,77.87,78.6,,
41950,78.6,77.87,,
41953,77.38,78.6,,
41954,77.87,77.38,,
41955,77.15,77.87,,
41956,74.16,77.15,,
41957,75.82,74.16,,
41960,75.66,75.82,,
41961,74.64,75.66,,
41962,74.5,74.64,,
41963,75.85,74.5,,
41964,76.59,75.85,,
41967,75.87,76.59,,
41968,74.17,75.87,,
41969,73.76,74.17,,
41971,66.26,73.76,,
41974,69.1,66.26,,
41975,67,69.1,,
41976,67.46,67,,
41977,66.9,67.46,,
41978,65.96,66.9,,
41981,63.21,65.96,,
41982,63.98,63.21,,
41983,61.16,63.98,,
41984,60.19,61.16,,
41985,58.08,60.19,,
41988,56.26,58.08,,
41989,56.26,56.26,,
41990,56.79,56.26,,
41991,54.36,56.79,,
41992,57.13,54.36,,
41995,55.63,57.13,,
41996,57.48,55.63,,
41997,56.22,57.48,,
41999,55.13,56.22,,
42002,54.03,55.13,,
42003,54.53,54.03,,
42004,53.7,54.53,,
42006,53.11,53.7,,
42009,50.52,53.11,,
42010,48.46,50.52,,
42011,49.08,48.46,,
42012,49.28,49.08,,
42013,48.99,49.28,,
42016,46.76,48.99,,
42017,46.51,46.76,,
42018,48.96,46.51,,
42019,46.73,48.96,,
42020,49.13,46.73,,
42024,46.47,49.13,,
42025,48.43,46.47,,
42026,46.98,48.43,,
42027,46.32,46.98,,
42030,45.88,46.32,,
42031,46.95,45.88,,
42032,45.23,46.95,,
42033,45.3,45.23,,
42034,48.99,45.3,,
42037,50.45,48.99,,
42038,53.86,50.45,,
42039,49.3,53.86,,
42040,51.31,49.3,,
42041,52.5,51.31,,
42044,53.67,52.5,,
42045,50.93,53.67,,
42046,49.78,50.93,,
42047,52.16,49.78,,
42048,53.67,52.16,,
42052,54.29,53.67,,
42053,52.82,54.29,,
42054,51.83,52.82,,
42055,50.81,51.83,,
42058,51.01,50.81,,
42059,50.83,51.01,,
42060,52.76,50.83,,
42061,50.39,52.76,,
42062,52.14,50.39,,
42065,51.52,52.14,,
42066,52.5,51.52,,
42067,53.23,52.5,,
42068,52.55,53.23,,
42069,51.47,52.55,,
42072,51.66,51.47,,
42073,50.07,51.66,,
42074,50.02,50.07,,
42075,49.13,50.02,,
42076,47.06,49.13,,
42079,46.13,47.06,,
42080,45.19,46.13,,
42081,46.65,45.19,,
42082,45.53,46.65,,
42083,46.57,45.53,,
42086,49.15,46.57,,
42087,49.13,49.15,,
42088,50.78,49.13,,
42089,53.04,50.78,,
42090,50.5,53.04,,
42093,50.41,50.5,,
42094,49.34,50.41,,
42095,51.75,49.34,,
42096,50.6,51.75,,
42100,53.57,50.6,,
42101,55.23,53.57,,
42102,51.87,55.23,,
42103,52.49,51.87,,
42104,53.51,52.49,,
42107,53.74,53.51,,
42108,54.87,53.74,,
42109,57.69,54.87,,
42110,58.11,57.69,,
42111,57.32,58.11,,
42114,57.88,57.32,,
42115,56.61,57.88,,
42116,57.57,56.61,,
42117,59.26,57.57,,
42118,58.9,59.26,,
42121,58.62,58.9,,
42122,58.53,58.62,,
42123,59.86,58.53,,
42124,60.71,59.86,,
42125,60.36,60.71,,
42128,60.16,60.36,,
42129,61.5,60.16,,
42130,62,61.5,,
42131,59.92,62,,
42132,60.35,59.92,,
42135,60.29,60.35,,
42136,61.74,60.29,,
42137,61.49,61.74,,
42138,60.84,61.49,,
42139,60.54,60.84,,
42142,60.24,60.54,,
42143,57.99,60.24,,
42144,59.47,57.99,,
42145,61.15,59.47,,
42146,60.15,61.15,,
42150,58.48,60.15,,
42151,57.86,58.48,,
42152,58.02,57.86,,
42153,60.6,58.02,,
42156,60.48,60.6,,
42157,61.52,60.48,,
42158,59.93,61.52,,
42159,58.34,59.93,,
42160,59.56,58.34,,
42163,58.61,59.56,,
42164,60.61,58.61,,
42165,61.82,60.61,,
42166,61.22,61.82,,
42167,60.4,61.22,,
42170,60,60.4,,
42171,60.45,60,,
42172,60.33,60.45,,
42173,60.82,60.33,,
42174,59.97,60.82,,
42177,60.38,59.97,,
42178,61.33,60.38,,
42179,60.58,61.33,,
42180,60,60.58,,
42181,59.97,60,,
42184,58.68,59.97,,
42185,59.83,58.68,,
42186,57.37,59.83,,
42187,57.3,57.37,,
42191,52.84,57.3,,
42192,52.71,52.84,,
42193,52.09,52.71,,
42194,53.23,52.09,,
42195,53.22,53.23,,
42198,52.71,53.22,,
42199,53.48,52.71,,
42200,51.79,53.48,,
42201,51.24,51.79,,
42202,51.21,51.24,,
42205,50.44,51.21,,
42206,50.86,50.44,,
42207,49.67,50.86,,
42208,48.92,49.67,,
42209,48.61,48.92,,
42212,47.85,48.61,,
42213,48.41,47.85,,
42214,49.16,48.41,,
42215,48.91,49.16,,
42216,47.53,48.91,,
42219,45.56,47.53,,
42220,46.13,45.56,,
42221,45.55,46.13,,
42222,45.09,45.55,,
42223,44.36,45.09,,
42226,45.66,44.36,,
42227,43.87,45.66,,
42228,44.01,43.87,,
42229,42.98,44.01,,
42230,43.11,42.98,,
42233,42.41,43.11,,
42234,43.12,42.41,,
42235,41.27,43.12,,
42236,41.32,41.27,,
42237,41.19,41.32,,
42240,38.93,41.19,,
42241,39.95,38.93,,
42242,39.37,39.95,,
42243,43.37,39.37,,
42244,45.98,43.37,,
42247,49.93,45.98,,
42248,46.02,49.93,,
42249,46.86,46.02,,
42250,47.32,46.86,,
42251,46.63,47.32,,
42255,46.59,46.63,,
42256,44.8,46.59,,
42257,46.44,44.8,,
42258,45.16,46.44,,
42261,44.43,45.16,,
42262,45,44.43,,
42263,47.51,45,,
42264,47.2,47.51,,
42265,45.02,47.2,,
42268,46.96,45.02,,
42269,46.36,46.96,,
42270,45.1,46.36,,
42271,45.48,45.1,,
42272,46.19,45.48,,
42275,44.87,46.19,,
42276,45.64,44.87,,
42277,45.56,45.64,,
42278,45.22,45.56,,
42279,46,45.22,,
42282,46.75,46,,
42283,49.02,46.75,,
42284,48.4,49.02,,
42285,50,48.4,,
42286,50.14,50,,
42289,47.61,50.14,,
42290,47.15,47.61,,
42291,47.16,47.15,,
42292,46.87,47.16,,
42293,47.72,46.87,,
42296,46.28,47.72,,
42297,46.29,46.28,,
42298,45.92,46.29,,
42299,46.12,45.92,,
42300,45.47,46.12,,
42303,44.9,45.47,,
42304,44.12,44.9,,
42305,46.82,44.12,,
42306,46.9,46.82,,
42307,47.47,46.9,,
42310,47.04,47.47,,
42311,48.8,47.04,,
42312,47.21,48.8,,
42313,46.24,47.21,,
42314,45.47,46.24,,
42317,45.12,45.47,,
42318,45.44,45.12,,
42319,44.2,45.44,,
42320,43.03,44.2,,
42321,42,43.03,,
42324,42.79,42,,
42325,41.71,42.79,,
42326,41.95,41.71,,
42327,41.72,41.95,,
42328,41.9,41.72,,
42331,43.15,41.9,,
42332,44.33,43.15,,
42333,44.39,44.33,,
42335,43.06,44.39,,
42338,42.96,43.06,,
42339,43.13,42.96,,
42340,41.38,43.13,,
42341,42.5,41.38,,
42342,41.39,42.5,,
42345,39.3,41.39,,
42346,39.01,39.3,,
42347,38.72,39.01,,
42348,38.43,38.72,,
42349,37.25,38.43,,
42352,37.6,37.25,,
42353,38.51,37.6,,
42354,36.75,38.51,,
42355,36.27,36.75,,
42356,36.06,36.27,,
42359,35.81,36.06,,
42360,37.06,35.81,,
42361,38.42,37.06,,
42362,39.11,38.42,,
42366,37.82,39.11,,
42367,38.86,37.82,,
42368,37.64,38.86,,
42369,38.17,37.64,,
42373,37.95,38.17,,
42374,37.18,37.95,,
42375,35.2,37.18,,
42376,34.49,35.2,,
42377,34.32,34.49,,
42380,32.52,34.32,,
42381,31.52,32.52,,
42382,31.39,31.52,,
42383,32.11,31.39,,
42384,30.39,32.11,,
42388,29.57,30.39,,
42389,28.35,29.57,,
42390,30.83,28.35,,
42391,33.51,30.83,,
42394,31.8,33.51,,
42395,32.9,31.8,,
42396,33.76,32.9,,
42397,34.71,33.76,,
42398,35.28,34.71,,
42401,33.36,35.28,,
42402,31.61,33.36,,
42403,33.86,31.61,,
42404,33.38,33.86,,
42405,32.72,33.38,,
42408,31.64,32.72,,
42409,29.74,31.64,,
42410,29.66,29.74,,
42411,28.83,29.66,,
42412,31.91,28.83,,
42416,30.97,31.91,,
42417,32.98,30.97,,
42418,32.93,32.98,,
42419,31.75,32.93,,
42422,33.39,31.75,,
42423,33.6,33.39,,
42424,34.07,33.6,,
42425,34.83,34.07,,
42426,34.58,34.83,,
42429,35.58,34.58,,
42430,36.15,35.58,,
42431,36.3,36.15,,
42432,36.33,36.3,,
42433,37.75,36.33,,
42436,39.82,37.75,,
42437,38.42,39.82,,
42438,40.07,38.42,,
42439,39.4,40.07,,
42440,40.09,39.4,,
42443,38.84,40.09,,
42444,38.08,38.84,,
42445,40,38.08,,
42446,41.66,40,,
42447,41.14,41.66,,
42450,41.52,41.14,,
42451,42.44,41.52,,
42452,40.87,42.44,,
42453,40.63,40.87,,
42457,40.53,40.63,,
42458,39.51,40.53,,
42459,39.66,39.51,,
42460,39.75,39.66,,
42461,38.2,39.75,,
42464,37.03,38.2,,
42465,37.11,37.03,,
42466,38.98,37.11,,
42467,38.49,38.98,,
42468,40.99,38.49,,
42471,41.75,40.99,,
42472,43.5,41.75,,
42473,43.01,43.5,,
42474,42.67,43.01,,
42475,41.71,42.67,,
42478,41.19,41.71,,
42479,42.47,41.19,,
42480,44.18,42.47,,
42481,43.98,44.18,,
42482,44.54,43.98,,
42485,43.59,44.54,,
42486,44.89,43.59,,
42487,46.2,44.89,,
42488,46.87,46.2,,
42489,46.69,46.87,,
42492,45.48,46.69,,
42493,44.41,45.48,,
42494,44.42,44.41,,
42495,44.91,44.42,,
42496,45.32,44.91,,
42499,44.03,45.32,,
42500,45.35,44.03,,
42501,47.01,45.35,,
42502,47.45,47.01,,
42503,46.9,47.45,,
42506,48.42,46.9,,
42507,48.99,48.42,,
42508,48.78,48.99,,
42509,48.67,48.78,,
42510,48.41,48.67,,
42513,48.57,48.41,,
42514,49.06,48.57,,
42515,49.96,49.06,,
42516,49.88,49.96,,
42517,49.74,49.88,,
42521,49.53,49.74,,
42522,49.49,49.53,,
42523,49.66,49.49,,
42524,49.11,49.66,,
42527,50.17,49.11,,
42528,50.92,50.17,,
42529,51.84,50.92,,
42530,51.22,51.84,,
42531,49.72,51.22,,
42534,49.52,49.72,,
42535,49.06,49.52,,
42536,48.5,49.06,,
42537,46.74,48.5,,
42538,48.56,46.74,,
42541,49.96,48.56,,
42542,49.85,49.96,,
42543,49.78,49.85,,
42544,50.76,49.78,,
42545,48.31,50.76,,
42548,47.02,48.31,,
42549,48.59,47.02,,
42550,50.58,48.59,,
42551,49.01,50.58,,
42552,49.65,49.01,,
42556,47.29,49.65,,
42557,48.14,47.29,,
42558,45.84,48.14,,
42559,46.12,45.84,,
42562,45.52,46.12,,
42563,47.57,45.52,,
42564,45.44,47.57,,
42565,46.42,45.44,,
42566,46.65,46.42,,
42569,45.94,46.65,,
42570,45.45,45.94,,
42571,45.75,45.45,,
42572,45.45,45.75,,
42573,44.88,45.45,,
42576,43.87,44.88,,
42577,43.68,43.87,,
42578,42.61,43.68,,
42579,41.86,42.61,,
42580,42.33,41.86,,
42583,40.84,42.33,,
42584,40.3,40.84,,
42585,41.58,40.3,,
42586,42.69,41.58,,
42587,42.57,42.69,,
42590,43.76,42.57,,
42591,43.5,43.76,,
42592,42.46,43.5,,
42593,44.23,42.46,,
42594,45.18,44.23,,
42597,46.4,45.18,,
42598,47.22,46.4,,
42599,47.52,47.22,,
42600,48.89,47.52,,
42601,49.11,48.89,,
42604,47.41,49.11,,
42605,48.75,47.41,,
42606,47.48,48.75,,
42607,48.03,47.48,,
42608,48.33,48.03,,
42611,47.65,48.33,,
42612,46.99,47.65,,
42613,45.31,46.99,,
42614,43.75,45.31,,
42615,45.04,43.75,,
42619,45.46,45.04,,
42620,46.15,45.46,,
42621,48.26,46.15,,
42622,46.46,48.26,,
42625,46.84,46.46,,
42626,45.48,46.84,,
42627,44.15,45.48,,
42628,44.52,44.15,,
42629,43.62,44.52,,
42632,43.86,43.62,,
42633,44.05,43.86,,
42634,45.9,44.05,,
42635,46.88,45.9,,
42636,45.07,46.88,,
42639,46.49,45.07,,
42640,45.24,46.49,,
42641,47.65,45.24,,
42642,48.4,47.65,,
42643,48.82,48.4,,
42646,49.4,48.82,,
42647,49.3,49.4,,
42648,50.38,49.3,,
42649,50.98,50.38,,
42650,50.38,50.98,,
42653,51.87,50.38,,
42654,51.24,51.87,,
42655,50.64,51.24,,
42656,50.85,50.64,,
42657,50.75,50.85,,
42660,50.37,50.75,,
42661,50.62,50.37,,
42662,51.82,50.62,,
42663,50.63,51.82,,
42664,51.43,50.63,,
42667,51.16,51.43,,
42668,50.6,51.16,,
42669,49.83,50.6,,
42670,50.34,49.83,,
42671,49.33,50.34,,
42674,47.46,49.33,,
42675,47.24,47.46,,
42676,45.93,47.24,,
42677,45.25,45.93,,
42678,44.65,45.25,,
42681,45.47,44.65,,
42682,45.61,45.47,,
42683,45.94,45.61,,
42684,45.36,45.94,,
42685,44.15,45.36,,
42688,43.94,44.15,,
42689,46.39,43.94,,
42690,46.1,46.39,,
42691,45.98,46.1,,
42692,46.36,45.98,,
42695,48.24,46.36,,
42696,48.93,48.24,,
42697,48.86,48.93,,
42699,47,48.86,,
42702,47.99,47,,
42703,46.13,47.99,,
42704,50.34,46.13,,
42705,51.96,50.34,,
42706,52.65,51.96,,
42709,52.83,52.65,,
42710,51.97,52.83,,
42711,50.94,51.97,,
42712,51.88,50.94,,
42713,52.44,51.88,,
42716,53.75,52.44,,
42717,53.94,53.75,,
42718,52.09,53.94,,
42719,51.97,52.09,,
42720,52.95,51.97,,
42723,53.06,52.95,,
42724,53.3,53.06,,
42725,53.38,53.3,,
42726,53.86,53.38,,
42727,53.92,53.86,,
42731,54.79,53.92,,
42732,54.95,54.79,,
42733,54.72,54.95,,
42734,54.66,54.72,,
42738,53.29,54.66,,
42739,54.22,53.29,,
42740,54.68,54.22,,
42741,54.87,54.68,,
42744,52.87,54.87,,
42745,51.7,52.87,,
42746,53.06,51.7,,
42747,53.84,53.06,,
42748,53.15,53.84,,
42752,53.26,53.15,,
42753,51.89,53.26,,
42754,52.12,51.89,,
42755,53.22,52.12,,
42758,53.5,53.22,,
42759,53.86,53.5,,
42760,53.39,53.86,,
42761,54.38,53.39,,
42762,53.75,54.38,,
42765,53.24,53.75,,
42766,53.42,53.24,,
42767,54.49,53.42,,
42768,54.17,54.49,,
42769,54.47,54.17,,
42772,53.63,54.47,,
42773,52.78,53.63,,
42774,52.91,52.78,,
42775,53.46,52.91,,
42776,54.33,53.46,,
42779,53.43,54.33,,
42780,53.71,53.43,,
42781,53.6,53.71,,
42782,53.75,53.6,,
42783,53.78,53.75,,
42787,54.33,53.78,,
42788,53.93,54.33,,
42789,54.76,53.93,,
42790,54.32,54.76,,
42793,54.42,54.32,,
42794,54.43,54.42,,
42795,54.28,54.43,,
42796,53.07,54.28,,
42797,53.78,53.07,,
42800,53.71,53.78,,
42801,53.64,53.71,,
42802,50.83,53.64,,
42803,49.83,50.83,,
42804,49.03,49.83,,
42807,48.94,49.03,,
42808,48.35,48.94,,
42809,49.38,48.35,,
42810,49.24,49.38,,
42811,49.31,49.24,,
42814,48.91,49.31,,
42815,48.24,48.91,,
42816,48.58,48.24,,
42817,48.26,48.58,,
42818,48.51,48.26,,
42821,48.3,48.51,,
42822,48.9,48.3,,
42823,50,48.9,,
42824,50.78,50,,
42825,51.07,50.78,,
42828,50.71,51.07,,
42829,51.51,50.71,,
42830,51.6,51.51,,
42831,52.13,51.6,,
42832,52.64,52.13,,
42835,53.48,52.64,,
42836,53.79,53.48,,
42837,53.52,53.79,,
42838,53.6,53.52,,
42842,53.11,53.6,,
42843,52.85,53.11,,
42844,50.85,52.85,,
42845,50.71,50.85,,
42846,49.97,50.71,,
42849,49.58,49.97,,
42850,49.9,49.58,,
42851,49.96,49.9,,
42852,49.31,49.96,,
42853,49.62,49.31,,
42856,49.16,49.62,,
42857,47.99,49.16,,
42858,48.18,47.99,,
42859,45.9,48.18,,
42860,46.6,45.9,,
42863,46.84,46.6,,
42864,46.27,46.84,,
42865,47.7,46.27,,
42866,48.2,47.7,,
42867,48.17,48.2,,
42870,49.16,48.17,,
42871,49,49.16,,
42872,49.41,49,,
42873,49.66,49.41,,
42874,50.67,49.66,,
42877,51.13,50.67,,
42878,51.72,51.13,,
42879,51.59,51.72,,
42880,49.14,51.59,,
42881,50.05,49.14,,
42885,49.91,50.05,,
42886,48.56,49.91,,
42887,48.6,48.56,,
42888,47.87,48.6,,
42891,47.58,47.87,,
42892,48.34,47.58,,
42893,45.98,48.34,,
42894,45.89,45.98,,
42895,46.07,45.89,,
42898,46.32,46.07,,
42899,46.67,46.32,,
42900,44.93,46.67,,
42901,44.68,44.93,,
42902,44.97,44.68,,
42905,44.43,44.97,,
42906,43.51,44.43,,
42907,42.75,43.51,,
42908,42.97,42.75,,
42909,43.27,42.97,,
42912,43.61,43.27,,
42913,44.49,43.61,,
42914,44.99,44.49,,
42915,45.2,44.99,,
42916,46.29,45.2,,
42919,47.29,46.29,,
42921,45.34,47.29,,
42922,45.7,45.34,,
42923,44.39,45.7,,
42926,44.6,44.39,,
42927,45.23,44.6,,
42928,45.66,45.23,,
42929,46.25,45.66,,
42930,46.75,46.25,,
42933,46.23,46.75,,
42934,46.59,46.23,,
42935,47.32,46.59,,
42936,46.92,47.32,,
42937,45.95,46.92,,
42940,46.51,45.95,,
42941,48.02,46.51,,
42942,48.85,48.02,,
42943,49.17,48.85,,
42944,49.81,49.17,,
42947,50.26,49.81,,
42948,49.29,50.26,,
42949,49.73,49.29,,
42950,49.19,49.73,,
42951,49.73,49.19,,
42954,49.57,49.73,,
42955,49.35,49.57,,
42956,49.72,49.35,,
42957,48.75,49.72,,
42958,48.97,48.75,,
42961,47.73,48.97,,
42962,47.7,47.73,,
42963,46.94,47.7,,
42964,47.24,46.94,,
42965,48.66,47.24,,
42968,47.53,48.66,,
42969,47.83,47.53,,
42970,48.62,47.83,,
42971,47.7,48.62,,
42972,48.12,47.7,,
42975,46.96,48.12,,
42976,47,46.96,,
42977,46.51,47,,
42978,47.96,46.51,,
42979,47.99,47.96,,
42983,49.14,47.99,,
42984,49.62,49.14,,
42985,49.53,49.62,,
42986,48.06,49.53,,
42989,48.62,48.06,,
42990,48.75,48.62,,
42991,49.75,48.75,,
42992,50.35,49.75,,
42993,50.44,50.35,,
42996,50.35,50.44,,
42997,49.9,50.35,,
42998,50.69,49.9,,
42999,50.93,50.69,,
43000,51.03,50.93,,
43003,52.52,51.03,,
43004,52.19,52.52,,
43005,52.43,52.19,,
43006,51.87,52.43,,
43007,51.95,51.87,,
43010,50.9,51.95,,
43011,50.74,50.9,,
43012,50.32,50.74,,
43013,51.15,50.32,,
43014,49.65,51.15,,
43017,49.93,49.65,,
43018,51.23,49.93,,
43019,51.6,51.23,,
43020,50.93,51.6,,
43021,51.73,50.93,,
43024,52.14,51.73,,
43025,52.11,52.14,,
43026,52.26,52.11,,
43027,51.51,52.26,,
43028,51.84,51.51,,
43031,52.08,51.84,,
43032,52.67,52.08,,
43033,52.43,52.67,,
43034,52.86,52.43,,
43035,54.09,52.86,,
43038,54.37,54.09,,
43039,54.59,54.37,,
43040,54.51,54.59,,
43041,54.77,54.51,,
43042,55.86,54.77,,
43045,57.57,55.86,,
43046,57.43,57.57,,
43047,57.05,57.43,,
43048,57.39,57.05,,
43049,56.98,57.39,,
43052,56.97,56.98,,
43053,55.89,56.97,,
43054,55.52,55.89,,
43055,55.35,55.52,,
43056,56.71,55.35,,
43059,56.42,56.71,,
43060,56.92,56.42,,
43061,58.02,56.92,,
43063,58.91,58.02,,
43066,58.16,58.91,,
43067,58.05,58.16,,
43068,57.36,58.05,,
43069,57.45,57.36,,
43070,58.38,57.45,,
43073,57.49,58.38,,
43074,57.67,57.49,,
43075,56.03,57.67,,
43076,56.75,56.03,,
43077,57.44,56.75,,
43080,58.05,57.44,,
43081,57.16,58.05,,
43082,56.59,57.16,,
43083,57.08,56.59,,
43084,57.33,57.08,,
43087,57.22,57.33,,
43088,57.56,57.22,,
43089,58.13,57.56,,
43090,58.4,58.13,,
43091,58.54,58.4,,
43095,60,58.54,,
43096,59.69,60,,
43097,59.87,59.69,,
43098,60.44,59.87,,
43102,60.38,60.44,,
43103,61.55,60.38,,
43104,61.9,61.55,,
43105,61.41,61.9,,
43108,61.72,61.41,,
43109,62.87,61.72,,
43110,63.42,62.87,,
43111,63.68,63.42,,
43112,64.23,63.68,,
43116,63.67,64.23,,
43117,63.92,63.67,,
43118,63.89,63.92,,
43119,63.31,63.89,,
43122,63.57,63.31,,
43123,64.31,63.57,,
43124,65.36,64.31,,
43125,65.37,65.36,,
43126,65.97,65.37,,
43129,65.39,65.97,,
43130,64.35,65.39,,
43131,64.56,64.35,,
43132,65.55,64.56,,
43133,65.07,65.55,,
43136,63.83,65.07,,
43137,63.11,63.83,,
43138,61.55,63.11,,
43139,60.94,61.55,,
43140,58.99,60.94,,
43143,59.08,58.99,,
43144,59.03,59.08,,
43145,60.51,59.03,,
43146,61.17,60.51,,
43147,61.55,61.17,,
43151,61.79,61.55,,
43152,61.52,61.79,,
43153,62.6,61.52,,
43154,63.41,62.6,,
43157,63.77,63.41,,
43158,62.9,63.77,,
43159,61.47,62.9,,
43160,60.8,61.47,,
43161,61.09,60.8,,
43164,62.39,61.09,,
43165,62.45,62.39,,
43166,61.02,62.45,,
43167,60.06,61.02,,
43168,61.92,60.06,,
43171,61.33,61.92,,
43172,60.75,61.33,,
43173,61.02,60.75,,
43174,61.25,61.02,,
43175,62.41,61.25,,
43178,62.13,62.41,,
43179,63.54,62.13,,
43180,64.95,63.54,,
43181,64.18,64.95,,
43182,65.71,64.18,,
43185,65.41,65.71,,
43186,65.18,65.41,,
43187,64.35,65.18,,
43188,64.87,64.35,,
43192,62.99,64.87,,
43193,63.46,62.99,,
43194,63.33,63.46,,
43195,63.54,63.33,,
43196,62.1,63.54,,
43199,63.43,62.1,,
43200,65.44,63.43,,
43201,66.74,65.44,,
43202,66.95,66.74,,
43203,67.33,66.95,,
43206,66.2,67.33,,
43207,66.51,66.2,,
43208,68.47,66.51,,
43209,68.33,68.47,,
43210,68.4,68.33,,
43213,68.47,68.4,,
43214,67.57,68.47,,
43215,67.92,67.57,,
43216,68.08,67.92,,
43217,67.98,68.08,,
43220,68.48,67.98,,
43221,67.13,68.48,,
43222,67.77,67.13,,
43223,68.26,67.77,,
43224,69.58,68.26,,
43227,70.62,69.58,,
43228,68.97,70.62,,
43229,71.05,68.97,,
43230,71.31,71.05,,
43231,70.68,71.31,,
43234,70.99,70.68,,
43235,71.37,70.99,,
43236,71.56,71.37,,
43237,71.57,71.56,,
43238,71.37,71.57,,
43241,72.35,71.37,,
43242,72.2,72.35,,
43243,71.71,72.2,,
43244,70.58,71.71,,
43245,67.78,70.58,,
43249,66.62,67.78,,
43250,68.08,66.62,,
43251,66.91,68.08,,
43252,65.77,66.91,,
43255,64.68,65.77,,
43256,65.46,64.68,,
43257,64.7,65.46,,
43258,65.89,64.7,,
43259,65.67,65.89,,
43262,66.03,65.67,,
43263,66.28,66.03,,
43264,66.52,66.28,,
43265,66.69,66.52,,
43266,64.85,66.69,,
43269,65.69,64.85,,
43270,64.9,65.69,,
43271,65.71,64.9,,
43272,64.86,65.71,,
43273,67.63,64.86,,
43276,67.04,67.63,,
43277,69.28,67.04,,
43278,71.26,69.28,,
43279,71.81,71.26,,
43280,72.46,71.81,,
43283,71.62,72.46,,
43284,71.59,71.62,,
43286,70.63,71.59,,
43287,71.57,70.63,,
43290,71.98,71.57,,
43291,72.56,71.98,,
43292,68.86,72.56,,
43293,69.35,68.86,,
43294,69.95,69.35,,
43297,67.07,69.95,,
43298,67.16,67.07,,
43299,67.75,67.16,,
43300,68.24,67.75,,
43301,68.26,68.24,,
43304,66.75,68.26,,
43305,67.19,66.75,,
43306,68.01,67.19,,
43307,68.43,68.01,,
43308,67.73,68.43,,
43311,68.95,67.73,,
43312,67.63,68.95,,
43313,66.5,67.63,,
43314,67.66,66.5,,
43315,67.35,67.66,,
43318,67.94,67.35,,
43319,68.33,67.94,,
43320,66.25,68.33,,
43321,66.14,66.25,,
43322,66.94,66.14,,
43325,66.57,66.94,,
43326,66.33,66.57,,
43327,64.46,66.33,,
43328,64.88,64.46,,
43329,65.21,64.88,,
43332,65.42,65.21,,
43333,65.84,65.42,,
43334,67.51,65.84,,
43335,67.53,67.51,,
43336,68.36,67.53,,
43339,68.54,68.36,,
43340,68.22,68.54,,
43341,69.17,68.22,,
43342,69.81,69.17,,
43343,69.37,69.81,,
43347,69.56,69.37,,
43348,68.42,69.56,,
43349,67.52,68.42,,
43350,67.55,67.52,,
43353,67.41,67.55,,
43354,69.04,67.41,,
43355,70.16,69.04,,
43356,68.41,70.16,,
43357,68.77,68.41,,
43360,68.68,68.77,,
43361,69.59,68.68,,
43362,70.77,69.59,,
43363,70.32,70.77,,
43364,70.37,70.32,,
43367,71.76,70.37,,
43368,72.1,71.76,,
43369,71.41,72.1,,
43370,71.96,71.41,,
43371,73.06,71.96,,
43374,75.14,73.06,,
43375,75.04,75.14,,
43376,76.24,75.04,,
43377,74.25,76.24,,
43378,74.26,74.25,,
43381,74.17,74.26,,
43382,74.81,74.17,,
43383,73.03,74.81,,
43384,70.81,73.03,,
43385,71.18,70.81,,
43388,71.61,71.18,,
43389,71.76,71.61,,
43390,69.7,71.76,,
43391,68.71,69.7,,
43392,69.28,68.71,,
43395,69.36,69.28,,
43396,66.62,69.36,,
43397,66.96,66.62,,
43398,67.44,66.96,,
43399,67.75,67.44,,
43402,67.21,67.75,,
43403,66.31,67.21,,
43404,65.44,66.31,,
43405,63.81,65.44,,
43406,63.28,63.81,,
43409,63.21,63.28,,
43410,62.34,63.21,,
43411,61.82,62.34,,
43412,60.86,61.82,,
43413,60.36,60.86,,
43416,60.08,60.36,,
43417,55.84,60.08,,
43418,56.44,55.84,,
43419,56.68,56.44,,
43420,56.68,56.68,,
43423,57.2,56.68,,
43424,53.57,57.2,,
43425,54.8,53.57,,
43427,50.59,54.8,,
43430,51.8,50.59,,
43431,51.73,51.8,,
43432,50.49,51.73,,
43433,51.62,50.49,,
43434,51.09,51.62,,
43437,53.14,51.09,,
43438,53.46,53.14,,
43439,53.12,53.46,,
43440,51.7,53.12,,
43441,52.81,51.7,,
43444,51.2,52.81,,
43445,51.84,51.2,,
43446,51.36,51.84,,
43447,52.83,51.36,,
43448,51.47,52.83,,
43451,50.2,51.47,,
43452,46.6,50.2,,
43453,48.17,46.6,,
43454,46.19,48.17,,
43455,45.89,46.19,,
43458,42.82,45.89,,
43460,46.54,42.82,,
43461,44.9,46.54,,
43462,45.6,44.9,,
43465,45.72,45.6,,
43467,46.86,45.72,,
43468,47.4,46.86,,
43469,48.28,47.4,,
43472,48.82,48.28,,
43473,50.11,48.82,,
43474,52.69,50.11,,
43475,52.91,52.69,,
43476,51.91,52.91,,
43479,50.8,51.91,,
43480,52.39,50.8,,
43481,52.61,52.39,,
43482,52.36,52.61,,
43483,54.04,52.36,,
43487,53.01,54.04,,
43488,52.92,53.01,,
43489,53.42,52.92,,
43490,53.98,53.42,,
43493,52.29,53.98,,
43494,53.6,52.29,,
43495,54.47,53.6,,
43496,54.04,54.47,,
43497,55.55,54.04,,
43500,54.89,55.55,,
43501,54,54.89,,
43502,54.34,54,,
43503,53,54.34,,
43504,53.09,53,,
43507,52.78,53.09,,
43508,53.47,52.78,,
43509,54.31,53.47,,
43510,54.79,54.31,,
43511,55.98,54.79,,
43515,56.45,55.98,,
43516,57.16,56.45,,
43517,57.46,57.16,,
43518,57.75,57.46,,
43521,55.92,57.75,,
43522,55.97,55.92,,
43523,57.37,55.97,,
43524,57.61,57.37,,
43525,56.19,57.61,,
43528,56.97,56.19,,
43529,56.94,56.97,,
43530,56.62,56.94,,
43531,57.03,56.62,,
43532,56.43,57.03,,
43535,57.12,56.43,,
43536,57.2,57.12,,
43537,58.59,57.2,,
43538,58.91,58.59,,
43539,58.82,58.91,,
43542,59.38,58.82,,
43543,59.29,59.38,,
43544,60.23,59.29,,
43545,60.2,60.23,,
43546,59.29,60.2,,
43549,59.08,59.29,,
43550,60.1,59.08,,
43551,59.61,60.1,,
43552,59.48,59.61,,
43553,60.28,59.48,,
43556,61.71,60.28,,
43557,62.61,61.71,,
43558,62.52,62.61,,
43559,62.19,62.52,,
43560,63.15,62.19,,
43563,64.33,63.15,,
43564,63.96,64.33,,
43565,64.65,63.96,,
43566,63.67,64.65,,
43567,64.02,63.67,,
43570,63.56,64.02,,
43571,64.19,63.56,,
43572,63.87,64.19,,
43573,64.07,63.87,,
43577,65.55,64.07,,
43578,66.24,65.55,,
43579,65.89,66.24,,
43580,65.28,65.89,,
43581,63.38,65.28,,
43584,63.57,63.38,,
43585,63.98,63.57,,
43586,63.69,63.98,,
43587,61.9,63.69,,
43588,62.04,61.9,,
43591,62.37,62.04,,
43592,61.51,62.37,,
43593,62.22,61.51,,
43594,61.81,62.22,,
43595,61.8,61.81,,
43598,61.21,61.8,,
43599,61.96,61.21,,
43600,62.24,61.96,,
43601,63.06,62.24,,
43602,62.92,63.06,,
43605,63.21,62.92,,
43606,63.13,63.21,,
43607,61.5,63.13,,
43608,57.99,61.5,,
43609,58.71,57.99,,
43613,59.35,58.71,,
43614,58.95,59.35,,
43615,56.74,58.95,,
43616,53.64,56.74,,
43619,53.38,53.64,,
43620,53.63,53.38,,
43621,51.83,53.63,,
43622,52.73,51.83,,
43623,54.16,52.73,,
43626,53.48,54.16,,
43627,53.52,53.48,,
43628,51.37,53.52,,
43629,52.54,51.37,,
43630,52.77,52.54,,
43633,52.17,52.77,,
43634,54.11,52.17,,
43635,53.97,54.11,,
43636,57.07,53.97,,
43637,57.5,57.07,,
43640,57.93,57.5,,
43641,57.89,57.93,,
43642,59.43,57.89,,
43643,59.49,59.43,,
43644,58.52,59.49,,
43647,59.14,58.52,,
43648,56.34,59.14,,
43649,57.44,56.34,,
43651,57.59,57.44,,
43654,57.76,57.59,,
43655,57.94,57.76,,
43656,60.52,57.94,,
43657,60.28,60.52,,
43658,60.3,60.28,,
43661,59.68,60.3,,
43662,57.74,59.68,,
43663,56.92,57.74,,
43664,55.42,56.92,,
43665,55.76,55.42,,
43668,56.22,55.76,,
43669,56.85,56.22,,
43670,56,56.85,,
43671,56.16,56,,
43672,56.33,56.16,,
43675,56.96,56.33,,
43676,58.11,56.96,,
43677,58.63,58.11,,
43678,54.01,58.63,,
43679,55.67,54.01,,
43682,54.58,55.67,,
43683,53.59,54.58,,
43684,51.03,53.59,,
43685,52.46,51.03,,
43686,54.37,52.46,,
43689,54.85,54.37,,
43690,57.1,54.85,,
43691,55.25,57.1,,
43692,54.42,55.25,,
43693,54.81,54.42,,
43696,56.14,54.81,,
43697,56.13,56.14,,
43698,55.49,56.13,,
43699,55.16,55.49,,
43700,54.02,55.16,,
43703,53.5,54.02,,
43704,54.77,53.5,,
43705,55.6,54.77,,
43706,56.45,55.6,,
43707,54.89,56.45,,
43711,53.76,54.89,,
43712,56.1,53.76,,
43713,56.16,56.1,,
43714,56.43,56.16,,
43717,57.73,56.43,,
43718,57.29,57.73,,
43719,55.67,57.29,,
43720,55.05,55.67,,
43721,54.8,55.05,,
43724,62.67,54.8,,
43725,59.1,62.67,,
43726,58.04,59.1,,
43727,58.19,58.04,,
43728,58.09,58.19,,
43731,58.42,58.09,,
43732,57.08,58.42,,
43733,56.32,57.08,,
43734,56.28,56.32,,
43735,55.79,56.28,,
43738,53.98,55.79,,
43739,53.5,53.98,,
43740,52.51,53.5,,
43741,52.36,52.51,,
43742,52.74,52.36,,
43745,52.71,52.74,,
43746,52.62,52.71,,
43747,52.61,52.62,,
43748,53.56,52.61,,
43749,54.78,53.56,,
43752,53.65,54.78,,
43753,52.88,53.65,,
43754,53.45,52.88,,
43755,54.03,53.45,,
43756,53.87,54.03,,
43759,53.51,53.87,,
43760,54.48,53.51,,
43761,55.99,54.48,,
43762,56.27,55.99,,
43763,56.71,56.27,,
43766,55.9,56.71,,
43767,55.68,55.9,,
43768,55.1,55.68,,
43769,54.25,55.1,,
43770,56.27,54.25,,
43773,56.6,56.27,,
43774,57.29,56.6,,
43775,56.38,57.29,,
43776,57.15,56.38,,
43777,57.26,57.15,,
43780,56.9,57.26,,
43781,56.85,56.9,,
43782,57.2,56.85,,
43783,56.88,57.2,,
43784,57.83,56.88,,
43787,57.14,57.83,,
43788,55.35,57.14,,
43789,57.01,55.35,,
43790,58.41,57.01,,
43791,57.66,58.41,,
43794,57.91,57.66,,
43795,58.32,57.91,,
43796,58.05,58.32,,
43798,55.14,58.05,,
43801,55.91,55.14,,
43802,56.03,55.91,,
43803,58.34,56.03,,
43804,58.34,58.34,,
43805,59.1,58.34,,
43808,58.92,59.1,,
43809,59.14,58.92,,
43810,58.65,59.14,,
43811,59.06,58.65,,
43812,59.98,59.06,,
43815,60.14,59.98,,
43816,60.87,60.14,,
43817,60.85,60.87,,
43818,61.18,60.85,,
43819,60.25,61.18,,
43822,60.35,60.25,,
43823,60.94,60.35,,
43825,61.48,60.94,,
43826,61.53,61.48,,
43829,61.44,61.53,,
43830,60.77,61.44,,
43832,60.95,60.77,,
43833,62.82,60.95,,
43836,63.04,62.82,,
43837,62.51,63.04,,
43838,59.46,62.51,,
43839,59.44,59.46,,
43840,58.99,59.44,,
43843,58.08,58.99,,
43844,58.26,58.08,,
43845,57.84,58.26,,
43846,58.53,57.84,,
43847,58.58,58.53,,
43851,58.38,58.58,,
43852,56.76,58.38,,
43853,55.61,56.76,,
43854,54.2,55.61,,
43857,53.18,54.2,,
43858,53.52,53.18,,
43859,53.41,53.52,,
43860,52.23,53.41,,
43861,51.68,52.23,,
43864,50.28,51.68,,
43865,49.8,50.28,,
43866,50.92,49.8,,
43867,51.14,50.92,,
43868,50.55,51.14,,
43871,49.78,50.55,,
43872,50.17,49.78,,
43873,51.41,50.17,,
43874,51.66,51.41,,
43875,52.32,51.66,,
43879,52.29,52.32,,
43880,53.49,52.29,,
43881,53.88,53.49,,
43882,53.5,53.88,,
43885,51.58,53.5,,
43886,50.06,51.58,,
43887,48.88,50.06,,
43888,47.29,48.88,,
43889,44.94,47.29,,
43892,46.92,44.94,,
43893,47.33,46.92,,
43894,46.95,47.33,,
43895,46.06,46.95,,
43896,41.51,46.06,,
43899,31.47,41.51,,
43900,34.73,31.47,,
43901,33.39,34.73,,
43902,31.98,33.39,,
43903,32.11,31.98,,
43906,29,32.11,,
43907,27.33,29,,
43908,20.83,27.33,,
43909,25.91,20.83,,
43910,22.63,25.91,,
43913,25.48,22.63,,
43914,26.2,25.48,,
43915,27.16,26.2,,
43916,25.71,27.16,,
43917,25.15,25.71,,
43920,24.09,25.15,,
43921,24.51,24.09,,
43922,23.74,24.51,,
43923,28.05,23.74,,
43924,30.9,28.05,,
43927,29.98,30.9,,
43928,28.69,29.98,,
43929,30.17,28.69,,
43930,28.82,30.17,,
43934,29.26,28.82,,
43935,27.4,29.26,,
43936,26.04,27.4,,
43937,25.53,26.04,,
43938,25.03,25.53,,
43941,20.43,25.03,,
43942,11.57,20.43,,
43943,20.69,11.57,,
43944,21.44,20.69,,
43945,21.22,21.44,,
43948,18.08,21.22,,
43949,17.6,18.08,,
43950,19.12,17.6,,
43951,21.85,19.12,,
43952,22.29,21.85,,
43955,22.78,22.29,,
43956,26.49,22.78,,
43957,25.62,26.49,,
43958,24.83,25.62,,
43959,26.17,24.83,,
43962,25.08,26.17,,
43963,26.33,25.08,,
43964,25.68,26.33,,
43965,27.88,25.68,,
43966,29.52,27.88,,
43969,31.65,29.52,,
43970,31.96,31.65,,
43971,33.94,31.96,,
43972,34.34,33.94,,
43973,33.65,34.34,,
43977,34.77,33.65,,
43978,33.23,34.77,,
43979,34.06,33.23,,
43980,35.84,34.06,,
43983,35.79,35.84,,
43984,37.06,35.79,,
43985,37.59,37.06,,
43986,37.72,37.59,,
43987,39.8,37.72,,
43990,38.43,39.8,,
43991,39.16,38.43,,
43992,39.78,39.16,,
43993,36.57,39.78,,
43994,36.51,36.57,,
43997,37.43,36.51,,
43998,38.65,37.43,,
43999,38.21,38.65,,
44000,39.05,38.21,,
44001,39.83,39.05,,
44004,40.73,39.83,,
44005,40.51,40.73,,
44006,38.21,40.51,,
44007,38.91,38.21,,
44008,38.65,38.91,,
44011,39.81,38.65,,
44012,39.34,39.81,,
44013,39.92,39.34,,
44014,40.76,39.92,,
44018,40.73,40.76,,
44019,40.7,40.73,,
44020,41.04,40.7,,
44021,39.83,41.04,,
44022,40.76,39.83,,
44025,40.32,40.76,,
44026,40.55,40.32,,
44027,41.4,40.55,,
44028,40.93,41.4,,
44029,40.75,40.93,,
44032,40.92,40.75,,
44033,41.92,40.92,,
44034,42.04,41.92,,
44035,41.21,42.04,,
44036,41.45,41.21,,
44039,41.8,41.45,,
44040,41.28,41.8,,
44041,41.54,41.28,,
44042,40.24,41.54,,
44043,40.57,40.24,,
44046,41.31,40.57,,
44047,41.91,41.31,,
44048,42.43,41.91,,
44049,42.2,42.43,,
44050,41.49,42.2,,
44053,42.17,41.49,,
44054,41.87,42.17,,
44055,42.95,41.87,,
44056,42.52,42.95,,
44057,42.31,42.52,,
44060,43.17,42.31,,
44061,43.12,43.17,,
44062,43.11,43.12,,
44063,42.82,43.11,,
44064,42.62,42.82,,
44067,42.93,42.62,,
44068,43.65,42.93,,
44069,43.69,43.65,,
44070,43.31,43.69,,
44071,43.29,43.31,,
44074,42.9,43.29,,
44075,43.08,42.9,,
44076,41.85,43.08,,
44077,41.72,41.85,,
44078,40.15,41.72,,
44082,37.19,40.15,,
44083,38.41,37.19,,
44084,37.66,38.41,,
44085,37.65,37.66,,
44088,37.56,37.65,,
44089,38.55,37.56,,
44090,40.41,38.55,,
44091,41.22,40.41,,
44092,41.32,41.22,,
44095,39.54,41.32,,
44096,39.8,39.54,,
44097,40.22,39.8,,
44098,40.58,40.22,,
44099,40.51,40.58,,
44102,40.87,40.51,,
44103,39.56,40.87,,
44104,40.47,39.56,,
44105,39.01,40.47,,
44106,37.34,39.01,,
44109,39.5,37.34,,
44110,40.93,39.5,,
44111,40.23,40.93,,
44112,41.47,40.23,,
44113,40.91,41.47,,
44116,39.73,40.91,,
44117,40.49,39.73,,
44118,41.34,40.49,,
44119,41.24,41.34,,
44120,41.12,41.24,,
44123,41.06,41.12,,
44124,41.7,41.06,,
44125,40.31,41.7,,
44126,40.94,40.31,,
44127,40.15,40.94,,
44130,38.89,40.15,,
44131,39.87,38.89,,
44132,37.72,39.87,,
44133,36.51,37.72,,
44134,36.15,36.51,,
44137,37.18,36.15,,
44138,37.99,37.18,,
44139,39.47,37.99,,
44140,39.11,39.47,,
44141,37.49,39.11,,
44144,40.62,37.49,,
44145,41.67,40.62,,
44146,41.74,41.67,,
44147,41.41,41.74,,
44148,40.4,41.41,,
44151,41.57,40.4,,
44152,41.65,41.57,,
44153,42.01,41.65,,
44154,41.9,42.01,,
44155,42.42,41.9,,
44158,43.28,42.42,,
44159,45.11,43.28,,
44160,45.91,45.11,,
44162,45.74,45.91,,
44165,45.51,45.74,,
44166,44.73,45.51,,
44167,45.44,44.73,,
44168,45.79,45.44,,
44169,46.42,45.79,,
44172,45.95,46.42,,
44173,45.8,45.95,,
44174,45.72,45.8,,
44175,46.96,45.72,,
44176,46.75,46.96,,
44179,47.15,46.75,,
44180,47.78,47.15,,
44181,48,47.78,,
44182,48.54,48,,
44183,49.24,48.54,,
44186,47.97,49.24,,
44187,47.16,47.97,,
44188,48.24,47.16,,
44189,48.35,48.24,,
44193,47.77,48.35,,
44194,48.14,47.77,,
44195,48.5,48.14,,
44196,48.63,48.5,,
44200,47.76,48.63,,
44201,50.01,47.76,,
44202,50.69,50.01,,
44203,50.87,50.69,,
44204,52.26,50.87,,
44207,52.27,52.26,,
44208,53.24,52.27,,
44209,52.96,53.24,,
44210,53.62,52.96,,
44211,52.42,53.62,,
44215,52.98,52.42,,
44216,53.31,52.98,,
44217,53.05,53.31,,
44218,52.19,53.05,,
44221,52.67,52.19,,
44222,52.52,52.67,,
44223,52.73,52.52,,
44224,52.24,52.73,,
44225,52.08,52.24,,
44228,53.42,52.08,,
44229,54.62,53.42,,
44230,55.54,54.62,,
44231,56.07,55.54,,
44232,56.7,56.07,,
44235,57.83,56.7,,
44236,58.25,57.83,,
44237,58.57,58.25,,
44238,58.14,58.57,,
44239,59.38,58.14,,
44243,60.08,59.38,,
44244,61.16,60.08,,
44245,60.53,61.16,,
44246,59.26,60.53,,
44249,61.7,59.26,,
44250,61.43,61.7,,
44251,63,61.43,,
44252,63.22,63,,
44253,61.23,63.22,,
44256,60.42,61.23,,
44257,59.57,60.42,,
44258,61.1,59.57,,
44259,63.62,61.1,,
44260,65.92,63.62,,
44263,64.93,65.92,,
44264,63.99,64.93,,
44265,64.42,63.99,,
44266,66,64.42,,
44267,65.64,66,,
44270,65.44,65.64,,
44271,64.86,65.44,,
44272,64.63,64.86,,
44273,60.06,64.63,,
44274,61.44,60.06,,
44277,61.56,61.44,,
44278,57.78,61.56,,
44279,61.16,57.78,,
44280,58.57,61.16,,
44281,60.96,58.57,,
44284,61.53,60.96,,
44285,60.56,61.53,,
44286,59.18,60.56,,
44287,61.48,59.18,,
44288,61.48,61.48,,
44291,58.68,61.48,,
44292,59.37,58.68,,
44293,59.81,59.37,,
44294,59.63,59.81,,
44295,59.35,59.63,,
44298,59.75,59.35,,
44299,60.24,59.75,,
44300,63.22,60.24,,
44301,63.51,63.22,,
44302,63.19,63.51,,
44305,63.43,63.19,,
44306,62.67,63.43,,
44307,61.27,62.67,,
44308,61.34,61.27,,
44309,62.02,61.34,,
44312,61.8,62.02,,
44313,62.8,61.8,,
44314,63.75,62.8,,
44315,64.88,63.75,,
44316,63.48,64.88,,
44319,64.41,63.48,,
44320,65.61,64.41,,
44321,65.59,65.61,,
44322,64.67,65.59,,
44323,64.88,64.67,,
44326,64.93,64.88,,
44327,65.3,64.93,,
44328,66.1,65.3,,
44329,63.84,66.1,,
44330,65.36,63.84,,
44333,66.28,65.36,,
44334,65.5,66.28,,
44335,63.35,65.5,,
44336,61.94,63.35,,
44337,63.36,61.94,,
44340,65.78,63.36,,
44341,65.79,65.78,,
44342,65.96,65.79,,
44343,66.6,65.96,,
44344,66.1,66.6,,
44348,67.52,66.1,,
44349,68.63,67.52,,
44350,68.6,68.63,,
44351,69.39,68.6,,
44354,69.04,69.39,,
44355,69.87,69.04,,
44356,69.79,69.87,,
44357,70.09,69.79,,
44358,70.6,70.09,,
44361,70.63,70.6,,
44362,71.86,70.63,,
44363,71.95,71.86,,
44364,70.78,71.95,,
44365,71.29,70.78,,
44368,73.12,71.29,,
44369,72.85,73.12,,
44370,72.36,72.85,,
44371,72.63,72.36,,
44372,73.33,72.63,,
44375,72.2,73.33,,
44376,72.31,72.2,,
44377,72.77,72.31,,
44378,74.33,72.77,,
44379,74.36,74.33,,
44383,72.58,74.36,,
44384,71.5,72.58,,
44385,72.22,71.5,,
44386,73.81,72.22,,
44389,73.44,73.81,,
44390,74.69,73.44,,
44391,72.64,74.69,,
44392,71.38,72.64,,
44393,71.56,71.38,,
44396,66.35,71.56,,
44397,67.2,66.35,,
44398,69.57,67.2,,
44399,71.14,69.57,,
44400,71.38,71.14,,
44403,71.34,71.38,,
44404,71.14,71.34,,
44405,71.79,71.14,,
44406,72.98,71.79,,
44407,73.23,72.98,,
44410,70.61,73.23,,
44411,70.03,70.61,,
44412,67.79,70.03,,
44413,68.74,67.79,,
44414,68.1,68.74,,
44417,66.3,68.1,,
44418,68.06,66.3,,
44419,69.02,68.06,,
44420,68.9,69.02,,
44421,68.21,68.9,,
44424,67.05,68.21,,
44425,66.34,67.05,,
44426,65.21,66.34,,
44427,63.5,65.21,,
44428,62.14,63.5,,
44431,65.34,62.14,,
44432,67.25,65.34,,
44433,68.06,67.25,,
44434,67.1,68.06,,
44435,68.48,67.1,,
44438,68.93,68.48,,
44439,68.26,68.93,,
44440,68.32,68.26,,
44441,69.73,68.32,,
44442,69.07,69.73,,
44446,68.13,69.07,,
44447,69.05,68.13,,
44448,67.92,69.05,,
44449,69.47,67.92,,
44452,70.19,69.47,,
44453,70.23,70.19,,
44454,72.33,70.23,,
44455,72.37,72.33,,
44456,71.82,72.37,,
44459,70.14,71.82,,
44460,70.49,70.14,,
44461,71.89,70.49,,
44462,72.95,71.89,,
44463,73.61,72.95,,
44466,75.08,73.61,,
44467,74.9,75.08,,
44468,74.5,74.9,,
44469,74.7,74.5,,
44470,75.58,74.7,,
44473,77.33,75.58,,
44474,78.57,77.33,,
44475,77.06,78.57,,
44476,77.96,77.06,,
44477,78.76,77.96,,
44480,79.92,78.76,,
44481,79.92,79.92,,
44482,79.82,79.92,,
44483,80.77,79.82,,
44484,81.73,80.77,,
44487,81.69,81.73,,
44488,82.44,81.69,,
44489,83.42,82.44,,
44490,81.36,83.42,,
44491,82.5,81.36,,
44494,82.61,82.5,,
44495,83.36,82.61,,
44496,81.48,83.36,,
44497,81.46,81.48,,
44498,81.78,81.46,,
44501,82.45,81.78,,
44502,82.44,82.45,,
44503,79.57,82.44,,
44504,77.7,79.57,,
44505,80.13,77.7,,
44508,80.74,80.13,,
44509,82.56,80.74,,
44510,80.06,82.56,,
44511,80.42,80.06,,
44512,79.69,80.42,,
44515,79.75,79.69,,
44516,79.74,79.75,,
44517,77.55,79.74,,
44518,78.41,77.55,,
44519,75.94,78.41,,
44522,76.12,75.94,,
44523,77.94,76.12,,
44524,77.81,77.94,,
44526,67.84,77.81,,
44529,69.62,67.84,,
44530,65.85,69.62,,
44531,65.37,65.85,,
44532,66.27,65.37,,
44533,66.1,66.27,,
44536,69.3,66.1,,
44537,71.84,69.3,,
44538,72.18,71.84,,
44539,70.79,72.18,,
44540,71.48,70.79,,
44543,71.06,71.48,,
44544,70.52,71.06,,
44545,70.66,70.52,,
44546,72.15,70.66,,
44547,70.72,72.15,,
44550,68.61,70.72,,
44551,70.82,68.61,,
44552,72.33,70.82,,
44553,73.42,72.33,,
44557,75.18,73.42,,
44558,75.6,75.18,,
44559,76.18,75.6,,
44560,76.61,76.18,,
44561,74.88,76.61,,
44564,75.85,74.88,,
44565,76.74,75.85,,
44566,77.47,76.74,,
44567,78.88,77.47,,
44568,78.44,78.88,,
44571,77.7,78.44,,
44572,80.67,77.7,,
44573,82.02,80.67,,
44574,81.62,82.02,,
44575,83.3,81.62,,
44579,84.83,83.3,,
44580,85.8,84.83,,
44581,85.55,85.8,,
44582,84.14,85.55,,
44585,82.41,84.14,,
44586,84.37,82.41,,
44587,85.96,84.37,,
44588,85.29,85.96,,
44589,85.43,85.29,,
44592,86.49,85.43,,
44593,86.46,86.49,,
44594,86.69,86.46,,
44595,88.45,86.69,,
44596,90.33,88.45,,
44599,89.77,90.33,,
44600,87.9,89.77,,
44601,88.53,87.9,,
44602,88.56,88.53,,
44603,91.42,88.56,,
44606,93.5,91.42,,
44607,90.21,93.5,,
44608,91.83,90.21,,
44609,90.04,91.83,,
44610,90.21,90.04,,
44614,91.91,90.21,,
44615,90.69,91.91,,
44616,90.94,90.69,,
44617,89.89,90.94,,
44620,93.5,89.89,,
44621,100.21,93.5,,
44622,107.06,100.21,,
44623,104.61,107.06,,
44624,112.11,104.61,,
44627,115.8,112.11,,
44628,119.65,115.8,,
44629,105.05,119.65,,
44630,102.99,105.05,,
44631,106.3,102.99,,
44634,101.18,106.3,,
44635,94.79,101.18,,
44636,93.59,94.79,,
44637,101.65,93.59,,
44638,103.09,101.65,,
44641,109.97,103.09,,
44642,109.27,109.97,,
44643,111.99,109.27,,
44644,109.43,111.99,,
44645,111.06,109.43,,
44648,103.42,111.06,,
44649,102.05,103.42,,
44650,105.68,102.05,,
44651,98.52,105.68,,
44652,97.9,98.52,,
44655,101.84,97.9,,
44656,100.68,101.84,,
44657,95.41,100.68,,
44658,95.51,95.41,,
44659,97.73,95.51,,
44662,93.92,97.73,,
44663,100.15,93.92,,
44664,103.79,100.15,,
44665,106.38,103.79,,
44669,107.61,106.38,,
44670,102.05,107.61,,
44671,102.19,102.05,,
44672,102.96,102.19,,
44673,101.05,102.96,,
44676,97.67,101.05,,
44677,100.41,97.67,,
44678,100.68,100.41,,
44679,103.47,100.68,,
44680,102.94,103.47,,
44683,103.42,102.94,,
44684,100.9,103.42,,
44685,106.22,100.9,,
44686,106.74,106.22,,
44687,108.33,106.74,,
44690,101.77,108.33,,
44691,98.45,101.77,,
44692,104.03,98.45,,
44693,104.4,104.03,,
44694,108.63,104.4,,
44697,111.82,108.63,,
44698,109.63,111.82,,
44699,107.04,109.63,,
44700,109.89,107.04,,
44701,110.28,109.89,,
44704,107.54,110.28,,
44705,107.2,107.54,,
44706,107.75,107.2,,
44707,111.25,107.75,,
44708,112.23,111.25,,
44712,111.91,112.23,,
44713,112.72,111.91,,
44714,114.3,112.72,,
44715,116.23,114.3,,
44718,116.06,116.23,,
44719,117.1,116.06,,
44720,119.78,117.1,,
44721,119.09,119.78,,
44722,118.12,119.09,,
44725,118.25,118.12,,
44726,116.26,118.25,,
44727,113.09,116.26,,
44728,115.25,113.09,,
44729,107.99,115.25,,
44733,109.52,107.99,,
44734,103.99,109.52,,
44735,101.58,103.99,,
44736,104.45,101.58,,
44739,106.38,104.45,,
44740,108.89,106.38,,
44741,107.01,108.89,,
44742,103.1,107.01,,
44743,105.39,103.1,,
44747,96.52,105.39,,
44748,94.98,96.52,,
44749,99.25,94.98,,
44750,101.53,99.25,,
44753,101.21,101.53,,
44754,93.31,101.21,,
44755,93.83,93.31,,
44756,92.83,93.83,,
44757,94.57,92.83,,
44760,99.42,94.57,,
44761,100.74,99.42,,
44762,99.88,100.74,,
44763,93.78,99.88,,
44764,92.43,93.78,,
44767,94.42,92.43,,
44768,92.88,94.42,,
44769,95.29,92.88,,
44770,94.65,95.29,,
44771,96.75,94.65,,
44774,92.39,96.75,,
44775,93.22,92.39,,
44776,89.74,93.22,,
44777,87.56,89.74,,
44778,88.08,87.56,,
44781,89.93,88.08,,
44782,89.67,89.93,,
44783,91.2,89.67,,
44784,93.53,91.2,,
44785,91.46,93.53,,
44788,88.85,91.46,,
44789,86.16,88.85,,
44790,87.69,86.16,,
44791,90.11,87.69,,
44792,90.44,90.11,,
44795,90.36,90.44,,
44796,93.25,90.36,,
44797,94.4,93.25,,
44798,92.19,94.4,,
44799,92.39,92.19,,
44802,96.19,92.39,,
44803,91.17,96.19,,
44804,89.03,91.17,,
44805,86.22,89.03,,
44806,86.48,86.22,,
44810,86.51,86.48,,
44811,81.63,86.51,,
44812,83.07,81.63,,
44813,86.36,83.07,,
44816,87.41,86.36,,
44817,86.89,87.41,,
44818,88.05,86.89,,
44819,84.65,88.05,,
44820,84.76,84.65,,
44823,85.36,84.76,,
44824,83.94,85.36,,
44825,82.43,83.94,,
44826,83.03,82.43,,
44827,78.25,83.03,,
44830,76.18,78.25,,
44831,77.81,76.18,,
44832,81.24,77.81,,
44833,80.42,81.24,,
44834,78.72,80.42,,
44837,82.7,78.72,,
44838,85.5,82.7,,
44839,86.84,85.5,,
44840,87.59,86.84,,
44841,91.35,87.59,,
44844,89.84,91.35,,
44845,87.97,89.84,,
44846,86.06,87.97,,
44847,87.95,86.06,,
44848,84.65,87.95,,
44851,84.53,84.65,,
44852,82.07,84.53,,
44853,84.52,82.07,,
44854,84.51,84.52,,
44855,83.95,84.51,,
44858,83.59,83.95,,
44859,84.31,83.59,,
44860,86.68,84.31,,
44861,87.83,86.68,,
44862,86.61,87.83,,
44865,85.4,86.61,,
44866,87.19,85.4,,
44867,88.86,87.19,,
44868,87.18,88.86,,
44869,91.45,87.18,,
44872,90.73,91.45,,
44873,88,90.73,,
44874,85,88,,
44875,85.66,85,,
44876,88.16,85.66,,
44879,85.16,88.16,,
44880,86.25,85.16,,
44881,85,86.25,,
44882,81.4,85,,
44883,80.11,81.4,,
44886,80.04,80.11,,
44887,80.73,80.04,,
44888,78.07,80.73,,
44890,76.43,78.07,,
44893,77.33,76.43,,
44894,78.28,77.33,,
44895,80.66,78.28,,
44896,81.14,80.66,,
44897,80.05,81.14,,
44900,77.08,80.05,,
44901,74.46,77.08,,
44902,72.28,74.46,,
44903,71.58,72.28,,
44904,71.21,71.58,,
44907,73.28,71.21,,
44908,75.44,73.28,,
44909,77.31,75.44,,
44910,76.15,77.31,,
44911,74.46,76.15,,
44914,75.38,74.46,,
44915,76.23,75.38,,
44916,78.24,76.23,,
44917,77.42,78.24,,
44918,79.64,77.42,,
44922,79.64,79.64,,
44923,79.08,79.64,,
44924,78.5,79.08,,
44925,80.45,78.5,,
44929,77.12,80.45,,
44930,73.1,77.12,,
44931,73.92,73.1,,
44932,74.04,73.92,,
44935,74.92,74.04,,
44936,75.37,74.92,,
44937,77.68,75.37,,
44938,78.65,77.68,,
44939,80.11,78.65,,
44943,80.45,80.11,,
44944,79.8,80.45,,
44945,80.61,79.8,,
44946,81.64,80.61,,
44949,81.93,81.64,,
44950,80.44,81.93,,
44951,80.44,80.44,,
44952,81.28,80.44,,
44953,79.96,81.28,,
44956,78.18,79.96,,
44957,79.17,78.18,,
44958,76.73,79.17,,
44959,76.2,76.73,,
44960,73.74,76.2,,
44963,74.47,73.74,,
44964,77.39,74.47,,
44965,78.69,77.39,,
44966,78.27,78.69,,
44967,79.92,78.27,,
44970,80.33,79.92,,
44971,79.24,80.33,,
44972,78.83,79.24,,
44973,78.74,78.83,,
44974,76.55,78.74,,
44978,76.36,76.55,,
44979,74.19,76.36,,
44980,75.6,74.19,,
44981,76.47,75.6,,
44984,75.81,76.47,,
44985,77.19,75.81,,
44986,77.83,77.19,,
44987,78.31,77.83,,
44988,79.79,78.31,,
44991,80.56,79.79,,
44992,77.72,80.56,,
44993,76.81,77.72,,
44994,75.84,76.81,,
44995,76.78,75.84,,
44998,74.91,76.78,,
44999,71.49,74.91,,
45000,67.74,71.49,,
45001,68.52,67.74,,
45002,66.93,68.52,,
45005,67.82,66.93,,
45006,69.67,67.82,,
45007,71.02,69.67,,
45008,70.12,71.02,,
45009,69.41,70.12,,
45012,72.93,69.41,,
45013,73.34,72.93,,
45014,73.12,73.34,,
45015,74.49,73.12,,
45016,75.8,74.49,,
45019,80.44,75.8,,
45020,80.72,80.44,,
45021,80.63,80.72,,
45022,80.68,80.63,,
45023,80.68,80.68,,
45026,79.77,80.68,,
45027,81.49,79.77,,
45028,83.09,81.49,,
45029,82.04,83.09,,
45030,82.43,82.04,,
45033,80.83,82.43,,
45034,80.9,80.83,,
45035,79.24,80.9,,
45036,77.37,79.24,,
45037,77.71,77.37,,
45040,78.6,77.71,,
45041,76.87,78.6,,
45042,74.19,76.87,,
45043,74.58,74.19,,
45044,76.61,74.58,,
45047,75.51,76.61,,
45048,71.55,75.51,,
45049,68.55,71.55,,
45050,68.51,68.55,,
45051,71.27,68.51,,
45054,73.07,71.27,,
45055,73.62,73.07,,
45056,72.52,73.62,,
45057,70.88,72.52,,
45058,70.02,70.88,,
45061,71.09,70.02,,
45062,70.84,71.09,,
45063,72.89,70.84,,
45064,71.94,72.89,,
45065,71.69,71.94,,
45068,72.05,71.69,,
45069,72.85,72.05,,
45070,74.29,72.85,,
45071,71.93,74.29,,
45072,72.76,71.93,,
45076,69.6,72.76,,
45077,68.24,69.6,,
45078,70.2,68.24,,
45079,71.84,70.2,,
45082,72.26,71.84,,
45083,71.85,72.26,,
45084,72.64,71.85,,
45085,71.44,72.64,,
45086,70.33,71.44,,
45089,67.29,70.33,,
45090,69.58,67.29,,
45091,68.46,69.58,,
45092,70.81,68.46,,
45093,71.93,70.81,,
45097,71.19,71.93,,
45098,72.52,71.19,,
45099,69.63,72.52,,
45100,69.32,69.63,,
45103,69.54,69.32,,
45104,67.9,69.54,,
45105,69.73,67.9,,
45106,70.02,69.73,,
45107,70.78,70.02,,
45110,69.91,70.78,,
45112,71.88,69.91,,
45113,71.79,71.88,,
45114,73.77,71.79,,
45117,72.95,73.77,,
45118,74.71,72.95,,
45119,75.54,74.71,,
45120,76.76,75.54,,
45121,75.32,76.76,,
45124,74.08,75.32,,
45125,75.66,74.08,,
45126,75.29,75.66,,
45127,75.65,75.29,,
45128,76.78,75.65,,
45131,78.4,76.78,,
45132,79.2,78.4,,
45133,78.4,79.2,,
45134,79.63,78.4,,
45135,80.18,79.63,,
45138,81.32,80.18,,
45139,80.92,81.32,,
45140,79.13,80.92,,
45141,81.08,79.13,,
45142,82.27,81.08,,
45145,81.49,82.27,,
45146,82.36,81.49,,
45147,83.69,82.36,,
45148,82.29,83.69,,
45149,82.57,82.29,,
45152,81.92,82.57,,
45153,80.5,81.92,,
45154,79.02,80.5,,
45155,79.9,79.02,,
45156,80.66,79.9,,
45159,80.12,80.66,,
45160,79.64,80.12,,
45161,78.59,79.64,,
45162,78.66,78.59,,
45163,79.49,78.66,,
45166,79.67,79.49,,
45167,80.68,79.67,,
45168,81.12,80.68,,
45169,82.96,81.12,,
45170,84.75,82.96,,
45174,86.01,84.75,,
45175,86.79,86.01,,
45176,86.15,86.79,,
45177,86.81,86.15,,
45180,86.66,86.81,,
45181,88.16,86.66,,
45182,87.88,88.16,,
45183,89.61,87.88,,
45184,90.02,89.61,,
45187,90.58,90.02,,
45188,90.48,90.58,,
45189,89.66,90.48,,
45190,88.32,89.66,,
45191,88.35,88.32,,
45194,88.17,88.35,,
45195,88.78,88.17,,
45196,91.3,88.78,,
45197,89.59,91.3,,
45198,88.8,89.59,,
45201,87.17,88.8,,
45202,87.44,87.17,,
45203,82.55,87.44,,
45204,80.81,82.55,,
45205,81.28,80.81,,
45208,84.6,81.28,,
45209,84.13,84.6,,
45210,82.07,84.13,,
45211,81.8,82.07,,
45212,86.35,81.8,,
45215,85.26,86.35,,
45216,85.44,85.26,,
45217,87.27,85.44,,
45218,88.37,87.27,,
45219,88.08,88.37,,
45222,84.42,88.08,,
45223,82.97,84.42,,
45224,84.69,82.97,,
45225,82.54,84.69,,
45226,84.7,82.54,,
45229,81.68,84.7,,
45230,80.5,81.68,,
45231,80.1,80.5,,
45232,82.16,80.1,,
45233,80.23,82.16,,
45236,80.6,80.23,,
45237,77.21,80.6,,
45238,75.31,77.21,,
45239,75.75,75.31,,
45240,77.15,75.75,,
45243,78.19,77.15,,
45244,78.17,78.19,,
45245,76.79,78.17,,
45246,73.09,76.79,,
45247,76.04,73.09,,
45250,77.83,76.04,,
45251,77.92,77.83,,
45252,77.25,77.92,,
45254,75.77,77.25,,
45257,75.09,75.77,,
45258,76.59,75.09,,
45259,77.99,76.59,,
45260,76.05,77.99,,
45261,74.25,76.05,,
45264,73.32,74.25,,
45265,72.53,73.32,,
45266,69.65,72.53,,
45267,69.59,69.65,,
45268,71.44,69.59,,
45271,71.56,71.44,,
45272,68.85,71.56,,
45273,69.72,68.85,,
45274,71.91,69.72,,
45275,71.78,71.91,,
45278,72.82,71.78,,
45279,73.94,72.82,,
45280,74.45,73.94,,
45281,74.06,74.45,,
45282,73.73,74.06,,
45286,75.71,73.73,,
45287,74.34,75.71,,
45288,71.97,74.34,,
45289,71.84,71.97,,
45293,70.62,71.84,,
45294,72.89,70.62,,
45295,72.36,72.89,,
45296,73.86,72.36,,
45299,70.92,73.86,,
45300,72.29,70.92,,
45301,71.44,72.29,,
45302,72.09,71.44,,
45303,72.79,72.09,,
45307,72.52,72.79,,
45308,72.48,72.52,,
45309,73.95,72.48,,
45310,73.25,73.95,,
45313,74.76,73.25,,
45314,74.27,74.76,,
45315,74.98,74.27,,
45316,77.19,74.98,,
45317,77.86,77.19,,
45320,76.67,77.86,,
45321,77.65,76.67,,
45322,75.71,77.65,,
45323,73.79,75.71,,
45324,72.3,73.79,,
45327,72.85,72.3,,
45328,73.37,72.85,,
45329,73.91,73.37,,
45330,76.19,73.91,,
45331,76.77,76.19,,
45334,76.82,76.77,,
45335,77.56,76.82,,
45336,76.36,77.56,,
45337,77.59,76.36,,
45338,78.46,77.59,,
45342,77.04,78.46,,
45343,77.31,77.04,,
45344,77.93,77.31,,
45345,76.08,77.93,,
45348,77.09,76.08,,
45349,78.23,77.09,,
45350,77.83,78.23,,
45351,77.45,77.83,,
45352,79.09,77.45,,
45355,78.17,79.09,,
45356,77.41,78.17,,
45357,78.41,77.41,,
45358,78.32,78.41,,
45359,77.5,78.32,,
45362,77.53,77.5,,
45363,77.25,77.53,,
45364,79.3,77.25,,
45365,80.74,79.3,,
45366,80.58,80.74,,
45369,82.16,80.58,,
45370,82.73,82.16,,
45371,81.27,82.73,,
45372,80.64,81.27,,
45373,80.17,80.64,,
45376,81.38,80.17,,
45377,81.04,81.38,,
45378,80.78,81.04,,
45379,82.42,80.78,,
45383,82.82,82.42,,
45384,84.22,82.82,,
45385,84.61,84.22,,
45386,85.81,84.61,,
45387,86.1,85.81,,
45390,85.53,86.1,,
45391,84.46,85.53,,
45392,85.44,84.46,,
45393,84.45,85.44,,
45394,85.08,84.45,,
45397,84.86,85.08,,
45398,84.83,84.86,,
45399,82.15,84.83,,
45400,82.1,82.15,,
45401,82.22,82.1,,
45404,81.9,82.22,,
45405,82.56,81.9,,
45406,82.09,82.56,,
45407,82.75,82.09,,
45408,83.13,82.75,,
45411,82.03,83.13,,
45412,81.28,82.03,,
45413,78.44,81.28,,
45414,78.48,78.44,,
45415,77.76,78.48,,
45418,78.14,77.76,,
45419,78.06,78.14,,
45420,78.56,78.06,,
45421,78.8,78.56,,
45422,77.84,78.8,,
45425,78.6,77.84,,
45426,77.65,78.6,,
45427,78.16,77.65,,
45428,78.74,78.16,,
45429,79.58,78.74,,
45432,79.3,79.58,,
45433,78.66,79.3,,
45434,77.15,78.66,,
45435,76.46,77.15,,
45436,77.23,76.46,,
45440,79.35,77.23,,
45441,78.8,79.35,,
45442,77.54,78.8,,
45443,76.73,77.54,,
45446,74.09,76.73,,
45447,73.06,74.09,,
45448,73.82,73.06,,
45449,75.24,73.82,,
45450,75.22,75.24,,
45453,77.33,75.22,,
45454,77.55,77.33,,
45455,78.15,77.55,,
45456,78.26,78.15,,
45457,78.05,78.26,,
45460,79.72,78.05,,
45461,80.71,79.72,,
45463,81.29,80.71,,
45464,79.96,81.29,,
45467,80.86,79.96,,
45468,80.07,80.86,,
45469,80.19,80.07,,
45470,80.83,80.19,,
45471,80.64,80.83,,
45474,82.32,80.64,,
45475,81.91,82.32,,
45476,83.02,81.91,,
45478,82.26,83.02,,
45481,81.52,82.26,,
45482,80.56,81.52,,
45483,81.07,80.56,,
45484,81.38,81.07,,
45485,81.02,81.38,,
45488,80.84,81.02,,
45489,79.71,80.84,,
45490,81.44,79.71,,
45491,81.3,81.44,,
45492,78.64,81.3,,
45495,78.4,78.64,,
45496,75.92,78.4,,
45497,76.58,75.92,,
45498,77.11,76.58,,
45499,76,77.11,,
45502,74.8,76,,
45503,73.88,74.8,,
45504,76.84,73.88,,
45505,75.4,76.84,,
45506,72.59,75.4,,
45509,72.2,72.59,,
45510,72.34,72.2,,
45511,74.17,72.34,,
45512,75.04,74.17,,
45513,75.61,75.04,,
45516,78.46,75.61,,
45517,76.8,78.46,,
45518,75.84,76.8,,
45519,76.99,75.84,,
45520,75.54,76.99,,
45523,73.66,75.54,,
45524,73.17,73.66,,
45525,71.3,73.17,,
45526,72.28,71.3,,
45527,73.93,72.28,,
45530,76.17,73.93,,
45531,74.46,76.17,,
45532,73.44,74.46,,
45533,74.67,73.44,,
45534,72.65,74.67,,
45538,69.59,72.65,,
45539,68.52,69.59,,
45540,68.5,68.52,,
45541,66.98,68.5,,
45544,67.91,66.98,,
45545,65.14,67.91,,
45546,66.6,65.14,,
45547,68.15,66.6,,
45548,67.75,68.15,,
45551,69.02,67.75,,
45552,69.96,69.02,,
45553,69.88,69.96,,
45554,71.16,69.88,,
45555,71,71.16,,
45558,69.61,71,,
45559,70.84,69.61,,
45560,69.13,70.84,,
45561,67.19,69.13,,
45562,67.67,67.19,,
45565,67.77,67.67,,
45566,69.39,67.77,,
45567,69.69,69.39,,
45568,73.17,69.69,,
45569,73.68,73.17,,
45572,76.47,73.68,,
45573,72.98,76.47,,
45574,72.59,72.98,,
45575,75.11,72.59,,
45576,74.85,75.11,,
45579,73.24,74.85,,
45580,70.01,73.24,,
45581,69.82,70.01,,
45582,70.09,69.82,,
45583,68.69,70.09,,
45586,70.04,68.69,,
45587,71.74,70.04,,
45588,70.37,71.74,,
45589,69.84,70.37,,
45590,71.35,69.84,,
45593,66.98,71.35,,
45594,66.81,66.98,,
45595,68.18,66.81,,
45596,68.81,68.18,,
45597,69.08,68.81,,
45600,71.03,69.08,,
45601,71.56,71.03,,
45602,71.24,71.56,,
45603,71.96,71.24,,
45604,70.11,71.96,,
45607,67.92,70.11,,
45608,67.97,67.92,,
45609,68.26,67.97,,
45610,68.53,68.26,,
45611,66.92,68.53,,
45614,69.17,66.92,,
45615,69.24,69.17,,
45616,68.75,69.24,,
45617,69.77,68.75,,
45618,70.77,69.77,,
45621,68.58,70.77,,
45622,68.44,68.58,,
45623,68.35,68.44,,
45625,67.72,68.35,,
45628,67.84,67.72,,
45629,69.54,67.84,,
45630,68.19,69.54,,
45631,67.96,68.19,,
45632,66.98,67.96,,
45635,68.09,66.98,,
45636,68.27,68.09,,
45637,69.87,68.27,,
45638,69.66,69.87,,
45639,70.82,69.66,,
45642,70.29,70.82,,
45643,69.65,70.29,,
45644,70.02,69.65,,
45645,69.38,70.02,,
45646,69.02,69.38,,
45649,68.81,69.02,,
45650,69.64,68.81,,
45652,69.23,69.64,,
45653,70.18,69.23,,
45656,70.53,70.18,,
45657,71.25,70.53,,
45659,72.5,71.25,,
45660,73.21,72.5,,
45663,72.92,73.21,,
45664,73.57,72.92,,
45665,72.67,73.57,,
45666,73.24,72.67,,
45667,75.75,73.24,,
45670,77.3,75.75,,
45671,76.37,77.3,,
45672,78.71,76.37,,
45673,77.85,78.71,,
45674,77.39,77.85,,
45678,75.83,77.39,,
45679,74.69,75.83,,
45680,74.02,74.69,,
45681,73.96,74.02,,
45684,72.5,73.96,,
45685,72.94,72.5,,
45686,71.98,72.94,,
45687,72.18,71.98,,
45688,71.98,72.18,,
45691,72.39,71.98,,
45692,72.34,72.39,,
45693,70.74,72.34,,
45694,70.37,70.74,,
45695,70.74,70.37,,
45698,72.01,70.74,,
45699,73.08,72.01,,
45700,71.24,73.08,,
45701,71.14,71.24,,
45702,70.71,71.14,,
45706,71.83,70.71,,
45707,72.1,71.83,,
45708,72.48,72.1,,
45709,70.22,72.48,,
45712,70.45,70.22,,
45713,68.69,70.45,,
45714,68.3,68.69,,
45715,69.95,68.3,,
45716,69.34,69.95,,
45719,68.06,69.34,,
45720,67.7,68.06,,
45721,65.91,67.7,,
45722,66,65.91,,
45723,66.75,66,,
45726,65.68,66.75,,
45727,65.93,65.68,,
45728,67.38,65.93,,
45729,66.27,67.38,,
45730,66.91,66.27,,
45733,67.37,66.91,,
45734,66.75,67.37,,
45735,66.91,66.75,,
45736,68.07,66.91,,
45737,67.89,68.07,,
45740,68.66,67.89,,
45741,68.6,68.66,,
45742,69.21,68.6,,
45743,69.49,69.21,,
45744,68.9,69.49,,
45747,70.95,68.9,,
45748,70.74,70.95,,
45749,71.23,70.74,,
45750,66.47,71.23,,
45751,61.65,66.47,,
45754,60.44,61.65,,
45755,59.1,60.44,,
45756,61.82,59.1,,
45757,59.63,61.82,,
45758,60.9,59.63,,
45761,61.05,60.9,,
45762,60.75,61.05,,
45763,61.83,60.75,,
45764,64.01,61.83,,
45768,62.41,64.01,,
45769,63.67,62.41,,
45770,61.63,63.67,,
45771,62.14,61.63,,
45772,62.33,62.14,,
45775,61.37,62.33,,
45776,59.84,61.37,,
45777,57.62,59.84,,
45778,58.68,57.62,,
45779,57.83,58.68,,
45782,56.75,57.83,,
45783,58.68,56.75,,
45784,57.7,58.68,,
45785,59.52,57.7,,
45786,60.58,59.52,,
45789,61.56,60.58,,
45790,63.25,61.56,,
45791,62.68,63.25,,
45792,61.15,62.68,,
45793,61.97,61.15,,
45796,62.14,61.97,,
45797,62.03,62.14,,
45798,61.03,62.03,,
45799,60.64,61.03,,
45800,60.93,60.64,,
45804,60.33,60.93,,
45805,61.2,60.33,,
45806,60.2,61.2,,
45807,59.79,60.2,,
45810,61.54,59.79,,
45811,62.48,61.54,,
45812,61.89,62.48,,
45813,62.48,61.89,,
45814,63.63,62.48,,
45817,64.22,63.63,,
45818,63.91,64.22,,
45819,66.9,63.91,,
45820,66.64,66.9,,
45821,71.29,66.64,,
45824,70.25,71.29,,
45825,73.27,70.25,,
45826,73.5,73.27,,
45828,73.84,73.5,,
45831,67.27,73.84,,
45832,63.15,67.27,,
45833,63.46,63.15,,
45834,63.82,63.46,,
45835,64.07,63.82,,
45838,63.85,64.07,,
45839,64.15,63.85,,
45840,66.01,64.15,,
45841,65.62,66.01,,
45845,66.49,65.62,,
45846,66.98,66.49,,
45847,66.97,66.98,,
45848,65.38,66.97,,
45849,67.04,65.38,,
45852,65.81,67.04,,
45853,65.37,65.81,,
45854,65.19,65.37,,
45855,66.23,65.19,,
45856,66.05,66.23,,
45859,65.95,66.05,,
45860,65.31,65.95,,
45861,64.49,65.31,,
45862,65.13,64.49,,
45863,64.34,65.13,,
45866,65.91,64.34,,
45867,68.28,65.91,,
45868,68.93,68.28,,
45869,68.2,68.93,,
45870,66.2,68.2,,
45873,65.3,66.2,,
45874,64.2,65.3,,
45875,63.41,64.2,,
45876,63.04,63.41,,
45877,63,63.04,,
45880,63.09,63,,
45881,62.48,63.09,,
45882,61.93,62.48,,
45883,63.03,61.93,,
45884,61.98,63.03,,
45887,62.7,61.98,,
45888,61.77,62.7,,
45889,62.71,61.77,,
45890,63.11,62.71,,
45891,63.23,63.11,,
45894,64.31,63.23,,
45895,62.8,64.31,,
45896,63.59,62.8,,
45897,64.07,63.59,,
45898,63.46,64.07,,
45902,65.08,63.46,,
45903,63.57,65.08,,
45904,63.03,63.57,,
45905,61.46,63.03,,
45908,61.87,61.46,,
45909,62.29,61.87,,
45910,63.35,62.29,,
45911,62.08,63.35,,
45912,62.42,62.08,,
45915,63.02,62.42,,
45916,64.16,63.02,,
45917,63.7,64.16,,
45918,63.26,63.7,,
45919,62.4,63.26,,
45922,62.28,62.4,,
45923,62.93,62.28,,
45924,64.39,62.93,,
45925,64.4,64.39,,
45926,65.14,64.4,,
45929,63.01,65.14,,
45930,61.96,63.01,,
45931,61.39,61.96,,
45932,60.16,61.39,,
45933,60.53,60.16,,
45936,61.34,60.53,,
45937,61.32,61.34,,
45938,62.02,61.32,,
45939,61.03,62.02,,
45940,58.48,61.03,,
45943,59.07,58.48,,
45944,58.27,59.07,,
45945,57.84,58.27,,
45946,56.99,57.84,,
45947,57.15,56.99,,
45950,57.02,57.15,,
45951,57.24,57.02,,
45952,58.32,57.24,,
45953,61.16,58.32,,
45954,60.96,61.16,,
45957,60.78,60.96,,
45958,59.78,60.78,,
45959,60.16,59.78,,
45960,60.2,60.16,,
45961,60.6,60.2,,
45964,60.75,60.6,,
45965,60.31,60.75,,
45966,59.42,60.31,,
45967,59.3,59.42,,
45968,59.62,59.3,,
45971,60.03,59.62,,
45972,60.99,60.03,,
45973,58.49,60.99,,
45974,58.64,58.49,,
45975,59.95,58.64,,
45978,59.86,59.95,,
45979,60.67,59.86,,
45980,59.25,60.67,,
45981,59,59.25,,
45982,57.81,59,,
45985,58.59,57.81,,
45986,57.74,58.59,,
45987,58.42,57.74,,
45989,58.29,58.42,,
45992,59.07,58.29,,
45993,58.38,59.07,,
45994,58.66,58.38,,
45995,59.31,58.66,,
45996,59.78,59.31,,
45999,58.63,59.78,,
46000,58.08,58.63,,
46001,58.3,58.08,,
46002,57.45,58.3,,
46003,57.24,57.45,,
46006,56.67,57.24,,
46007,55.13,56.67,,
46008,55.81,55.13,,
46009,56,55.81,,
46010,56.52,56,,
46013,57.84,56.52,,
46014,58.13,57.84,,
46015,58.13,58.13,,
46017,56.56,58.13,,
46020,57.85,56.56,,
46021,57.74,57.85,,
46022,57.22,57.74,,
46024,57.12,57.22,,
46027,58.08,57.12,,
46028,56.94,58.08,,
46029,55.9,56.94,,
46030,57.64,55.9,,
46031,58.94,57.64,,
46034,59.32,58.94,,
46035,60.93,59.32,,
46036,61.88,60.93,,
46037,59.08,61.88,,
46038,59.34,59.08,,
46042,60.36,59.34,,
46043,60.39,60.36,,
46044,59.17,60.39,,
46045,60.79,59.17,,
46048,60.42,60.79,,
46049,62.1,60.42,,
46050,62.91,62.1,,
46051,65.01,62.91,,
46052,64.74,65.01,,
46055,61.72,64.74,,
46056,62.83,61.72,,
46057,64.75,62.83,,
46058,63.01,64.75,,
46059,63.36,63.01,,
46062,64.2,63.36,,
46063,63.79,64.2,,
46064,64.46,63.79,,
46065,62.65,64.46,,
46066,62.75,62.65,,
46070,62.26,62.75,,
46071,65.05,62.26,,
46072,66.4,65.05,,
46073,66.48,66.4,,
46076,66.13,66.48,,
46077,65.54,66.13,,
46078,65.33,65.54,,
46079,65.11,65.33,,
46080,66.89,65.11,,
46083,70.72,66.89,,
46084,73.55,70.72,,
46085,73.46,73.55,,
46086,78.64,73.46,,
46087,87.52,78.64,,
46090,91.48,87.52,,
46091,82.1,91.48,,
46092,86.07,82.1,,
46093,94.43,86.07,,
46094,96.84,94.43,,
46097,92.46,96.84,,
46098,95.53,92.46,,
46099,95.46,95.53,,
46100,95.55,95.46,,
46101,98.23,95.55,,
46104,85.37,98.23,,
46105,89.75,85.37,,
46106,87.78,89.75,,
46107,91.15,87.78,,
46108,94.19,91.15,,
46111,96.02,94.19,,
46112,93.16,96.02,,
46113,90.88,93.16,,
46114,98.04,90.88,,
46115,98.04,98.04,,
46118,98.47,98.04,,
46119,99.38,98.47,,
46120,87.75,99.38,,
46121,89.93,87.75,,
46122,89.58,89.93,,
46125,92.95,89.58,,
46126,88.19,92.95,,
46127,88.13,88.19,,
46128,91.17,88.13,,
46129,82.59,91.17,,
46132,87.42,82.59,,
46133,89.67,87.42,,
46134,88.38,89.67,,
46135,90.82,88.38,,
46136,89.58,90.82,,
46139,91.45,89.58,,
46140,94.55,91.45,,
46141,100.11,94.55,,
46142,99.14,100.11,,
46143,96.54,99.14,,
46146,101.51,96.54,,
46147,98.07,101.51,,