USCRWTIC Index,,,,
42758,51.95,#N/A N/A,,
42759,52.53,51.95,,
42760,52.25,52.53,,
42761,53.78,52.25,,
42762,53.17,53.78,,
42765,52.63,53.17,,
42766,52.81,52.63,,
42767,53.88,52.81,,
42768,53.54,53.88,,
42769,53.83,53.54,,
42772,53.01,53.83,,
42773,52.17,53.01,,
42774,52.34,52.17,,
42775,53,52.34,,
42776,53.86,53,,
42779,52.93,53.86,,
42780,53.2,52.93,,
42781,53.11,53.2,,
42782,53.36,53.11,,
42783,53.4,53.36,,
42787,54.06,53.4,,
42788,53.29,54.06,,
42789,54.1,53.29,,
42790,53.49,54.1,,
42793,54.05,53.49,,
42794,54.01,54.05,,
42795,53.83,54.01,,
42796,52.61,53.83,,
42797,53.33,52.61,,
42800,53.2,53.33,,
42801,53.14,53.2,,
42802,50.28,53.14,,
42803,49.28,50.28,,
42804,48.49,49.28,,
42807,48.4,48.49,,
42808,47.72,48.4,,
42809,48.86,47.72,,
42810,48.75,48.86,,
42811,48.78,48.75,,
42814,48.22,48.78,,
42815,47.34,48.22,,
42816,47.34,47.34,,
42817,47,47.34,,
42818,47.32,47,,
42821,47.73,47.32,,
42822,48.37,47.73,,
42823,49.51,48.37,,
42824,50.35,49.51,,
42825,50.6,50.35,,
42828,50.24,50.6,,
42829,51.03,50.24,,
42830,51.15,51.03,,
42831,51.7,51.15,,
42832,52.24,51.7,,
42835,53.08,52.24,,
42836,53.4,53.08,,
42837,53.11,53.4,,
42838,53.18,53.11,,
42842,52.65,53.18,,
42843,52.41,52.65,,
42844,50.44,52.41,,
42845,50.27,50.44,,
42846,49.27,50.27,,
42849,48.88,49.27,,
42850,49.21,48.88,,
42851,49.62,49.21,,
42852,48.97,49.62,,
42853,49.33,48.97,,
42856,48.84,49.33,,
42857,47.66,48.84,,
42858,47.82,47.66,,
42859,45.52,47.82,,
42860,46.22,45.52,,
42863,46.43,46.22,,
42864,45.88,46.43,,
42865,47.33,45.88,,
42866,47.83,47.33,,
42867,47.84,47.83,,
42870,48.85,47.84,,
42871,48.66,48.85,,
42872,49.07,48.66,,
42873,49.35,49.07,,
42874,50.33,49.35,,
42877,50.73,50.33,,
42878,51.17,50.73,,
42879,51.11,51.17,,
42880,48.65,51.11,,
42881,49.8,48.65,,
42885,49.66,49.8,,
42886,48.32,49.66,,
42887,48.36,48.32,,
42888,47.66,48.36,,
42891,47.4,47.66,,
42892,48.19,47.4,,
42893,45.72,48.19,,
42894,45.64,45.72,,
42895,45.83,45.64,,
42898,46.08,45.83,,
42899,46.46,46.08,,
42900,44.73,46.46,,
42901,44.46,44.73,,
42902,44.74,44.46,,
42905,44.2,44.74,,
42906,43.23,44.2,,
42907,42.31,43.23,,
42908,42.54,42.31,,
42909,42.81,42.54,,
42912,43.38,42.81,,
42913,44.24,43.38,,
42914,44.74,44.24,,
42915,44.93,44.74,,
42916,46.04,44.93,,
42921,45.13,46.04,,
42922,45.52,45.13,,
42923,44.23,45.52,,
42926,44.4,44.23,,
42927,45.04,44.4,,
42928,45.49,45.04,,
42929,46.08,45.49,,
42930,46.54,46.08,,
42933,46.02,46.54,,
42934,46.4,46.02,,
42935,47.12,46.4,,
42936,46.79,47.12,,
42937,45.62,46.79,,
42940,46.19,45.62,,
42941,47.77,46.19,,
42942,48.75,47.77,,
42943,49.04,48.75,,
42944,49.71,49.04,,
42947,50.17,49.71,,
42948,49.16,50.17,,
42949,49.59,49.16,,
42950,49.03,49.59,,
42951,49.58,49.03,,
42954,49.39,49.58,,
42955,49.17,49.39,,
42956,49.56,49.17,,
42957,48.59,49.56,,
42958,48.82,48.59,,
42961,47.59,48.82,,
42962,47.55,47.59,,
42963,46.78,47.55,,
42964,47.09,46.78,,
42965,48.51,47.09,,
42968,47.37,48.51,,
42969,47.64,47.37,,
42970,48.26,47.64,,
42971,47.23,48.26,,
42972,47.62,47.23,,
42975,46.57,47.62,,
42976,46.44,46.57,,
42977,45.96,46.44,,
42978,47.23,45.96,,
42979,47.29,47.23,,
42983,48.66,47.29,,
42984,49.16,48.66,,
42985,49.09,49.16,,
42986,47.48,49.09,,
42989,48.07,47.48,,
42990,48.23,48.07,,
42991,49.3,48.23,,
42992,49.89,49.3,,
42993,49.89,49.89,,
42996,49.91,49.89,,
42997,49.48,49.91,,
42998,50.41,49.48,,
42999,50.2,50.41,,
43000,50.31,50.2,,
43003,51.92,50.31,,
43004,51.88,51.92,,
43005,52.14,51.88,,
43006,51.56,52.14,,
43007,51.67,51.56,,
43010,50.58,51.67,,
43011,50.42,50.58,,
43012,49.98,50.42,,
43013,50.79,49.98,,
43014,49.29,50.79,,
43017,49.58,49.29,,
43018,50.92,49.58,,
43019,51.3,50.92,,
43020,50.6,51.3,,
43021,51.45,50.6,,
43024,51.87,51.45,,
43025,51.88,51.87,,
43026,52.04,51.88,,
43027,51.29,52.04,,
43028,51.47,51.29,,
43031,51.72,51.47,,
43032,52.29,51.72,,
43033,51.88,52.29,,
43034,52.64,51.88,,
43035,53.9,52.64,,
43038,54.15,53.9,,
43039,54.38,54.15,,
43040,54.3,54.38,,
43041,54.54,54.3,,
43042,55.64,54.54,,
43045,57.35,55.64,,
43046,57.2,57.35,,
43047,56.81,57.2,,
43048,57.17,56.81,,
43049,56.74,57.17,,
43052,56.76,56.74,,
43053,55.7,56.76,,
43054,55.33,55.7,,
43055,55.14,55.33,,
43056,56.55,55.14,,
43059,56.09,56.55,,
43060,56.72,56.09,,
43061,57.97,56.72,,
43066,58.11,57.97,,
43067,57.99,58.11,,
43068,57.3,57.99,,
43069,57.4,57.3,,
43070,58.36,57.4,,
43073,57.47,58.36,,
43074,57.62,57.47,,
43075,55.96,57.62,,
43076,56.69,55.96,,
43077,57.36,56.69,,
43080,57.99,57.36,,
43081,57.14,57.99,,
43082,56.6,57.14,,
43083,57.04,56.6,,
43084,57.3,57.04,,
43087,57.16,57.3,,
43088,57.46,57.16,,
43089,58.02,57.46,,
43090,58.33,58.02,,
43091,58.42,58.33,,
43095,59.97,58.42,,
43096,59.64,59.97,,
43097,59.84,59.64,,
43098,60.42,59.84,,
43102,60.37,60.42,,
43103,61.63,60.37,,
43104,62.01,61.63,,
43105,61.44,62.01,,
43108,61.73,61.44,,
43109,62.96,61.73,,
43110,63.57,62.96,,
43111,63.8,63.57,,
43112,64.3,63.8,,
43116,63.73,64.3,,
43117,63.97,63.73,,
43118,63.95,63.97,,
43119,63.37,63.95,,
43122,63.49,63.37,,
43123,64.52,63.49,,
43124,65.71,64.52,,
43125,65.61,65.71,,
43126,66.14,65.61,,
43129,65.56,66.14,,
43130,64.5,65.56,,
43131,64.73,64.5,,
43132,65.8,64.73,,
43133,65.45,65.8,,
43136,64.15,65.45,,
43137,63.39,64.15,,
43138,61.79,63.39,,
43139,61.15,61.79,,
43140,59.2,61.15,,
43143,59.29,59.2,,
43144,59.19,59.29,,
43145,60.6,59.19,,
43146,61.34,60.6,,
43147,61.68,61.34,,
43151,61.9,61.68,,
43152,61.63,61.9,,
43153,62.72,61.63,,
43154,63.48,62.72,,
43157,63.91,63.48,,
43158,63.01,63.91,,
43159,61.64,63.01,,
43160,60.99,61.64,,
43161,61.25,60.99,,
43164,62.57,61.25,,
43165,62.6,62.57,,
43166,61.15,62.6,,
43167,60.12,61.15,,
43168,62.04,60.12,,
43171,61.36,62.04,,
43172,60.71,61.36,,
43173,60.96,60.71,,
43174,61.19,60.96,,
43175,62.34,61.19,,
43178,62.06,62.34,,
43179,63.4,62.06,,
43180,65.12,63.4,,
43181,64.2,65.12,,
43182,65.83,64.2,,
43185,65.55,65.83,,
43186,65.25,65.55,,
43187,64.38,65.25,,
43188,64.94,64.38,,
43192,63.01,64.94,,
43193,63.51,63.01,,
43194,63.37,63.51,,
43195,63.54,63.37,,
43196,62.06,63.54,,
43199,63.42,62.06,,
43200,65.51,63.42,,
43201,66.82,65.51,,
43202,67.07,66.82,,
43203,67.39,67.07,,
43206,66.22,67.39,,
43207,66.52,66.22,,
43208,68.47,66.52,,
43209,68.29,68.47,,
43210,68.38,68.29,,
43213,68.59,68.38,,
43214,67.65,68.59,,
43215,69,67.65,,
43216,68.19,69,,
43217,68.1,68.19,,
43220,68.57,68.1,,
43221,67.25,68.57,,
43222,67.93,67.25,,
43223,68.43,67.93,,
43224,69.72,68.43,,
43227,70.73,69.72,,
43228,69.06,70.73,,
43229,71.14,69.06,,
43230,71.36,71.14,,
43231,70.7,71.36,,
43234,70.96,70.7,,
43235,71.31,70.96,,
43236,71.49,71.31,,
43237,71.49,71.49,,
43238,71.28,71.49,,
43241,72.24,71.28,,
43242,72.13,72.24,,
43243,71.83,72.13,,
43244,70.72,71.83,,
43245,67.91,70.72,,
43249,66.73,67.91,,
43250,68.21,66.73,,
43251,67.04,68.21,,
43252,65.81,67.04,,
43255,64.75,65.81,,
43256,65.52,64.75,,
43257,64.73,65.52,,
43258,65.95,64.73,,
43259,65.74,65.95,,
43262,66.1,65.74,,
43263,66.36,66.1,,
43264,66.64,66.36,,
43265,66.89,66.64,,
43266,65.06,66.89,,
43269,65.85,65.06,,
43270,65.07,65.85,,
43271,66.22,65.07,,
43272,65.84,66.22,,
43273,68.98,65.84,,
43276,71.58,68.98,,
43277,70.53,71.58,,
43278,72.76,70.53,,
43279,73.45,72.76,,
43280,74.15,73.45,,
43283,73.94,74.15,,
43284,74.14,73.94,,
43286,72.94,74.14,,
43287,73.8,72.94,,
43290,73.85,73.8,,
43291,74.11,73.85,,
43292,70.38,74.11,,
43293,70.33,70.38,,
43294,71.01,70.33,,
43297,68.06,71.01,,
43298,68.08,68.06,,
43299,68.76,68.08,,
43300,69.46,68.76,,
43301,70.46,69.46,,
43304,69.54,70.46,,
43305,70.52,69.54,,
43306,71.1,70.52,,
43307,69.61,71.1,,
43308,68.69,69.61,,
43311,70.13,68.69,,
43312,68.76,70.13,,
43313,67.66,68.76,,
43314,68.96,67.66,,
43315,68.49,68.96,,
43318,69.01,68.49,,
43319,69.17,69.01,,
43320,66.94,69.17,,
43321,66.81,66.94,,
43322,67.63,66.81,,
43325,67.2,67.63,,
43326,67.04,67.2,,
43327,65.01,67.04,,
43328,65.46,65.01,,
43329,65.91,65.46,,
43332,66.43,65.91,,
43333,67.35,66.43,,
43334,69.06,67.35,,
43335,68.83,69.06,,
43336,69.82,68.83,,
43339,68.87,69.82,,
43340,68.53,68.87,,
43341,69.51,68.53,,
43342,70.25,69.51,,
43343,69.8,70.25,,
43347,69.87,69.8,,
43348,68.72,69.87,,
43349,67.77,68.72,,
43350,67.75,67.77,,
43353,67.54,67.75,,
43354,69.25,67.54,,
43355,70.37,69.25,,
43356,68.59,70.37,,
43357,68.99,68.59,,
43360,68.91,68.99,,
43361,69.85,68.91,,
43362,71.12,69.85,,
43363,70.8,71.12,,
43364,71.78,70.8,,
43367,73.08,71.78,,
43368,72.58,73.08,,
43369,71.57,72.58,,
43370,72.12,71.57,,
43371,73.25,72.12,,
43374,75.3,73.25,,
43375,75.23,75.3,,
43376,76.41,75.23,,
43377,74.33,76.41,,
43378,74.34,74.33,,
43381,74.29,74.34,,
43382,74.96,74.29,,
43383,73.17,74.96,,
43384,70.97,73.17,,
43385,71.34,70.97,,
43388,71.78,71.34,,
43389,71.92,71.78,,
43390,69.75,71.92,,
43391,68.65,69.75,,
43392,69.12,68.65,,
43395,69.17,69.12,,
43396,66.33,69.17,,
43397,66.77,66.33,,
43398,66.28,66.77,,
43399,67.59,66.28,,
43402,67.04,67.59,,
43403,66.18,67.04,,
43404,65.31,66.18,,
43405,63.69,65.31,,
43406,63.14,63.69,,
43409,63.1,63.14,,
43410,62.21,63.1,,
43411,61.67,62.21,,
43412,60.67,61.67,,
43413,60.19,60.67,,
43416,59.93,60.19,,
43417,55.69,59.93,,
43418,56.25,55.69,,
43419,56.46,56.25,,
43420,56.46,56.46,,
43423,56.76,56.46,,
43424,53.33,56.76,,
43425,54.43,53.33,,
43430,51.63,54.43,,
43431,51.56,51.63,,
43432,50.29,51.56,,
43433,51.45,50.29,,
43434,50.93,51.45,,
43437,52.95,50.93,,
43438,53.25,52.95,,
43439,52.89,53.25,,
43440,51.49,52.89,,
43441,52.61,51.49,,
43444,51,52.61,,
43445,51.65,51,,
43446,51.15,51.65,,
43447,52.58,51.15,,
43448,51.2,52.58,,
43451,49.88,51.2,,
43452,46.24,49.88,,
43453,47.2,46.24,,
43454,45.63,47.2,,
43455,45.39,45.63,,
43460,46.22,45.39,,
43461,44.61,46.22,,
43462,45.33,44.61,,
43465,45.41,45.33,,
43467,46.54,45.41,,
43468,47.09,46.54,,
43469,47.96,47.09,,
43472,48.52,47.96,,
43473,49.78,48.52,,
43474,52.36,49.78,,
43475,52.59,52.36,,
43476,51.59,52.59,,
43479,50.51,51.59,,
43480,52.11,50.51,,
43481,52.31,52.11,,
43482,52.07,52.31,,
43483,53.8,52.07,,
43487,52.57,53.8,,
43488,52.42,52.57,,
43489,52.98,52.42,,
43490,53.49,52.98,,
43493,51.99,53.49,,
43494,53.31,51.99,,
43495,54.23,53.31,,
43496,53.79,54.23,,
43497,55.26,53.79,,
43500,54.56,55.26,,
43501,53.66,54.56,,
43502,54.01,53.66,,
43503,52.64,54.01,,
43504,52.72,52.64,,
43507,52.41,52.72,,
43508,53.1,52.41,,
43509,53.9,53.1,,
43510,54.41,53.9,,
43511,55.59,54.41,,
43515,56.09,55.59,,
43516,56.92,56.09,,
43517,56.75,56.92,,
43518,57.11,56.75,,
43521,55.33,57.11,,
43522,55.5,55.33,,
43523,56.94,55.5,,
43524,57.22,56.94,,
43525,55.8,57.22,,
43528,56.59,55.8,,
43529,56.56,56.59,,
43530,56.22,56.56,,
43531,56.66,56.22,,
43532,56.07,56.66,,
43535,56.79,56.07,,
43536,56.87,56.79,,
43537,58.26,56.87,,
43538,58.61,58.26,,
43539,58.52,58.61,,
43542,59.09,58.52,,
43543,59.03,59.09,,
43544,59.83,59.03,,
43545,59.83,59.83,,
43546,58.94,59.83,,
43549,58.77,58.94,,
43550,59.94,58.77,,
43551,59.41,59.94,,
43552,59.3,59.41,,
43553,60.14,59.3,,
43556,61.59,60.14,,
43557,62.58,61.59,,
43558,62.46,62.58,,
43559,62.1,62.46,,
43560,63.08,62.1,,
43563,64.4,63.08,,
43564,63.98,64.4,,
43565,64.61,63.98,,
43566,63.58,64.61,,
43567,63.89,63.58,,
43570,63.4,63.89,,
43571,64.05,63.4,,
43572,63.76,64.05,,
43573,64,63.76,,
43577,65.7,64,,
43578,66.4,65.7,,
43579,65.84,66.4,,
43580,65.14,65.84,,
43581,63.3,65.14,,
43584,63.5,63.3,,
43585,63.91,63.5,,
43586,63.6,63.91,,
43587,61.81,63.6,,
43588,61.94,61.81,,
43591,62.25,61.94,,
43592,61.4,62.25,,
43593,62.12,61.4,,
43594,61.7,62.12,,
43595,61.66,61.7,,
43598,61.04,61.66,,
43599,61.78,61.04,,
43600,62.02,61.78,,
43601,62.87,62.02,,
43602,62.76,62.87,,
43605,63.1,62.76,,
43606,62.99,63.1,,
43607,61.22,62.99,,
43608,57.71,61.22,,
43609,58.43,57.71,,
43613,59.14,58.43,,
43614,58.81,59.14,,
43615,56.59,58.81,,
43616,53.5,56.59,,
43619,53.25,53.5,,
43620,53.48,53.25,,
43621,51.68,53.48,,
43622,52.59,51.68,,
43623,53.99,52.59,,
43626,53.26,53.99,,
43627,53.27,53.26,,
43628,51.14,53.27,,
43629,52.28,51.14,,
43630,52.51,52.28,,
43633,51.93,52.51,,
43634,53.9,51.93,,
43635,53.76,53.9,,
43636,56.65,53.76,,
43637,57.28,56.65,,
43640,57.7,57.28,,
43641,57.59,57.7,,
43642,59.38,57.59,,
43643,59.43,59.38,,
43644,58.47,59.43,,
43647,59.09,58.47,,
43648,56.25,59.09,,
43649,57.34,56.25,,
43651,57.51,57.34,,
43654,57.66,57.51,,
43655,57.83,57.66,,
43656,60.43,57.83,,
43657,60.2,60.43,,
43658,60.21,60.2,,
43661,59.58,60.21,,
43662,57.62,59.58,,
43663,56.78,57.62,,
43664,55.3,56.78,,
43665,55.63,55.3,,
43668,56.22,55.63,,
43669,56.65,56.22,,
43670,55.69,56.65,,
43671,55.84,55.69,,
43672,56.2,55.84,,
43675,56.87,56.2,,
43676,58.05,56.87,,
43677,58.58,58.05,,
43678,53.95,58.58,,
43679,55.66,53.95,,
43682,54.69,55.66,,
43683,53.63,54.69,,
43684,51.09,53.63,,
43685,52.54,51.09,,
43686,54.5,52.54,,
43689,54.93,54.5,,
43690,57.1,54.93,,
43691,55.23,57.1,,
43692,54.47,55.23,,
43693,54.87,54.47,,
43696,56.21,54.87,,
43697,56.34,56.21,,
43698,55.73,56.34,,
43699,55.25,55.73,,
43700,54.11,55.25,,
43703,53.64,54.11,,
43704,54.93,53.64,,
43705,55.78,54.93,,
43706,56.71,55.78,,
43707,55.1,56.71,,
43711,53.94,55.1,,
43712,56.26,53.94,,
43713,56.3,56.26,,
43714,56.52,56.3,,
43717,57.85,56.52,,
43718,57.4,57.85,,
43719,55.75,57.4,,
43720,55.09,55.75,,
43721,54.85,55.09,,
43724,62.9,54.85,,
43725,59.34,62.9,,
43726,58.11,59.34,,
43727,58.13,58.11,,
43728,58.09,58.13,,
43731,58.49,58.09,,
43732,57.17,58.49,,
43733,56.32,57.17,,
43734,56.41,56.32,,
43735,55.91,56.41,,
43738,54.07,55.91,,
43739,53.62,54.07,,
43740,52.64,53.62,,
43741,52.45,52.64,,
43742,52.81,52.45,,
43745,52.75,52.81,,
43746,52.63,52.75,,
43747,52.59,52.63,,
43748,53.55,52.59,,
43749,54.7,53.55,,
43752,53.59,54.7,,
43753,52.81,53.59,,
43754,53.36,52.81,,
43755,53.93,53.36,,
43756,53.78,53.93,,
43759,53.31,53.78,,
43760,54.16,53.31,,
43761,55.77,54.16,,
43762,56.02,55.77,,
43763,56.46,56.02,,
43766,55.81,56.46,,
43767,55.54,55.81,,
43768,55.06,55.54,,
43769,54.18,55.06,,
43770,56.2,54.18,,
43773,56.54,56.2,,
43774,57.23,56.54,,
43775,56.35,57.23,,
43776,57.15,56.35,,
43777,57.24,57.15,,
43780,56.86,57.24,,
43781,56.8,56.86,,
43782,57.12,56.8,,
43783,56.77,57.12,,
43784,57.72,56.77,,
43787,57.05,57.72,,
43788,55.21,57.05,,
43789,57.11,55.21,,
43790,58.53,57.11,,
43791,57.7,58.53,,
43794,57.94,57.7,,
43795,58.41,57.94,,
43796,58.11,58.41,,
43801,55.96,58.11,,
43802,56.1,55.96,,
43803,58.43,56.1,,
43804,58.43,58.43,,
43805,59.2,58.43,,
43808,59.02,59.2,,
43809,59.24,59.02,,
43810,58.76,59.24,,
43811,59.18,58.76,,
43812,60.07,59.18,,
43815,60.21,60.07,,
43816,60.94,60.21,,
43817,60.93,60.94,,
43818,61.22,60.93,,
43819,60.41,61.22,,
43822,60.51,60.41,,
43823,61.06,60.51,,
43825,61.68,61.06,,
43826,61.72,61.68,,
43829,61.68,61.72,,
43830,61.06,61.68,,
43832,61.18,61.06,,
43833,63.05,61.18,,
43836,63.27,63.05,,
43837,62.7,63.27,,
43838,59.61,62.7,,
43839,59.56,59.61,,
43840,59.04,59.56,,
43843,58.08,59.04,,
43844,58.23,58.08,,
43845,57.81,58.23,,
43846,58.52,57.81,,
43847,58.54,58.52,,
43851,58.34,58.54,,
43852,56.64,58.34,,
43853,55.5,56.64,,
43854,54.12,55.5,,
43857,53.14,54.12,,
43858,53.48,53.14,,
43859,53.33,53.48,,
43860,52.14,53.33,,
43861,51.56,52.14,,
43864,50.11,51.56,,
43865,49.61,50.11,,
43866,50.75,49.61,,
43867,50.95,50.75,,
43868,50.32,50.95,,
43871,49.57,50.32,,
43872,49.94,49.57,,
43873,51.17,49.94,,
43874,51.42,51.17,,
43875,52.05,51.42,,
43879,52.05,52.05,,
43880,53.29,52.05,,
43881,53.78,53.29,,
43882,53.3,53.78,,
43885,51.33,53.3,,
43886,49.76,51.33,,
43887,48.73,49.76,,
43888,47.09,48.73,,
43889,44.76,47.09,,
43892,46.75,44.76,,
43893,47.18,46.75,,
43894,46.78,47.18,,
43895,45.9,46.78,,
43896,41.28,45.9,,
43899,31.13,41.28,,
43900,34.36,31.13,,
43901,32.98,34.36,,
43902,31.5,32.98,,
43903,31.73,31.5,,
43906,28.7,31.73,,
43907,26.95,28.7,,
43908,20.37,26.95,,
43909,25.22,20.37,,
43910,22.43,25.22,,
43913,20.36,22.43,,
43914,20.01,20.36,,
43915,18.99,20.01,,
43916,22.6,18.99,,
43917,21.51,22.6,,
43920,20.09,21.51,,
43921,20.48,20.09,,
43922,20.31,20.48,,
43923,25.32,20.31,,
43924,28.34,25.32,,
43927,26.08,28.34,,
43928,23.63,26.08,,
43929,25.09,23.63,,
43930,22.76,25.09,,
43934,22.41,22.76,,
43935,20.11,22.41,,
43936,19.87,20.11,,
43937,19.87,19.87,,
43938,18.27,19.87,,
43941,-37.63,18.27,,
43942,10.01,-37.63,,
43943,12.28,10.01,,
43944,15.75,12.28,,
43945,16.04,15.75,,
43948,12.78,16.04,,
43949,12.34,12.78,,
43950,15.06,12.34,,
43951,18.84,15.06,,
43952,19.78,18.84,,
43955,20.39,19.78,,
43956,24.56,20.39,,
43957,23.99,24.56,,
43958,23.55,23.99,,
43959,24.74,23.55,,
43962,24.14,24.74,,
43963,25.78,24.14,,
43964,25.29,25.78,,
43965,27.56,25.29,,
43966,29.43,27.56,,
43969,31.82,29.43,,
43970,32.5,31.82,,
43971,33.79,32.5,,
43972,34.17,33.79,,
43973,33.55,34.17,,
43977,34.35,33.55,,
43978,32.81,34.35,,
43979,33.71,32.81,,
43980,35.49,33.71,,
43983,35.44,35.49,,
43984,36.81,35.44,,
43985,37.29,36.81,,
43986,37.41,37.29,,
43987,39.55,37.41,,
43990,38.19,39.55,,
43991,38.94,38.19,,
43992,39.6,38.94,,
43993,36.34,39.6,,
43994,36.26,36.34,,
43997,37.12,36.26,,
43998,38.38,37.12,,
43999,37.96,38.38,,
44000,38.84,37.96,,
44001,39.75,38.84,,
44004,40.46,39.75,,
44005,40.27,40.46,,
44006,37.91,40.27,,
44007,38.67,37.91,,
44008,38.49,38.67,,
44011,39.7,38.49,,
44012,39.27,39.7,,
44013,39.82,39.27,,
44014,40.65,39.82,,
44019,40.62,40.65,,
44020,40.9,40.62,,
44021,39.62,40.9,,
44022,40.55,39.62,,
44025,40.1,40.55,,
44026,40.29,40.1,,
44027,41.2,40.29,,
44028,40.75,41.2,,
44029,40.59,40.75,,
44032,40.81,40.59,,
44033,41.96,40.81,,
44034,41.85,41.96,,
44035,41.02,41.85,,
44036,41.14,41.02,,
44039,41.6,41.14,,
44040,41.04,41.6,,
44041,41.27,41.04,,
44042,39.92,41.27,,
44043,40.27,39.92,,
44046,41.01,40.27,,
44047,41.7,41.01,,
44048,42.19,41.7,,
44049,41.95,42.19,,
44050,41.22,41.95,,
44053,41.94,41.22,,
44054,41.61,41.94,,
44055,42.67,41.61,,
44056,42.24,42.67,,
44057,42.01,42.24,,
44060,42.89,42.01,,
44061,42.89,42.89,,
44062,42.93,42.89,,
44063,42.58,42.93,,
44064,42.19,42.58,,
44067,42.47,42.19,,
44068,43.15,42.47,,
44069,43.39,43.15,,
44070,43.04,43.39,,
44071,42.97,43.04,,
44074,42.61,42.97,,
44075,42.76,42.61,,
44076,41.51,42.76,,
44077,41.37,41.51,,
44078,39.77,41.37,,
44082,36.76,39.77,,
44083,38.05,36.76,,
44084,37.3,38.05,,
44085,37.33,37.3,,
44088,37.26,37.33,,
44089,38.28,37.26,,
44090,40.16,38.28,,
44091,40.97,40.16,,
44092,41.11,40.97,,
44095,39.31,41.11,,
44096,39.6,39.31,,
44097,39.73,39.6,,
44098,40.16,39.73,,
44099,40.1,40.16,,
44102,40.6,40.1,,
44103,39.29,40.6,,
44104,40.22,39.29,,
44105,38.72,40.22,,
44106,37.05,38.72,,
44109,39.22,37.05,,
44110,40.67,39.22,,
44111,39.95,40.67,,
44112,41.19,39.95,,
44113,40.6,41.19,,
44116,39.43,40.6,,
44117,40.2,39.43,,
44118,41.04,40.2,,
44119,40.96,41.04,,
44120,40.88,40.96,,
44123,40.83,40.88,,
44124,41.46,40.83,,
44125,39.83,41.46,,
44126,40.47,39.83,,
44127,39.67,40.47,,
44130,38.56,39.67,,
44131,39.57,38.56,,
44132,37.39,39.57,,
44133,36.17,37.39,,
44134,35.79,36.17,,
44137,36.81,35.79,,
44138,37.66,36.81,,
44139,39.15,37.66,,
44140,38.79,39.15,,
44141,37.14,38.79,,
44144,40.29,37.14,,
44145,41.36,40.29,,
44146,41.45,41.36,,
44147,41.12,41.45,,
44148,40.13,41.12,,
44151,41.34,40.13,,
44152,41.43,41.34,,
44153,41.82,41.43,,
44154,41.74,41.82,,
44155,42.15,41.74,,
44158,42.88,42.15,,
44159,44.71,42.88,,
44160,45.51,44.71,,
44165,45.34,45.51,,
44166,44.55,45.34,,
44167,45.28,44.55,,
44168,45.64,45.28,,
44169,46.26,45.64,,
44172,45.76,46.26,,
44173,45.6,45.76,,
44174,45.52,45.6,,
44175,46.78,45.52,,
44176,46.57,46.78,,
44179,46.99,46.57,,
44180,47.62,46.99,,
44181,47.82,47.62,,
44182,48.36,47.82,,
44183,49.1,48.36,,
44186,47.74,49.1,,
44187,46.9,47.74,,
44188,47.97,46.9,,
44189,48.08,47.97,,
44193,47.62,48.08,,
44194,48,47.62,,
44195,48.4,48,,
44196,48.52,48.4,,
44200,47.62,48.52,,
44201,49.93,47.62,,
44202,50.63,49.93,,
44203,50.83,50.63,,
44204,52.24,50.83,,
44207,52.25,52.24,,
44208,53.21,52.25,,
44209,52.91,53.21,,
44210,53.57,52.91,,
44211,52.36,53.57,,
44215,52.98,52.36,,
44216,53.24,52.98,,
44217,53.09,53.24,,
44218,52.25,53.09,,
44221,52.75,52.25,,
44222,52.61,52.75,,
44223,52.85,52.61,,
44224,52.34,52.85,,
44225,52.2,52.34,,
44228,53.55,52.2,,
44229,54.76,53.55,,
44230,55.69,54.76,,
44231,56.23,55.69,,
44232,56.85,56.23,,
44235,57.97,56.85,,
44236,58.36,57.97,,
44237,58.68,58.36,,
44238,58.24,58.68,,
44239,59.47,58.24,,
44243,60.05,59.47,,
44244,61.14,60.05,,
44245,60.52,61.14,,
44246,59.24,60.52,,
44249,61.49,59.24,,
44250,61.62,61.49,,
44251,63.18,61.62,,
44252,63.57,63.18,,
44253,61.5,63.57,,
44256,60.64,61.5,,
44257,59.75,60.64,,
44258,61.28,59.75,,
44259,63.83,61.28,,
44260,66.09,63.83,,
44263,65.05,66.09,,
44264,64.01,65.05,,
44265,64.44,64.01,,
44266,66.02,64.44,,
44267,65.61,66.02,,
44270,65.39,65.61,,
44271,64.8,65.39,,
44272,64.6,64.8,,
44273,60,64.6,,
44274,61.42,60,,
44277,61.55,61.42,,
44278,57.71,61.55,,
44279,61.13,57.71,,
44280,58.49,61.13,,
44281,60.97,58.49,,
44284,61.56,60.97,,
44285,60.55,61.56,,
44286,59.16,60.55,,
44287,61.45,59.16,,
44292,59.33,61.45,,
44293,59.77,59.33,,
44294,59.6,59.77,,
44295,59.32,59.6,,
44298,59.7,59.32,,
44299,60.18,59.7,,
44300,63.15,60.18,,
44301,63.46,63.15,,
44302,63.13,63.46,,
44305,63.38,63.13,,
44306,62.44,63.38,,
44307,61.35,62.44,,
44308,61.46,61.35,,
44309,62.18,61.46,,
44312,61.91,62.18,,
44313,62.94,61.91,,
44314,63.86,62.94,,
44315,65.01,63.86,,
44316,63.58,65.01,,
44319,64.49,63.58,,
44320,65.69,64.49,,
44321,65.63,65.69,,
44322,64.71,65.63,,
44323,64.9,64.71,,
44326,64.92,64.9,,
44327,65.28,64.92,,
44328,66.08,65.28,,
44329,63.82,66.08,,
44330,65.37,63.82,,
44333,66.27,65.37,,
44334,65.49,66.27,,
44335,63.36,65.49,,
44336,62.05,63.36,,
44337,63.7,62.05,,
44340,66.2,63.7,,
44341,66.27,66.2,,
44342,66.21,66.27,,
44343,66.85,66.21,,
44344,66.32,66.85,,
44348,67.72,66.32,,
44349,68.83,67.72,,
44350,68.81,68.83,,
44351,69.62,68.81,,
44354,69.23,69.62,,
44355,70.05,69.23,,
44356,69.96,70.05,,
44357,70.29,69.96,,
44358,70.91,70.29,,
44361,70.88,70.91,,
44362,72.12,70.88,,
44363,72.15,72.12,,
44364,71.04,72.15,,
44365,71.64,71.04,,
44368,73.66,71.64,,
44369,73.06,73.66,,
44370,73.28,73.06,,
44371,73.45,73.28,,
44372,74.25,73.45,,
44375,72.91,74.25,,
44376,72.98,72.91,,
44377,73.47,72.98,,
44378,75.23,73.47,,
44379,75.16,75.23,,
44383,73.37,75.16,,
44384,72.2,73.37,,
44385,72.94,72.2,,
44386,74.56,72.94,,
44389,74.1,74.56,,
44390,75.25,74.1,,
44391,73.13,75.25,,
44392,71.65,73.13,,
44393,71.81,71.65,,
44396,66.42,71.81,,
44397,67.42,66.42,,
44398,70.55,67.42,,
44399,72.06,70.55,,
44400,72.27,72.06,,
44403,71.91,72.27,,
44404,71.65,71.91,,
44405,72.39,71.65,,
44406,73.62,72.39,,
44407,73.95,73.62,,
44410,71.26,73.95,,
44411,70.56,71.26,,
44412,68.15,70.56,,
44413,69.09,68.15,,
44414,68.28,69.09,,
44417,66.48,68.28,,
44418,68.29,66.48,,
44419,69.25,68.29,,
44420,69.09,69.25,,
44421,68.44,69.09,,
44424,67.29,68.44,,
44425,66.59,67.29,,
44426,65.46,66.59,,
44427,63.69,65.46,,
44428,62.32,63.69,,
44431,65.81,62.32,,
44432,67.67,65.81,,
44433,68.41,67.67,,
44434,67.42,68.41,,
44435,68.74,67.42,,
44438,69.21,68.74,,
44439,68.5,69.21,,
44440,68.59,68.5,,
44441,69.99,68.59,,
44442,69.29,69.99,,
44446,68.35,69.29,,
44447,69.3,68.35,,
44448,68.14,69.3,,
44449,69.72,68.14,,
44452,70.45,69.72,,
44453,70.46,70.45,,
44454,72.61,70.46,,
44455,72.61,72.61,,
44456,71.97,72.61,,
44459,70.29,71.97,,
44460,70.56,70.29,,
44461,72.33,70.56,,
44462,73.45,72.33,,
44463,74.13,73.45,,
44466,75.45,74.13,,
44467,75.29,75.45,,
44468,74.83,75.29,,
44469,75.03,74.83,,
44470,75.88,75.03,,
44473,77.62,75.88,,
44474,78.93,77.62,,
44475,77.43,78.93,,
44476,78.3,77.43,,
44477,79.35,78.3,,
44480,80.52,79.35,,
44481,80.64,80.52,,
44482,80.44,80.64,,
44483,81.31,80.44,,
44484,82.28,81.31,,
44487,82.44,82.28,,
44488,82.96,82.44,,
44489,83.87,82.96,,
44490,83.25,83.87,,
44491,84.61,83.25,,
44494,84.26,84.61,,
44495,84.65,84.26,,
44496,82.66,84.65,,
44497,82.81,82.66,,
44498,83.57,82.81,,
44501,84.05,83.57,,
44502,83.91,84.05,,
44503,80.86,83.91,,
44504,78.81,80.86,,
44505,81.27,78.81,,
44508,81.93,81.27,,
44509,84.15,81.93,,
44510,81.34,84.15,,
44511,81.59,81.34,,
44512,80.79,81.59,,
44515,80.88,80.79,,
44516,80.76,80.88,,
44517,78.36,80.76,,
44518,79.01,78.36,,
44519,76.1,79.01,,
44522,76.75,76.1,,
44523,78.45,76.75,,
44524,78.39,78.45,,
44529,69.95,78.39,,
44530,66.18,69.95,,
44531,65.57,66.18,,
44532,66.5,65.57,,
44533,66.26,66.5,,
44536,69.49,66.26,,
44537,72.05,69.49,,
44538,72.36,72.05,,
44539,70.94,72.36,,
44540,71.67,70.94,,
44543,71.29,71.67,,
44544,70.73,71.29,,
44545,70.87,70.73,,
44546,72.38,70.87,,
44547,70.86,72.38,,
44550,68.23,70.86,,
44551,71.22,68.23,,
44552,72.86,71.22,,
44553,73.74,72.86,,
44557,75.57,73.74,,
44558,75.98,75.57,,
44559,76.56,75.98,,
44560,76.99,76.56,,
44564,76.08,76.99,,
44565,76.99,76.08,,
44566,77.85,76.99,,
44567,79.46,77.85,,
44568,78.9,79.46,,
44571,78.23,78.9,,
44572,81.22,78.23,,
44573,82.64,81.22,,
44574,82.12,82.64,,
44575,83.82,82.12,,
44579,85.43,83.82,,
44580,86.96,85.43,,
44581,86.9,86.96,,
44582,86.33,86.9,,
44585,84.16,86.33,,
44586,86.55,84.16,,
44587,87.35,86.55,,
44588,86.61,87.35,,
44589,86.82,86.61,,
44592,88.15,86.82,,
44593,88.2,88.15,,
44594,88.26,88.2,,
44595,90.27,88.26,,
44596,92.31,90.27,,
44599,91.32,92.31,,
44600,89.36,91.32,,
44601,89.66,89.36,,
44602,89.88,89.66,,
44603,93.1,89.88,,
44606,95.46,93.1,,
44607,92.07,95.46,,
44608,93.66,92.07,,
44609,91.76,93.66,,
44610,91.07,91.76,,
44614,92.35,91.07,,
44615,92.65,92.35,,
44616,93.45,92.65,,
44617,92.17,93.45,,
44620,95.72,92.17,,
44621,103.41,95.72,,
44622,110.6,103.41,,
44623,107.67,110.6,,
44624,115.68,107.67,,
44627,119.4,115.68,,
44628,123.7,119.4,,
44629,108.7,123.7,,
44630,106.02,108.7,,
44631,109.33,106.02,,
44634,103.01,109.33,,
44635,96.44,103.01,,
44636,95.04,96.44,,
44637,102.98,95.04,,
44638,104.7,102.98,,
44641,112.12,104.7,,
44642,111.76,112.12,,
44643,116.67,111.76,,
44644,114.63,116.67,,
44645,115.42,114.63,,
44648,105.96,115.42,,
44649,104.24,105.96,,
44650,107.82,104.24,,
44651,100.28,107.82,,
44652,99.27,100.28,,
44655,103.28,99.27,,
44656,101.96,103.28,,
44657,96.23,101.96,,
44658,96.03,96.23,,
44659,98.26,96.03,,
44662,94.29,98.26,,
44663,100.6,94.29,,
44664,104.25,100.6,,
44665,106.95,104.25,,
44669,108.21,106.95,,
44670,102.56,108.21,,
44671,102.75,102.56,,
44672,104.51,102.75,,
44673,103.04,104.51,,
44676,99.49,103.04,,
44677,101.7,99.49,,
44678,102.02,101.7,,
44679,105.36,102.02,,
44680,104.69,105.36,,
44683,105.17,104.69,,
44684,102.41,105.17,,
44685,107.81,102.41,,
44686,108.26,107.81,,
44687,109.77,108.26,,
44690,103.09,109.77,,
44691,99.76,103.09,,
44692,105.71,99.76,,
44693,106.13,105.71,,
44694,110.49,106.13,,
44697,114.2,110.49,,
44698,112.4,114.2,,
44699,109.59,112.4,,
44700,112.21,109.59,,
44701,113.23,112.21,,
44704,113.02,113.23,,
44705,112.18,113.02,,
44706,112.61,112.18,,
44707,114.09,112.61,,
44708,115.07,114.09,,
44712,114.67,115.07,,
44713,115.26,114.67,,
44714,116.87,115.26,,
44715,118.87,116.87,,
44718,118.5,118.87,,
44719,119.41,118.5,,
44720,122.11,119.41,,
44721,121.51,122.11,,
44722,120.67,121.51,,
44725,120.93,120.67,,
44726,118.93,120.93,,
44727,115.31,118.93,,
44728,117.59,115.31,,
44729,109.56,117.59,,
44733,110.65,109.56,,
44734,107.73,110.65,,
44735,106.07,107.73,,
44736,109.58,106.07,,
44739,109.57,109.58,,
44740,111.76,109.57,,
44741,109.78,111.76,,
44742,105.76,109.78,,
44743,108.43,105.76,,
44747,99.5,108.43,,
44748,98.53,99.5,,
44749,102.73,98.53,,
44750,104.79,102.73,,
44753,104.09,104.79,,
44754,95.84,104.09,,
44755,96.3,95.84,,
44756,95.78,96.3,,
44757,97.59,95.78,,
44760,102.6,97.59,,
44761,104.22,102.6,,
44762,102.26,104.22,,
44763,99.4,102.26,,
44764,97.83,99.4,,
44767,99.6,97.83,,
44768,94.98,99.6,,
44769,97.26,94.98,,
44770,96.42,97.26,,
44771,98.62,96.42,,
44774,93.89,98.62,,
44775,94.42,93.89,,
44776,90.66,94.42,,
44777,88.54,90.66,,
44778,89.01,88.54,,
44781,90.76,89.01,,
44782,90.5,90.76,,
44783,91.93,90.5,,
44784,94.34,91.93,,
44785,92.09,94.34,,
44788,89.41,92.09,,
44789,86.53,89.41,,
44790,88.11,86.53,,
44791,90.5,88.11,,
44792,90.77,90.5,,
44795,90.23,90.77,,
44796,94.34,90.23,,
44797,95.65,94.34,,
44798,93.04,95.65,,
44799,93.06,93.04,,
44802,97.01,93.06,,
44803,91.64,97.01,,
44804,89.55,91.64,,
44805,86.61,89.55,,
44806,86.87,86.61,,
44810,86.88,86.87,,
44811,81.94,86.88,,
44812,83.54,81.94,,
44813,86.79,83.54,,
44816,87.78,86.79,,
44817,87.31,87.78,,
44818,88.48,87.31,,
44819,85.1,88.48,,
44820,85.11,85.1,,
44823,85.73,85.11,,
44824,84.45,85.73,,
44825,83.44,84.45,,
44826,83.83,83.44,,
44827,79.19,83.83,,
44830,76.71,79.19,,
44831,78.5,76.71,,
44832,82.15,78.5,,
44833,81.23,82.15,,
44834,79.49,81.23,,
44837,83.63,79.49,,
44838,86.52,83.63,,
44839,87.76,86.52,,
44840,88.45,87.76,,
44841,92.64,88.45,,
44844,91.13,92.64,,
44845,89.35,91.13,,
44846,87.27,89.35,,
44847,89.11,87.27,,
44848,85.61,89.11,,
44851,85.46,85.61,,
44852,82.82,85.46,,
44853,85.55,82.82,,
44854,85.98,85.55,,
44855,86.68,85.98,,
44858,86.23,86.68,,
44859,86.89,86.23,,
44860,87.91,86.89,,
44861,89.08,87.91,,
44862,87.9,89.08,,
44865,86.53,87.9,,
44866,88.37,86.53,,
44867,90,88.37,,
44868,88.17,90,,
44869,92.61,88.17,,
44872,91.79,92.61,,
44873,88.91,91.79,,
44874,85.83,88.91,,
44875,86.47,85.83,,
44876,88.96,86.47,,
44879,85.87,88.96,,
44880,86.92,85.87,,
44881,85.59,86.92,,
44882,81.64,85.59,,
44883,80.08,81.64,,
44886,79.73,80.08,,
44887,80.9,79.73,,
44888,77.86,80.9,,
44893,77.24,77.86,,
44894,78.2,77.24,,
44895,80.55,78.2,,
44896,81.22,80.55,,
44897,79.98,81.22,,
44900,76.93,79.98,,
44901,74.25,76.93,,
44902,72.01,74.25,,
44903,71.46,72.01,,
44904,71.02,71.46,,
44907,73.17,71.02,,
44908,75.39,73.17,,
44909,77.28,75.39,,
44910,76.11,77.28,,
44911,74.29,76.11,,
44914,75.19,74.29,,
44915,76.09,75.19,,
44916,78.14,76.09,,
44917,77.35,78.14,,
44918,79.47,77.35,,
44922,79.53,79.47,,
44923,78.96,79.53,,
44924,78.4,78.96,,
44925,80.26,78.4,,
44929,76.93,80.26,,
44930,72.84,76.93,,
44931,73.67,72.84,,
44932,73.77,73.67,,
44935,74.63,73.77,,
44936,75.12,74.63,,
44937,77.41,75.12,,
44938,78.39,77.41,,
44939,79.86,78.39,,
44943,80.18,79.86,,
44944,79.48,80.18,,
44945,80.33,79.48,,
44946,81.31,80.33,,
44949,81.26,81.31,,
44950,79.78,81.26,,
44951,79.8,79.78,,
44952,81.01,79.8,,
44953,79.68,81.01,,
44956,77.9,79.68,,
44957,78.87,77.9,,
44958,76.41,78.87,,
44959,75.88,76.41,,
44960,73.39,75.88,,
44963,74.11,73.39,,
44964,77.14,74.11,,
44965,78.47,77.14,,
44966,78.06,78.47,,
44967,79.72,78.06,,
44970,80.14,79.72,,
44971,79.06,80.14,,
44972,78.59,79.06,,
44973,78.49,78.59,,
44974,76.34,78.49,,
44978,76.16,76.34,,
44979,73.78,76.16,,
44980,75.25,73.78,,
44981,76.32,75.25,,
44984,75.68,76.32,,
44985,77.05,75.68,,
44986,77.69,77.05,,
44987,78.16,77.69,,
44988,79.68,78.16,,
44991,80.46,79.68,,
44992,77.58,80.46,,
44993,76.66,77.58,,
44994,75.72,76.66,,
44995,76.68,75.72,,
44998,74.8,76.68,,
44999,71.33,74.8,,
45000,67.61,71.33,,
45001,68.35,67.61,,
45002,66.74,68.35,,
45005,67.64,66.74,,
45006,69.33,67.64,,
45007,70.81,69.33,,
45008,69.97,70.81,,
45009,69.35,69.97,,
45012,72.81,69.35,,
45013,73.2,72.81,,
45014,72.97,73.2,,
45015,74.37,72.97,,
45016,75.67,74.37,,
45019,80.42,75.67,,
45020,80.71,80.42,,
45021,80.61,80.71,,
45022,80.7,80.61,,
45026,79.74,80.7,,
45027,81.53,79.74,,
45028,83.26,81.53,,
45029,82.16,83.26,,
45030,82.52,82.16,,
45033,80.83,82.52,,
45034,80.86,80.83,,
45035,79.16,80.86,,
45036,77.29,79.16,,
45037,77.81,77.29,,
45040,78.76,77.81,,
45041,77.11,78.76,,
45042,74.3,77.11,,
45043,74.76,74.3,,
45044,76.78,74.76,,
45047,75.66,76.78,,
45048,71.66,75.66,,
45049,68.6,71.66,,
45050,68.56,68.6,,
45051,71.34,68.56,,
45054,73.16,71.34,,
45055,73.71,73.16,,
45056,72.56,73.71,,
45057,70.87,72.56,,
45058,70.04,70.87,,
45061,71.11,70.04,,
45062,70.86,71.11,,
45063,72.83,70.86,,
45064,71.86,72.83,,
45065,71.55,71.86,,
45068,71.99,71.55,,
45069,72.76,71.99,,
45070,74.19,72.76,,
45071,71.53,74.19,,
45072,72.67,71.53,,
45076,69.46,72.67,,
45077,68.09,69.46,,
45078,70.1,68.09,,
45079,71.74,70.1,,
45082,72.15,71.74,,
45083,71.74,72.15,,
45084,72.53,71.74,,
45085,71.29,72.53,,
45086,70.17,71.29,,
45089,67.12,70.17,,
45090,69.42,67.12,,
45091,68.27,69.42,,
45092,70.62,68.27,,
45093,71.78,70.62,,
45097,70.5,71.78,,
45098,72.28,70.5,,
45099,69.23,72.28,,
45100,68.89,69.23,,
45103,69.37,68.89,,
45104,67.7,69.37,,
45105,69.56,67.7,,
45106,69.86,69.56,,
45107,70.64,69.86,,
45112,71.79,70.64,,
45113,71.8,71.79,,
45114,73.86,71.8,,
45117,72.99,73.86,,
45118,74.83,72.99,,
45119,75.75,74.83,,
45120,76.89,75.75,,
45121,75.42,76.89,,
45124,74.15,75.42,,
45125,75.75,74.15,,
45126,75.35,75.75,,
45127,75.63,75.35,,
45128,77.17,75.63,,
45131,78.84,77.17,,
45132,79.93,78.84,,
45133,78.78,79.93,,
45134,80.09,78.78,,
45135,80.58,80.09,,
45138,81.8,80.58,,
45139,81.37,81.8,,
45140,79.49,81.37,,
45141,81.55,79.49,,
45142,82.82,81.55,,
45145,81.94,82.82,,
45146,82.92,81.94,,
45147,84.4,82.92,,
45148,82.82,84.4,,
45149,83.19,82.82,,
45152,82.51,83.19,,
45153,80.99,82.51,,
45154,79.38,80.99,,
45155,80.39,79.38,,
45156,81.25,80.39,,
45159,80.72,81.25,,
45160,80.35,80.72,,
45161,79.52,80.35,,
45162,79.71,79.52,,
45163,80.54,79.71,,
45166,80.1,80.54,,
45167,81.16,80.1,,
45168,81.63,81.16,,
45169,83.63,81.63,,
45170,85.55,83.63,,
45174,86.69,85.55,,
45175,87.54,86.69,,
45176,86.87,87.54,,
45177,87.51,86.87,,
45180,87.29,87.51,,
45181,88.84,87.29,,
45182,88.52,88.84,,
45183,90.16,88.52,,
45184,90.77,90.16,,
45187,91.48,90.77,,
45188,91.2,91.48,,
45189,90.28,91.2,,
45190,90.42,90.28,,
45191,91.09,90.42,,
45194,90.68,91.09,,
45195,90.39,90.68,,
45196,93.68,90.39,,
45197,91.71,93.68,,
45198,90.79,91.71,,
45201,88.82,90.79,,
45202,89.23,88.82,,
45203,84.22,89.23,,
45204,82.31,84.22,,
45205,82.79,82.31,,
45208,86.38,82.79,,
45209,85.97,86.38,,
45210,83.49,85.97,,
45211,82.91,83.49,,
45212,87.69,82.91,,
45215,86.66,87.69,,
45216,86.66,86.66,,
45217,88.32,86.66,,
45218,89.37,88.32,,
45219,88.75,89.37,,
45222,86.44,88.75,,
45223,84.46,86.44,,
45224,86.08,84.46,,
45225,83.21,86.08,,
45226,85.54,83.21,,
45229,82.31,85.54,,
45230,81.02,82.31,,
45231,80.44,81.02,,
45232,82.46,80.44,,
45233,80.51,82.46,,
45236,80.82,80.51,,
45237,77.37,80.82,,
45238,75.33,77.37,,
45239,75.74,75.33,,
45240,77.17,75.74,,
45243,78.26,77.17,,
45244,78.26,78.26,,
45245,76.66,78.26,,
45246,72.9,76.66,,
45247,75.89,72.9,,
45250,77.6,75.89,,
45251,77.43,77.6,,
45252,76.75,77.43,,
45257,74.86,76.75,,
45258,76.41,74.86,,
45259,77.86,76.41,,
45260,75.96,77.86,,
45261,74.07,75.96,,
45264,73.04,74.07,,
45265,72.32,73.04,,
45266,69.38,72.32,,
45267,69.34,69.38,,
45268,71.23,69.34,,
45271,71.32,71.23,,
45272,68.61,71.32,,
45273,69.47,68.61,,
45274,71.58,69.47,,
45275,71.43,71.58,,
45278,72.47,71.43,,
45279,73.44,72.47,,
45280,73.95,73.44,,
45281,73.61,73.95,,
45282,73.26,73.61,,
45286,75.57,73.26,,
45287,74.11,75.57,,
45288,71.77,74.11,,
45289,71.65,71.77,,
45293,70.38,71.65,,
45294,72.7,70.38,,
45295,72.19,72.7,,
45296,73.81,72.19,,
45299,70.77,73.81,,
45300,72.24,70.77,,
45301,71.37,72.24,,
45302,72.02,71.37,,
45303,72.68,72.02,,
45307,72.4,72.68,,
45308,72.56,72.4,,
45309,74.08,72.56,,
45310,73.41,74.08,,
45313,75.19,73.41,,
45314,74.79,75.19,,
45315,75.62,74.79,,
45316,77.88,75.62,,
45317,78.01,77.88,,
45320,76.78,78.01,,
45321,77.82,76.78,,
45322,75.85,77.82,,
45323,73.82,75.85,,
45324,72.28,73.82,,
45327,72.78,72.28,,
45328,73.31,72.78,,
45329,73.86,73.31,,
45330,76.22,73.86,,
45331,76.84,76.22,,
45334,76.92,76.84,,
45335,77.87,76.92,,
45336,76.64,77.87,,
45337,78.03,76.64,,
45338,79.19,78.03,,
45342,78.18,79.19,,
45343,79.04,78.18,,
45344,79.71,79.04,,
45345,77.54,79.71,,
45348,77.58,77.54,,
45349,78.87,77.58,,
45350,78.54,78.87,,
45351,78.26,78.54,,
45352,79.97,78.26,,
45355,78.74,79.97,,
45356,78.15,78.74,,
45357,79.13,78.15,,
45358,78.93,79.13,,
45359,78.01,78.93,,
45362,77.93,78.01,,
45363,77.56,77.93,,
45364,79.72,77.56,,
45365,81.26,79.72,,
45366,81.04,81.26,,
45369,82.72,81.04,,
45370,83.47,82.72,,
45371,81.68,83.47,,
45372,81.54,81.68,,
45373,81.04,81.54,,
45376,82.84,81.04,,
45377,81.62,82.84,,
45378,81.35,81.62,,
45379,83.17,81.35,,
45383,83.71,83.17,,
45384,85.15,83.71,,
45385,85.43,85.15,,
45386,86.59,85.43,,
45387,86.91,86.59,,
45390,86.43,86.91,,
45391,85.23,86.43,,
45392,86.21,85.23,,
45393,85.02,86.21,,
45394,85.66,85.02,,
45397,85.41,85.66,,
45398,85.36,85.41,,
45399,82.69,85.36,,
45400,82.73,82.69,,
45401,83.14,82.73,,
45404,82.85,83.14,,
45405,84.66,82.85,,
45406,84.17,84.66,,
45407,85.17,84.17,,
45408,83.85,85.17,,
45411,82.63,83.85,,
45412,81.93,82.63,,
45413,79,81.93,,
45414,78.95,79,,
45415,78.11,78.95,,
45418,78.48,78.11,,
45419,78.38,78.48,,
45420,78.99,78.38,,
45421,79.26,78.99,,
45422,78.26,79.26,,
45425,79.12,78.26,,
45426,78.02,79.12,,
45427,78.63,78.02,,
45428,79.23,78.63,,
45429,80.06,79.23,,
45432,79.8,80.06,,
45433,79.26,79.8,,
45434,78.23,79.26,,
45435,77.61,78.23,,
45436,78.74,77.61,,
45440,79.83,78.74,,
45441,79.23,79.83,,
45442,77.91,79.23,,
45443,76.99,77.91,,
45446,74.22,76.99,,
45447,73.25,74.22,,
45448,74.07,73.25,,
45449,75.55,74.07,,
45450,75.53,75.55,,
45453,77.74,75.53,,
45454,77.9,77.74,,
45455,78.5,77.9,,
45456,78.62,78.5,,
45457,78.45,78.62,,
45460,80.33,78.45,,
45461,81.57,80.33,,
45463,82.17,81.57,,
45464,81.97,82.17,,
45467,82.84,81.97,,
45468,82.08,82.84,,
45469,80.9,82.08,,
45470,81.74,80.9,,
45471,81.54,81.74,,
45474,83.38,81.54,,
45475,82.81,83.38,,
45476,83.88,82.81,,
45481,82.33,83.88,,
45482,81.41,82.33,,
45483,82.1,81.41,,
45484,82.62,82.1,,
45485,82.21,82.62,,
45488,81.91,82.21,,
45489,80.76,81.91,,
45490,82.85,80.76,,
45491,82.82,82.85,,
45492,80.13,82.82,,
45495,79.78,80.13,,
45496,78.2,79.78,,
45497,78.88,78.2,,
45498,79.59,78.88,,
45499,77.16,79.59,,
45502,75.81,77.16,,
45503,74.73,75.81,,
45504,77.91,74.73,,
45505,76.31,77.91,,
45506,73.52,76.31,,
45509,72.94,73.52,,
45510,73.2,72.94,,
45511,75.23,73.2,,
45512,76.19,75.23,,
45513,76.84,76.19,,
45516,80.06,76.84,,
45517,78.35,80.06,,
45518,76.98,78.35,,
45519,78.16,76.98,,
45520,76.65,78.16,,
45523,74.37,76.65,,
45524,74.04,74.37,,
45525,72.67,74.04,,
45526,73.79,72.67,,
45527,75.84,73.79,,
45530,77.42,75.84,,
45531,75.53,77.42,,
45532,74.52,75.53,,
45533,75.91,74.52,,
45534,73.55,75.91,,
45538,70.34,73.55,,
45539,69.2,70.34,,
45540,69.15,69.2,,
45541,67.67,69.15,,
45544,68.71,67.67,,
45545,65.75,68.71,,
45546,67.31,65.75,,
45547,68.97,67.31,,
45548,68.65,68.97,,
45551,70.09,68.65,,
45552,71.19,70.09,,
45553,70.91,71.19,,
45554,71.95,70.91,,
45555,71.92,71.95,,
45558,71.16,71.92,,
45559,72.32,71.16,,
45560,70.32,72.32,,
45561,67.67,70.32,,
45562,68.18,67.67,,
45565,68.17,68.18,,
45566,69.83,68.17,,
45567,70.1,69.83,,
45568,73.71,70.1,,
45569,74.38,73.71,,
45572,77.14,74.38,,
45573,73.57,77.14,,
45574,73.24,73.57,,
45575,75.85,73.24,,
45576,75.56,75.85,,
45579,73.83,75.56,,
45580,70.58,73.83,,
45581,70.39,70.58,,
45582,70.67,70.39,,
45583,69.22,70.67,,
45586,70.56,69.22,,
45587,72.09,70.56,,
45588,71.26,72.09,,
45589,70.44,71.26,,
45590,71.99,70.44,,
45593,67.38,71.99,,
45594,67.21,67.38,,
45595,68.61,67.21,,
45596,69.26,68.61,,
45597,69.49,69.26,,
45600,71.47,69.49,,
45601,71.99,71.47,,
45602,71.69,71.99,,
45603,72.36,71.69,,
45604,70.38,72.36,,
45607,68.04,70.38,,
45608,68.12,68.04,,
45609,68.43,68.12,,
45610,68.7,68.43,,
45611,67.02,68.7,,
45614,69.16,67.02,,
45615,69.39,69.16,,
45616,68.87,69.39,,
45617,70.49,68.87,,
45618,71.71,70.49,,
45621,69.27,71.71,,
45622,68.77,69.27,,
45623,68.72,68.77,,
45628,68.1,68.72,,
45629,69.94,68.1,,
45630,68.54,69.94,,
45631,68.3,68.54,,
45632,67.2,68.3,,
45635,68.37,67.2,,
45636,68.59,68.37,,
45637,70.29,68.59,,
45638,70.02,70.29,,
45639,71.29,70.02,,
45642,70.71,71.29,,
45643,70.08,70.71,,
45644,70.58,70.08,,
45645,69.91,70.58,,
45646,70.06,69.91,,
45649,69.81,70.06,,
45650,70.8,69.81,,
45652,69.62,70.8,,
45653,70.6,69.62,,
45656,70.99,70.6,,
45657,71.72,70.99,,
45659,73.13,71.72,,
45660,73.96,73.13,,
45663,73.56,73.96,,
45664,74.25,73.56,,
45665,73.32,74.25,,
45666,73.92,73.32,,
45667,76.57,73.92,,
45670,78.82,76.57,,
45671,77.5,78.82,,
45672,80.04,77.5,,
45673,78.68,80.04,,
45674,77.88,78.68,,
45678,75.89,77.88,,
45679,75.71,75.89,,
45680,74.93,75.71,,
45681,74.96,74.93,,
45684,73.17,74.96,,
45685,73.77,73.17,,
45686,72.62,73.77,,
45687,72.73,72.62,,
45688,72.53,72.73,,
45691,73.16,72.53,,
45692,72.7,73.16,,
45693,71.03,72.7,,
45694,70.61,71.03,,
45695,71,70.61,,
45698,72.32,71,,
45699,73.32,72.32,,
45700,71.37,73.32,,
45701,71.29,71.37,,
45702,70.74,71.29,,
45706,71.85,70.74,,
45707,72.25,71.85,,
45708,72.57,72.25,,
45709,70.58,72.57,,
45712,70.91,70.58,,
45713,69.26,70.91,,
45714,68.62,69.26,,
45715,70.35,68.62,,
45716,69.76,70.35,,
45719,68.37,69.76,,
45720,68.26,68.37,,
45721,66.31,68.26,,
45722,66.36,66.31,,
45723,67.04,66.36,,
45726,66.03,67.04,,
45727,66.25,66.03,,
45728,67.68,66.25,,
45729,66.55,67.68,,
45730,67.18,66.55,,
45733,67.58,67.18,,
45734,66.9,67.58,,
45735,67.16,66.9,,
45736,68.26,67.16,,
45737,68.63,68.26,,
45740,69.51,68.63,,
45741,69.46,69.51,,
45742,69.65,69.46,,
45743,69.92,69.65,,
45744,69.36,69.92,,
45747,71.48,69.36,,
45748,71.2,71.48,,
45749,71.71,71.2,,
45750,66.95,71.71,,
45751,61.99,66.95,,
45754,60.7,61.99,,
45755,59.58,60.7,,
45756,62.35,59.58,,
45757,60.07,62.35,,
45758,61.5,60.07,,
45761,61.53,61.5,,
45762,61.33,61.53,,
45763,62.47,61.33,,
45764,64.68,62.47,,
45768,63.08,64.68,,
45769,64.31,63.08,,
45770,62.98,64.31,,
45771,63.57,62.98,,
45772,63.95,63.57,,
45775,62.05,63.95,,
45776,60.42,62.05,,
45777,58.21,60.42,,
45778,59.24,58.21,,
45779,58.29,59.24,,
45782,57.13,58.29,,
45783,59.09,57.13,,
45784,58.07,59.09,,
45785,59.91,58.07,,
45786,61.02,59.91,,
45789,61.95,61.02,,
45790,63.67,61.95,,
45791,63.15,63.67,,
45792,61.62,63.15,,
45793,62.49,61.62,,
45796,62.69,62.49,,
45797,62.56,62.69,,
45798,62.33,62.56,,
45799,61.84,62.33,,
45800,62.18,61.84,,
45804,60.89,62.18,,
45805,61.84,60.89,,
45806,60.94,61.84,,
45807,60.79,60.94,,
45810,62.52,60.79,,
45811,63.41,62.52,,
45812,62.85,63.41,,
45813,63.37,62.85,,
45814,64.58,63.37,,
45817,65.29,64.58,,
45818,64.98,65.29,,
45819,68.15,64.98,,
45820,68.04,68.15,,
45821,72.98,68.04,,
45824,71.77,72.98,,
45825,74.84,71.77,,
45826,75.14,74.84,,
45828,74.93,75.14,,
45831,69.62,74.93,,
45832,65.38,69.62,,
45833,66.11,65.38,,
45834,65.24,66.11,,
45835,65.52,65.24,,
45838,65.11,65.52,,
45839,65.45,65.11,,
45840,67.45,65.45,,
45841,67,67.45,,
45845,67.93,67,,
45846,68.33,67.93,,
45847,68.38,68.33,,
45848,66.57,68.38,,
45849,68.45,66.57,,
45852,66.98,68.45,,
45853,66.52,66.98,,
45854,66.38,66.52,,
45855,67.54,66.38,,
45856,67.34,67.54,,
45859,67.2,67.34,,
45860,66.21,67.2,,
45861,66.36,66.21,,
45862,67.23,66.36,,
45863,66.11,67.23,,
45866,66.71,66.11,,
45867,69.21,66.71,,
45868,70,69.21,,
45869,69.26,70,,
45870,67.33,69.26,,
45873,66.29,67.33,,
45874,65.16,66.29,,
45875,64.35,65.16,,
45876,63.88,64.35,,
45877,63.88,63.88,,
45880,63.96,63.88,,
45881,63.17,63.96,,
45882,62.65,63.17,,
45883,63.96,62.65,,
45884,62.8,63.96,,
45887,63.42,62.8,,
45888,62.35,63.42,,
45889,63.21,62.35,,
45890,63.92,63.21,,
45891,64.06,63.92,,
45894,65.3,64.06,,
45895,63.25,65.3,,
45896,64.15,63.25,,
45897,64.6,64.15,,
45898,64.01,64.6,,
45902,65.59,64.01,,
45903,63.97,65.59,,
45904,63.48,63.97,,
45905,61.87,63.48,,
45908,62.26,61.87,,
45909,62.63,62.26,,
45910,63.67,62.63,,
45911,62.37,63.67,,
45912,62.69,62.37,,
45915,63.3,62.69,,
45916,64.52,63.3,,
45917,64.05,64.52,,
45918,63.57,64.05,,
45919,62.68,63.57,,
45922,62.64,62.68,,
45923,63.81,62.64,,
45924,65.49,63.81,,
45925,65.71,65.49,,
45926,65.72,65.71,,
45929,63.45,65.72,,
45930,62.37,63.45,,
45931,61.78,62.37,,
45932,60.48,61.78,,
45933,60.88,60.48,,
45936,61.69,60.88,,
45937,61.73,61.69,,
45938,62.55,61.73,,
45939,61.51,62.55,,
45940,58.9,61.51,,
45943,59.49,58.9,,
45944,58.7,59.49,,
45945,58.27,58.7,,
45946,57.46,58.27,,
45947,57.54,57.46,,
45950,57.52,57.54,,
45951,57.82,57.52,,
45952,59.27,57.82,,
45953,62.62,59.27,,
45954,62.31,62.62,,
45957,61.31,62.31,,
45958,60.15,61.31,,
45959,60.48,60.15,,
45960,60.57,60.48,,
45961,60.98,60.57,,
45964,61.05,60.98,,
45965,60.56,61.05,,
45966,59.6,60.56,,
45967,59.43,59.6,,
45968,59.75,59.43,,
45971,60.13,59.75,,
45972,61.04,60.13,,
45973,58.49,61.04,,
45974,58.69,58.49,,
45975,60.09,58.69,,
45978,59.91,60.09,,
45979,60.74,59.91,,
45980,59.44,60.74,,
45981,59.14,59.44,,
45982,58.31,59.14,,
45985,59,58.31,,
45986,58.15,59,,
45987,58.65,58.15,,
45992,59.32,58.65,,
45993,58.64,59.32,,
45994,58.95,58.64,,
45995,59.67,58.95,,
45996,60.08,59.67,,
45999,58.88,60.08,,
46000,58.25,58.88,,
46001,58.46,58.25,,
46002,57.6,58.46,,
46003,57.44,57.6,,
46006,56.82,57.44,,
46007,55.27,56.82,,
46008,55.94,55.27,,
46009,56.15,55.94,,
46010,56.66,56.15,,
46013,58.16,56.66,,
46014,58.53,58.16,,
46015,58.53,58.53,,
46020,58.08,58.53,,
46021,57.95,58.08,,
46022,57.42,57.95,,
46024,57.32,57.42,,
46027,58.32,57.32,,
46028,57.13,58.32,,
46029,55.99,57.13,,
46030,57.76,55.99,,
46031,59.12,57.76,,
46034,59.5,59.12,,
46035,61.15,59.5,,
46036,62.02,61.15,,
46037,59.19,62.02,,
46038,59.44,59.19,,
46042,60.34,59.44,,
46043,60.82,60.34,,
46044,59.48,60.82,,
46045,61.24,59.48,,
46048,60.63,61.24,,
46049,62.39,60.63,,
46050,63.21,62.39,,
46051,65.42,63.21,,
46052,65.21,65.42,,
46055,62.14,65.21,,
46056,63.21,62.14,,
46057,65.14,63.21,,
46058,63.29,65.14,,
46059,63.55,63.29,,
46062,64.36,63.55,,
46063,63.96,64.36,,
46064,64.63,63.96,,
46065,62.84,64.63,,
46066,62.89,62.84,,
46070,62.33,62.89,,
46071,65.19,62.33,,
46072,66.43,65.19,,
46073,66.39,66.43,,
46076,66.26,66.39,,
46077,65.48,66.26,,
46078,65.22,65.48,,
46079,65.42,65.22,,
46080,67.02,65.42,,
46083,71.23,67.02,,
46084,74.56,71.23,,
46085,74.66,74.56,,
46086,81.01,74.66,,
46087,90.9,81.01,,
46090,94.77,90.9,,
46091,83.45,94.77,,
46092,87.25,83.45,,
46093,95.73,87.25,,
46094,98.71,95.73,,
46097,93.5,98.71,,
46098,96.21,93.5,,
46099,96.32,96.21,,
46100,96.14,96.32,,
46101,98.32,96.14,,
46104,89.22,98.32,,
46105,93.33,89.22,,
46106,91.89,93.33,,
46107,94.48,91.89,,
46108,99.64,94.48,,
46111,102.88,99.64,,
46112,101.38,102.88,,
46113,100.12,101.38,,
46114,111.54,100.12,,
46118,112.41,111.54,,
46119,112.95,112.41,,
46120,94.41,112.95,,
46121,97.87,94.41,,
46122,96.57,97.87,,
46125,99.08,96.57,,
46126,91.28,99.08,,
46127,91.29,91.28,,
46128,94.69,91.29,,
46129,83.85,94.69,,
46132,89.61,83.85,,
46133,92.13,89.61,,
46134,97.07,92.13,,
46135,99.63,97.07,,
46136,98.47,99.63,,
46139,96.37,98.47,,
46140,99.93,96.37,,
46141,106.88,99.93,,
46142,105.07,106.88,,
46143,101.94,105.07,,
46146,106.42,101.94,,
46147,102.27,106.42,,