date,mu,rho,alpha,beta,V0,sigma_v,lambda,mu_y,sigma_y,SSE_SVJ,RMSE_SVJ,n_obs,n_contract,exitflag,elapsed_sec
2021-11-01,0.00341826095680048,0.275793693863192,0.000250527272585612,0.836292516391624,0.00226493274247378,0.0184422712808417,0.0067,-0.296637460485644,0.112067158227626,0.342198117514801,0.00483915035297504,14613,3790,2,1842.590283125
2021-11-02,0.00149860626297466,-0.392405310825394,0.00039759268785376,0.7712740682616,0.00109547573142693,0.0230553102807423,0.0067,0.0113802197558357,0.0848479215756248,0.884473614052834,0.00758020247107921,15393,4071,2,549.395647708333
2021-11-03,0.00273067170471988,0.295315752167128,0.000542878094912972,0.697994467292605,0.000565777712343518,0.0287595741257841,0.0067,-0.169326583259937,0.147547554747273,0.433816508450722,0.00573735613019185,13179,3473,2,573.639592
2021-11-04,0.00108772321569407,-0.0627964542166469,0.000351602377760118,0.803848832421552,0.00129956707582584,0.0258540494378317,0.0067,0.0983703833497463,0.172256207482468,0.541547534652741,0.00627531252714296,13752,3690,2,393.315690833333
2021-11-05,0.00307720632574443,0.391820148520515,0.000404101540823536,0.720068211247273,0.000886049781498067,0.0331380950363141,0.0067,-0.268375229349877,0.14579659164839,0.29625745307229,0.00424196385578179,16464,4323,2,1693.72426683333
2021-11-06,0.000713368754193332,-0.597979888093514,0.000288687196183534,0.854434486217778,0.000920986792786444,0.0339955746611388,0.0067,0.099353960674523,7.64228510840334e-08,0.331337603120693,0.00577208834245905,9945,2668,2,275.813197041667
2021-11-07,-0.000241795171620222,-0.413645665842628,0.000737862106618689,0.595737368507808,0.00026716821269215,1.00000234204745e-08,0.0067,0.180070131614329,0.161417615400493,0.335231454735333,0.00598747002661171,9351,2587,3,354.688991166667
2021-11-08,0.000562913363889684,-0.0644424099085898,0.000332527546190339,0.845359627161815,0.000467700841458356,0.0330129357541507,0.0067,0.139793567721283,0.2258315938895,0.621067561162999,0.00514918971904946,23424,6341,2,762.635896041667
2021-11-09,-0.000362781418922618,-0.353770869965137,0.000166451337024887,0.906570416285806,0.00063061868542919,0.0218757424860551,0.0067,0.187266259368169,0.379922434210161,0.900517145840055,0.00735624665657063,16641,4454,2,907.597556291667
2021-11-10,0.000303444192183114,0.174882925744973,0.000430686533143934,0.751784524294081,0.000951038692110273,0.0243298569870716,0.0067,0.100400968909821,0.0152742804516657,1.11254767205205,0.00730634268603042,20841,5484,2,980.20463875
2021-11-11,0.00129526020154464,-0.556029680780398,9.80435510973177e-05,0.882480760362309,0.00168307215942476,0.020742120279699,0.0067,-0.0215476537181084,0.345581375311932,0.18533959600318,0.00397599840156546,11724,3178,2,552.236450083333
2021-11-12,0.00181442213932769,0.287813953605302,0.000210944162984806,0.871894609836899,0.000577880894929416,0.0394338118261213,0.0067,-0.123524214618717,0.0772569779587159,0.681348788673624,0.00563285108100786,21474,5447,2,651.029539791667
2021-11-13,0.00368601878063178,-0.418219772695034,0.000231478152301305,0.779454988097886,0.000818237688932969,0.0257589931976153,0.0067,-0.321491980395822,8.90555822001124e-05,0.304101338873165,0.00616736897989973,7995,2167,2,738.199360291667
2021-11-14,0.00391372643947193,0.809980017883481,0.000302397026337326,0.800957466844788,0.000887887822145277,0.0147059359802862,0.0067,-0.376881440702372,0.0965111831213567,0.101780471155842,0.00374579023250475,7254,1955,2,278.176234625
2021-11-15,0.00253590412121001,-0.149236874410356,0.000434609567314896,0.601237616900406,0.00147856656677801,0.0417993662312699,0.0067,-0.252594417745636,0.187390271199934,0.372685231430371,0.00525242053644086,13509,3675,2,1259.36698320833
2021-11-16,-0.000473896677845112,-0.382017856632184,0.000179646223416655,0.888817880304136,0.00169069074948182,0.0259406740541652,0.0067,0.143798139228878,0.0286475411522971,0.929598511031151,0.00552446071054841,30459,7961,2,1365.10270820833
2021-11-17,0.000997177474679435,-0.62391013143536,0.000567856240389593,0.572206094496661,0.00158362268763247,0.0161434331552824,0.0067,0.00645092438999983,0.151097172772854,0.475432216181901,0.00523217066285285,17367,4646,0,3507.429760375
2021-11-18,0.000695824927544121,0.629975643579875,0.000756575409547832,0.556022211025452,0.00150503625945446,0.016858504469934,0.0067,0.101181446872708,0.211769498664562,1.00162093169644,0.00653538252542192,23451,6158,2,2286.31905675
2021-11-19,-0.000276720583009706,-0.293751715375761,0.000324183408185596,0.694554794763164,0.000997423319426925,0.0386247679730861,0.0067,0.2607306802454,1.00000334992325e-08,1.59651660237986,0.0088752638266083,20268,5330,2,962.063303416667
2021-11-20,0.00187783447391879,0.0826999423764884,0.000394800499195854,0.82004403340673,0.00129582165186146,0.0304742747324652,0.0067,-0.00707910241540804,0.167882462642062,0.344320897629077,0.00564637623571835,10800,2783,2,292.209052666667
2021-11-21,0.0020520400928536,0.307931578727642,0.000662291784352557,0.596120770993048,0.00105119034027722,0.0383182972657689,0.0067,-0.150814858294673,0.135526334956807,0.11098328158574,0.00349881454800231,9066,2388,2,373.387320958333
2021-11-22,-0.000579991440861713,-0.215936811837739,6.58678751156448e-05,0.925791055018684,0.00111400694520626,0.0164413696817381,0.0067,0.202763974022301,0.370904137669726,0.602091484885022,0.00558032064763186,19335,5176,2,986.061729125
2021-11-23,-0.00047447358655123,-0.999978900980513,0.000704805065236121,0.471888384240235,0.000904063194077137,0.0154067162348767,0.0067,0.335853656925475,1.00000228261023e-08,0.370033226012851,0.00480831068798135,16005,4135,2,2194.29076708333
2021-11-24,0.00146858308983803,0.718038364927984,0.000486118960973374,0.812942486701041,0.00125323865250749,0.0188836553030448,0.0067,-0.0480056289427652,0.124124911528865,0.374831152294182,0.0050491103260833,14703,3877,2,1568.28942295833
2021-11-25,0.00198133071822689,0.125332630867173,0.000545036712403387,0.75441439320714,0.000675777828222103,0.0110478793784435,0.0067,-0.13340496802413,0.0182302569260657,0.865911397497339,0.00714809495953712,16947,4381,2,1009.18417570833
2021-11-26,-0.00125364582927003,-0.870530899228401,8.43496918282695e-05,0.92433059991342,0.00163795382053793,0.012302947720803,0.0067,0.324447266788076,1.00000271326568e-08,1.24946036223043,0.00621946828694225,32301,8493,2,3150.88578341667
2021-11-27,-0.000364141553481311,-0.687021953952758,0.000269568547302662,0.885056180771029,0.0008599758247287,1.00128293836339e-08,0.0067,0.118138211595952,1.00000279097476e-08,0.385825753888297,0.00587981293658244,11160,3003,3,552.537963375
2021-11-28,0.00165046342949172,-0.112296384076042,0.000477736817181298,0.781753526300243,0.000883123451338431,0.0238194379047557,0.0067,-0.0762745152695011,0.0853023226735286,0.557780037501396,0.00576719920005219,16770,4391,2,539.528830458333
2021-11-29,-0.000528879443625881,-0.300349811967837,0.000346376790800355,0.794146051198684,0.000364573749183626,0.0368588361247983,0.0067,0.13903696721786,0.302823896820302,0.418697768532577,0.00468742628563689,19056,4914,2,734.749701333333
2021-11-30,-0.000616255595563341,0.430692147848114,0.000313708495439491,0.856237242641843,0.00105790279095195,0.023415517220134,0.0067,0.301841988743843,1.00000410443481e-08,0.711135185998781,0.00580516107278491,21102,5487,2,1630.70341779167
2021-12-01,0.000832384766879973,-0.116153418037668,0.000619581866591938,0.740647857808232,0.00133916595062155,0.0176606496713854,0.0067,0.0532017330871047,4.59985368016586e-08,0.363040970450283,0.00486877067419651,15315,4124,2,851.385151375
2021-12-02,0.00173080222425634,-0.111945719197312,0.000655370394467824,0.681096605229028,0.000840383031732251,0.0369816310808112,0.0067,-0.105279173431927,1.00000402480149e-08,0.663495396954361,0.006537371309353,15525,4186,2,471.109420083333
2021-12-03,0.000134938071012403,-0.0918463254894672,0.000313826508882956,0.794202925999593,0.00088449158723847,0.0273595415211496,0.0067,0.189852390801453,0.00679285551264066,1.06799849334161,0.00618770957746659,27894,7328,2,1141.636852
2021-12-04,0.00174805486317051,0.50493900364228,0.000251450612852336,0.828083787547314,0.00211023556879729,0.0476407353511502,0.0067,0.000386510203630811,0.194868606370114,5.52824358139511,0.0113241228911099,43110,11708,2,1364.98566220833
2021-12-05,-0.000168797739318014,0.124243094144303,0.000160369162645551,0.894683921031938,0.00188068549421289,0.0171894886474774,0.0067,0.222286328241488,0.168475478966884,0.944845465757902,0.00795972168477821,14913,4088,0,2916.50784945833
2021-12-06,0.000722880198297094,-0.669759235604063,0.000189814493903908,0.751049857847096,0.00196605354216224,0.0440769788440388,0.0067,0.0951612531768804,0.211196636598913,0.539803632095606,0.00484824631821642,22965,6072,2,910.615297083333
2021-12-07,0.00183631219992244,-0.999999999912943,0.00038306579347046,0.710498878818305,0.000827879431699884,0.000395268213977537,0.0067,-0.195763005611482,1.00000420138557e-08,1.12733086485409,0.00766737471400129,19176,5134,3,1397.46898975
2021-12-08,0.00070995275599466,-0.297576136689964,0.000343935975655663,0.806607659087385,0.00104883263531987,0.0255087821296614,0.0067,0.0866001234859377,0.218215919058041,1.45774449676962,0.00997554692250712,14649,3783,2,561.19801325
2021-12-09,0.000836815860594219,0.22866898568793,4.87917712695716e-05,0.939943411670349,0.00129617385450603,0.0365927759867223,0.0067,0.244965270435803,0.0182172862247836,0.542169383441978,0.00563425210079276,17079,4410,2,813.757772208333
2021-12-10,0.00176647786040985,0.477536462805802,0.000557905683658189,0.741504028612748,0.00109794768172216,0.0483511733682069,0.0067,-0.0318106811565322,0.00275948236280194,1.64157873187318,0.00826675975976919,24021,6474,2,1776.955875
2021-12-11,0.00345663012683895,0.877398506803026,1.19390698326803e-05,0.998999999999977,0.00126309519433056,0.00198712103784425,0.0067,-0.208772894603928,0.210604289960555,0.234581295406891,0.00432874367910084,12519,3461,2,952.5748195
2021-12-12,0.00111960849827367,0.116832715041924,0.000457669128664413,0.774905621391736,0.000543842775514933,0.0273546135898894,0.0067,-0.0174310111875163,0.0801939623400988,0.381346362694643,0.00540821957631436,13038,3415,2,785.028326416667
2021-12-13,0.000339304586587483,0.0366374950584911,0.000338591991480231,0.832141541036806,0.00114738235284826,0.0263175496538713,0.0067,0.190956925873834,1.00000301412538e-08,1.63269521645245,0.00884147907310511,20886,5514,2,674.923916125
2021-12-14,0.00231620484527056,-0.00315973033119002,0.000201456195687887,0.807619146765102,0.00190591702961885,0.0374738967385811,0.0067,-0.0939490909829761,0.350659791150873,0.336624997019908,0.00449277031801244,16677,4529,2,484.46405275
2021-12-15,0.000655816981089409,-0.0758858339827809,0.000491747995917163,0.755529542645646,0.000377827547424097,0.0357586630645936,0.0067,0.049153975216937,0.259025383399905,0.90235059521902,0.00625083555588762,23094,6047,2,3556.15808458333
2021-12-16,-0.000462771834670957,0.0986831681463308,0.000308235093333206,0.819416928899414,0.000763025184247521,0.0420707176607206,0.0067,0.204859951171408,0.0800369732048163,0.350775775534001,0.00465024660749418,16221,4356,2,591.503099541667
2021-12-17,0.00205677110754523,0.106034093331,0.00025729875921624,0.771066013928946,0.00186295313863353,0.0453939438727483,0.0067,-0.156276452774455,1.00000419547738e-08,0.504022146659064,0.00529205990325298,17997,4655,2,593.002150375
2021-12-18,-0.000647932232039503,-0.963433328017609,0.000414811815905025,0.671610082350043,0.000625691524804096,0.0190461703639977,0.0067,0.241472308041864,1.00000390658653e-08,0.272062065598819,0.00521778346090113,9993,2558,2,645.198893375
2021-12-19,-0.000267693915423569,-0.116213856090638,0.00144217529646431,0.0357320394784782,0.000160272788493638,1.00386039475886e-08,0.0067,0.300367427893566,0.130394408905983,0.431196842373914,0.00652589782763129,10125,2612,2,459.165951416667
2021-12-20,0.00152075831027629,-0.148911979371134,0.000106821262124697,0.942584676352422,0.00111489201154406,0.0177914563132441,0.0067,0.0625729727107879,0.136046429726124,0.599329764391903,0.00600560291037788,16617,4515,2,827.169808708333
2021-12-21,-0.000783106535104062,0.112863385118006,0.000206755750863152,0.827606723483425,0.00133469083651551,0.0244017393646893,0.0067,0.297028150672263,0.024751086278217,0.297579521230605,0.00399022026256015,18690,4939,2,543.9721815
2021-12-22,0.00200938932704667,-0.170106435405293,0.000152521600026451,0.906841483284831,0.00114940534559777,0.0258167382153657,0.0067,-0.135942586439445,0.0319101312074661,0.300797022819198,0.00539409390570567,10338,2644,2,942.563559125
2021-12-23,0.000866426779125697,0.200339615216151,0.000354599931970151,0.748778229849975,0.000819393572872567,0.0154154869808103,0.0067,0.112680797393027,0.0424020805186624,0.600631756166166,0.00624658293474874,15393,3937,2,1449.15557416667
2021-12-24,0.0010395065283063,-0.758106073479182,0.000675999795913255,0.594241554412691,0.000194182288404726,0.0283786529286504,0.0067,-0.021513976570149,1.000003613286e-08,0.606131121686005,0.0059169394791545,17313,4318,2,813.946104375
2021-12-25,-0.000846027191865759,-0.338896325319291,0.00017602688468678,0.661864263872944,0.000767684750116956,0.0240144094634458,0.0067,0.302796136503602,6.56762345155526e-07,0.218238002052995,0.00538675711791797,7521,1932,2,226.773727375
2021-12-26,0.00143899767331616,0.426478991038367,2.95899052363387e-05,0.948485152717982,0.001423217480836,0.0235553102567089,0.0067,0.0361742602455913,0.299402888543448,0.218521372881369,0.00454189901693248,10593,2668,2,384.737142625
2021-12-27,0.00162253984953446,-0.99972431834781,0.000828448240147933,0.462913636181429,0.000632045475763528,0.0302502385670633,0.0067,-0.0589830672607553,0.00436052034273322,0.304271324075479,0.00499689156679794,12186,3176,2,1593.94404754167
2021-12-28,0.000515525158815267,0.273702975681047,0.000448778282891904,0.740045635728253,0.000819526723834791,0.023749897791625,0.0067,0.105227757496195,0.173584950934348,0.465886885013852,0.004613254796948,21891,5534,2,551.2990545
2021-12-29,0.0018634522446603,0.362233725660458,0.000234549887717448,0.796769938843022,0.0013335284012169,0.0299407211188815,0.0067,-0.0972127177333105,0.193478114678233,0.483040541011797,0.00536452308175254,16785,3891,2,441.483278916667
2021-12-30,0.00169698057222058,-0.101396289527023,0.000282263829682764,0.830725862832397,0.000857578007446741,0.0331291466960879,0.0067,-0.14944607646632,0.0238486102010184,0.481722825579867,0.00605965985180834,13119,3290,2,414.320607708333
2021-12-31,-0.00120310409001185,0.0999096385584726,2.13026841819482e-05,0.967400527959682,0.0011973792233295,0.00981330803882986,0.0067,0.308901876793203,7.53014385682494e-05,1.1276006131044,0.00649936344752788,26694,6732,2,1249.90771604167
2022-01-01,0.00154312628721676,0.832213559944833,0.000872171840099645,0.169535011877094,0.000791206104557625,0.0137885608306602,0.0067,-0.0941622915093604,0.00288128931338961,0.198164093249423,0.0047488906450982,8787,2330,2,659.248349791667
2022-01-02,0.00152353387767114,0.999999999999971,0.000257935502452392,0.734335332631401,0.000490986014232575,0.0048744559021794,0.0067,-0.0220517227414725,0.0968959544785835,0.183370552983195,0.00464549490622483,8497,2257,3,408.572974
2022-01-03,-0.000196774350976889,-0.263155843804445,0.000163547694695805,0.812462588327646,0.00148157130253463,0.0232450710585371,0.0067,0.162057779552413,0.214507324518179,0.199806389247852,0.00403782997785411,12255,3206,2,380.032470541667
2022-01-04,0.000965480825996288,-0.0248931735102497,0.00018967906146092,0.710527927448453,0.000758387231443756,0.0147805781934303,0.0067,0.0623957642163566,0.470349805205581,0.230029173234849,0.00426462188023468,12648,3347,2,1167.97252804167
2022-01-05,0.00192492748842628,0.544833711032618,0.000195201681047321,0.860250729278148,0.000585333224473987,0.0305297092748359,0.0067,-0.190628029672595,0.117213077398303,0.417136513970329,0.00466949879694871,19131,4971,2,784.159089375
2022-01-06,-5.0584950464003e-05,0.303952527514525,0.000225634402482206,0.776672683002338,0.00107421503469946,0.023090675519554,0.0067,0.110446899370769,0.289640039991016,0.97563001912773,0.00743376309205074,17655,4397,2,909.772371583333
2022-01-07,-0.000309127358074269,0.013684743777645,0.000155467800923315,0.843632709469609,0.00123123472007294,0.024483634327036,0.0067,0.0431036443702149,0.214214897318359,1.25630788705117,0.00714367452732433,24618,6294,2,651.995506708333
2022-01-08,0.00138196687453479,0.849640101547259,0.000365126578183628,0.417655699583048,0.000147940228584711,0.0153042899721452,0.0067,-0.0830502923813326,0.215712341775177,0.331620762064501,0.00560308507398831,10563,2751,2,590.185393375
2022-01-09,0.000724274318849447,-0.0448098341688612,0.000313745787189409,0.71560734334092,0.000188875737488773,0.0344943687208365,0.0067,0.0230052827708185,0.0758478442983577,0.493360930250967,0.00754480429139333,8667,2324,2,309.772078458333
2022-01-10,0.000953063851868726,0.135032014209345,0.000258561703757671,0.852549475635509,0.00113057549696266,0.0300820776365692,0.0067,0.0958639358978419,0.0451686125397575,0.787353064613509,0.00678022509674691,17127,4292,2,495.676203
2022-01-11,0.000204585021389163,0.250337993316647,0.000468274026397775,0.722678168876762,0.000929340113792822,0.0328749224376169,0.0067,0.0858082672958111,0.0148793479570451,0.271198082496913,0.00412450566904481,15942,4025,2,739.090989166667
2022-01-12,0.000723240428785005,0.673694814628983,0.000622248594286885,0.428309839807087,0.000558501488639894,0.0341158805664056,0.0067,-0.0163996655789019,1.00000357714488e-08,0.307608013950229,0.00442991148021071,15675,4008,2,1212.792184625
2022-01-13,0.000891897792802565,-0.215284503044598,0.000206917115549424,0.834957742438384,0.000645892049273333,0.031830172758891,0.0067,0.018562691919284,2.44209111800128e-08,0.176841601009208,0.0036322439532841,13404,3315,2,918.555110541667
2022-01-14,0.000829578553615715,0.978367670553683,0.000459373294204308,0.727341074441178,1.05972097803788e-05,0.0289034273355198,0.0067,-0.0222725940822294,0.0923217525564028,0.557002709932913,0.00628519994058379,14100,3688,2,499.142364791667
2022-01-15,-0.000458492684687586,-0.938028522500825,0.000120469054015899,0.740569420073774,0.000290402211626343,0.0237403288293873,0.0067,0.25639141716231,9.16649732758186e-05,0.113324223365534,0.00414937261854728,6582,1772,2,560.981675125
2022-01-16,0.00222682047034358,-0.490405081220545,0.000481481398565777,0.482772563927963,0.000285399441140958,0.0216293366433492,0.0067,-0.281689160304223,0.121906573239825,0.12063523050155,0.00405792131887583,7326,1826,2,341.300832708333
2022-01-17,0.000116486636527737,-0.0197049657835486,8.33865379460874e-05,0.931680433043311,0.000335461500304634,0.00847375740176977,0.0067,0.123904377374528,1.0000044073185e-08,0.185437291509813,0.00397095418875637,11760,3029,2,642.359016708333
2022-01-18,-0.000643193151785058,-0.727229298683953,0.000146314314234957,0.779856348895949,0.000333187755908763,0.0203252152068561,0.0067,0.132392343528217,0.305494401541177,0.286556065386661,0.00496039669886942,11646,2951,2,404.071181791667
2022-01-19,0.00222628473207425,0.324369686143096,0.000166705978199085,0.778139886317411,0.000612152726128158,0.0241441489487813,0.0067,-0.165716688623747,0.159035271357981,0.222878000948618,0.0043291850660072,11892,3010,2,582.004339875
2022-01-20,0.0020394352308582,-0.342675146404151,0.00029879916323247,0.62680260796057,0.000922316326542543,0.0289407578882381,0.0067,-0.185063130480612,0.139607844127691,0.368185029606162,0.00440740159930524,18954,4588,2,608.682940916667
2022-01-21,-0.00119313328684936,-0.899151176310315,9.679855847429e-06,0.983654679049281,0.00141496482626837,0.00712047904157296,0.0067,0.326351797619792,0.125096425607496,1.16516027685348,0.00534474057009625,40788,10105,2,2219.66502495833
2022-01-22,0.000187254808028855,0.403354875144648,0.000216957725577937,0.781004826676094,0.00153819979752247,0.0232448239806725,0.0067,0.0904998330951399,0.161128024722763,2.3151164270895,0.00841831446675462,32668,7977,2,884.6963145
2022-01-23,0.000636404864999134,-0.0675234927349927,0.000230981504450717,0.798560442710734,0.00177767059088167,0.0179348358795263,0.0067,-0.0164878163860348,0.255661429436419,0.343411000828416,0.00443987313998206,17421,4291,2,553.140592958333
2022-01-24,0.00118778086231712,-0.574380649727296,5.55204813725138e-05,0.774868078877186,0.00131449070453064,0.0106670896926373,0.0067,0.00411561039066826,0.273776671241451,2.14800405069512,0.00733914415679133,39879,9527,2,1584.21713933333
2022-01-25,0.000827268311968591,-0.201751448280344,0.000428543999905952,0.731550089535572,0.00102774428108231,0.0356524247480903,0.0067,0.108632363783281,1.00000344124389e-08,0.683655882683602,0.00543347445679179,23157,5904,2,715.618602666667
2022-01-26,-4.02843134620524e-05,0.999999999999957,5.20735251865266e-05,0.938989495244214,0.00124544320750653,0.00169732072274036,0.0067,0.108287466478708,0.308011472604497,0.458404823923287,0.00390878919029275,30003,7594,2,1548.167173125
2022-01-27,-0.00083731956609479,-0.884800334165748,0.000395727064379038,0.495865168767568,0.00113655865147548,0.0209712385316125,0.0067,0.291978873802897,0.418535931563888,0.828171671684625,0.00659656689598382,19032,4759,0,1101.195714625
2022-01-28,0.000252959012129143,0.0602712558343371,0.00014391658939262,0.807141416467854,0.0012099343562134,0.0316670137463486,0.0067,0.169275478087965,0.0888037237270258,0.477052452516267,0.004855832061318,20232,5143,2,569.813135916667
2022-01-29,-0.00123430432391816,-0.349425972432895,1.21018093100054e-05,0.979268393140634,0.00115793239839631,0.00573109648940519,0.0067,0.331119827759122,0.134404949149886,0.263824001522331,0.00485884881112142,11175,2872,2,266.842302708333
