log_return,q_density,p_density,pricing_kernel,pricing_kernel_normalized
-0.261568665715761,0.182651370362163,0.378496484464337,0.482570850349268,0.54359787309938
-0.259176932711184,0.190776144064182,0.394962164300731,0.483023847111902,0.544108156877421
-0.256785199706607,0.199483908872578,0.411963767760725,0.48422682887113,0.545463270484513
-0.254393466702029,0.208749076621974,0.429448202765973,0.486086739395976,0.54755838958408
-0.252001733697452,0.218516953594901,0.447370572469609,0.488447312009432,0.550217485654725
-0.249610000692875,0.228711885192858,0.465686021978624,0.491128946110725,0.553238245389464
-0.247218267688297,0.239271064694822,0.484344376896709,0.49401020453232,0.556483874396469
-0.24482653468372,0.250144717560008,0.503301234434769,0.497007955565482,0.559860727939381
-0.242434801679143,0.2613312482284,0.522521199876387,0.500135206552813,0.563383458299349
-0.240043068674565,0.272863438228514,0.541965079568703,0.503470515933719,0.567140558597216
-0.237651335669988,0.284818043229842,0.561597716983375,0.507156697074454,0.57129290270692
-0.235259602665411,0.297281565698521,0.58140078445719,0.511319512539136,0.5759821574165
-0.232867869660833,0.310334295727065,0.601352953500468,0.516060150566506,0.581322307462752
-0.230476136656256,0.324031355781927,0.621449864618249,0.521411901796738,0.587350853496988
-0.228084403651679,0.338376178938311,0.641689865630416,0.52732043478025,0.594006593189201
-0.225692670647101,0.353311980872634,0.662095270106698,0.533627102963139,0.601110817176375
-0.223300937642524,0.368738632744539,0.682696209230501,0.540121107688824,0.608426068717624
-0.220909204637946,0.384522020556203,0.703522043757523,0.546567124609862,0.615687263805771
-0.218517471633369,0.400532147323332,0.724613239988063,0.552753007010926,0.622655427162566
-0.216125738628792,0.41666915061166,0.745999698529756,0.558537961118278,0.629171959908914
-0.213734005624214,0.432896615267837,0.767717652743921,0.563874770523524,0.635183674540515
-0.211342272619637,0.44926804479045,0.789780891269464,0.568851500152547,0.640789772876893
-0.20895053961506,0.465902733370529,0.812214574039073,0.573620257826247,0.646161598644806
-0.206558806610482,0.483010537272296,0.835021715517598,0.578440689980016,0.65159163376672
-0.204167073605905,0.500848248493416,0.858195403240233,0.58360630528012,0.657410504691796
-0.201775340601328,0.519683530726153,0.881734297508864,0.589387905397803,0.663923259295205
-0.19938360759675,0.539783943916621,0.905629883610965,0.596031506562452,0.671407025586123
-0.196991874592173,0.56136297636005,0.929889117899658,0.603688080174549,0.680031867156543
-0.194600141587596,0.584568240098105,0.954513868001755,0.612425088513256,0.689873777721044
-0.192208408583018,0.609430995317639,0.979525327551514,0.622169716469724,0.70085073380417
-0.189816675578441,0.635892323021673,1.00496024534403,0.632753709380799,0.712773202869997
-0.187424942573864,0.663795440763842,1.03086277963518,0.643922211449671,0.725354099469845
-0.185033209569286,0.692887637735556,1.05729238682873,0.655341555814867,0.73821756046136
-0.182641476564709,0.722877191020496,1.08430224696516,0.666674991261659,0.750984248294507
-0.180249743560132,0.753436359291235,1.11195819664757,0.677576154897518,0.763263998226505
-0.177858010555554,0.78426218241416,1.14030593461558,0.687764711738125,0.774741023464349
-0.175466277550977,0.815117794335013,1.16939896766879,0.697039946905342,0.785189226263475
-0.1730745445464,0.845853960970284,1.19926877973222,0.705308080444777,0.794502967040162
-0.170682811541822,0.876451690432982,1.22994773975657,0.712592626583017,0.802708733684326
-0.168291078537245,0.907015223733948,1.26144745466068,0.719027352572471,0.809957209963638
-0.165899345532668,0.937816938511913,1.29379529621032,0.724857279400295,0.816524402784416
-0.16350761252809,0.969191093376241,1.32701915456597,0.730351999849798,0.82271399825514
-0.161115879523513,1.00158526090455,1.36116306293224,0.735830473350433,0.82888529215037
-0.158724146518936,1.03548736469012,1.39627497484842,0.741607049716362,0.835392387686792
-0.156332413514358,1.07136036492142,1.43241389119529,0.7479405020482,0.842526783008166
-0.153940680509781,1.1096420261908,1.46966276158243,0.755031735985484,0.850514790744581
-0.151548947505204,1.15065030500632,1.50806060139649,0.763000043858184,0.859490789209191
-0.149157214500626,1.19458784491847,1.54765013986049,0.771872023367088,0.869484739709374
-0.146765481496049,1.24149529522256,1.58841496517231,0.78159380416558,0.880435959330231
-0.144373748491471,1.29126136175801,1.63029025793539,0.792043843403242,0.892207534632151
-0.141982015486894,1.34363648583997,1.67315334185619,0.803056391920028,0.904612755434021
-0.139590282482317,1.39820485806637,1.71679728681734,0.814426297619807,0.917420525632463
-0.137198549477739,1.45445866586508,1.76096897699185,0.82594224252016,0.930392803485613
-0.134806816473162,1.51181958636085,1.8053643674095,0.837404134950414,0.943304193268627
-0.132415083468585,1.56969119159939,1.84964540038942,0.848644389496988,0.955965916329999
-0.130023350464007,1.62748365293865,1.89345902645044,0.859529374654387,0.968227441815837
-0.12763161745943,1.6846916034901,1.9364783461799,0.869976990351326,0.979996287090486
-0.125239884454853,1.74092132414854,1.97842247739035,0.879954278746833,0.991235326388386
-0.122848151450275,1.79593450720387,2.01907908321638,0.889482003024347,1.00196794865304
-0.120456418445698,1.84968624968872,2.05831668483061,0.898640264309446,1.01228438478313
-0.118064685441121,1.9022842036102,2.09610305822048,0.907533718893179,1.02230252614563
-0.115672952436543,1.95403087172313,2.13248286193546,0.916317268758559,1.03219686398561
-0.113281219431966,2.0053734030378,2.16761895331736,0.92515033602596,1.04214698131249
-0.110889486427389,2.05686212549518,2.20173876301605,0.934198988565559,1.05233994732231
-0.108497753422811,2.10909980313505,2.235135673061,0.943611534885779,1.06294282595954
-0.106106020418234,2.16264240780001,2.26812699398024,0.953492645491108,1.07407352460209
-0.103714287413657,2.21798022270122,2.30102504334784,0.963909640667885,1.08580787701498
-0.101322554409079,2.27541531048105,2.33410303780365,0.974856411061514,1.09813900124052
-0.098930821404502,2.33504585837337,2.36756823475807,0.98626338370855,1.11098852595786
-0.0965390883999246,2.39671274966771,2.40151222036692,0.998001479793231,1.12421104874649
-0.0941473553953473,2.46004084255577,2.43592588837851,1.00989970766036,1.1376139539521
-0.09175562239077,2.52442854628613,2.47066675514628,1.02176003341117,1.15097416385235
-0.0893638893861926,2.58916404629705,2.50547291268387,1.03340332804617,1.16408989638131
-0.0869721563816153,2.653471072569,2.53999720659274,1.04467479951621,1.17678678413028
-0.0845804233770379,2.71662648532687,2.57381662825566,1.05548563775035,1.18896478590194
-0.0821886903724606,2.7779816887745,2.60651448696571,1.06578409698708,1.2005656120464
-0.0797969573678832,2.83703672138098,2.6376997183535,1.0755722880965,1.21159164037928
-0.0774052243633059,2.89345954734759,2.66705716606838,1.08488846214457,1.22208595928455
-0.0750134913587286,2.94706786450178,2.69439273425112,1.0937781367351,1.23209984262719
-0.0726217583541512,2.99782572115047,2.71963929582925,1.10228798567069,1.24168586668653
-0.0702300253495739,3.04580536221527,2.74289039560754,1.11043640937779,1.25086475884939
-0.0678382923449965,3.09120825955846,2.76436715044418,1.11823361056138,1.25964801207833
-0.0654465593404192,3.13432712400485,2.78438963014385,1.12567834977999,1.26803423018929
-0.0630548263358418,3.17557668337702,2.8033573508246,1.13277627001172,1.27602976978436
-0.0606630933312645,3.21539974709904,2.82167858623845,1.13953437602029,1.28364252146586
-0.0582713603266872,3.2543310035777,2.83977280737732,1.14598287409592,1.29090651148113
-0.0558796273221098,3.29287916567647,2.85795611364618,1.15217975180011,1.29788706063245
-0.0534878943175325,3.33148892635586,2.8764813788203,1.15818198959528,1.30464835526292
-0.0510961613129551,3.37047918480455,2.89547016735434,1.1640524647105,1.31126122420105
-0.0487044283083778,3.40997778336878,2.91494670610558,1.16982508675933,1.31776386534831
-0.0463126953038004,3.44987614499669,2.93479278953607,1.17550927523644,1.32416688941041
-0.0439209622992231,3.48979579974503,2.9548206770834,1.18105163768844,1.33041015180115
-0.0415292292946458,3.52920958892622,2.97475249917689,1.18638763725814,1.33642095418352
-0.0391374962900684,3.5674345991294,2.99427402388561,1.19141887838977,1.34208845767285
-0.0367457632854911,3.60377035424854,3.01306469769569,1.19604811572901,1.34730311904302
-0.0343540302809137,3.63758691217084,3.03081563041871,1.20020065742775,1.35198080074252
-0.0319622972763364,3.66849621175941,3.04724942758491,1.20387132689262,1.35611567153405
-0.0295705642717591,3.69637196758507,3.06211441015319,1.20713058771705,1.35978710599959
-0.0271788312671817,3.72137591266358,3.07526206539935,1.21010041860622,1.36313250855271
-0.0247870982626044,3.74398702900792,3.08655166763163,1.21299995340131,1.36639872520556
-0.022395365258027,3.76485666443583,3.09594050515182,1.21606234298459,1.36984839163872
-0.0200036322534497,3.78468475794739,3.10342090740331,1.21952028773116,1.37374363605344
-0.0176118992488723,3.80413702534225,3.10903707409123,1.22357403102187,1.37831002507036
-0.015220166244295,3.82367887743038,3.11285175884297,1.22835238349147,1.38369265901419
-0.0128284332397176,3.8435011285192,3.11495103702502,1.23388813590791,1.38992847544902
-0.0104367002351403,3.86347789231403,3.11543750122464,1.24010765447721,1.39693452868148
-0.00804496723056292,3.88322255984006,3.11439345334351,1.24686319118452,1.40454438614195
-0.00565323422598563,3.90209783910433,3.11192418641564,1.25391802799631,1.41249139388844
-0.00326150122140828,3.91935331243577,3.10809632299547,1.26101410803718,1.42048486057787
-0.000869768216830935,3.93418069457414,3.10297002184982,1.26787583085601,1.42821433269044
0.00152196478774647,3.94584378576205,3.09661253402232,1.27424524134333,1.43538923351857
0.00391369779232376,3.9536712351746,3.08906602196635,1.27989211206884,1.44175022054013
0.0063054307969011,3.95720714267932,3.08037972150175,1.28464913434442,1.44710882682441
0.00869716380147845,3.95610457866697,3.07062471184328,1.28837124361321,1.45130164261611
0.0110888968060558,3.95017796943089,3.059843070498,1.29097403965491,1.45423359424841
0.0134806298106331,3.93939142988529,3.04812207093563,1.29239949654512,1.45583931770467
0.0158723628152105,3.92380428319963,3.03552050412704,1.29262980693588,1.45609875367863
0.0182640958197878,3.90358129817245,3.02212146261683,1.29166922854,1.4550166983233
0.0206558288243652,3.87896892621885,3.00797256011891,1.28956260361149,1.45264366474755
0.0230475618289425,3.85026700297706,2.99311415431456,1.28637492740694,1.44905286765803
0.0254392948335199,3.81782476445743,2.97757611445935,1.28219216493502,1.44434114339667
0.0278310278380972,3.78206439329704,2.96137041847071,1.2771331710844,1.4386423775155
0.0302227608426746,3.74341569503852,2.94449172900065,1.27132831047517,1.43210342084514
0.0326144938472519,3.70236646867764,2.92694819578033,1.2649238117761,1.42488899446907
0.0350062268518292,3.65936478656642,2.908749182665,1.25805442709698,1.41715089155968
0.0373979598564065,3.61488743633382,2.88992031942016,1.25086059018372,1.4090473054383
0.0397896928609839,3.56934973214576,2.87051530302013,1.24345260531807,1.40070248972055
0.0421814258655613,3.52311166028569,2.8505976749009,1.23592034446186,1.39221768178385
0.0445731588701386,3.47645541236194,2.8302506879279,1.22832066685483,1.38365693141853
0.0469648918747159,3.42953255104028,2.80955094882944,1.2206692861253,1.37503793943458
0.0493566248792933,3.38240422416869,2.78855668892693,1.212958745863,1.36635230646691
0.0517483578838707,3.33502047325714,2.76729219744255,1.20515660628078,1.35756349031804
0.054140090888448,3.28724335281087,2.74572015017448,1.19722447045522,1.34862823830108
0.0565318238930253,3.23887530847793,2.72375780308815,1.18912015774888,1.33949903551789
0.0589235568976026,3.18968723247923,2.70127228789794,1.18080922340538,1.33013708124873
0.06131528990218,3.13949567226295,2.67808333626308,1.17229200068274,1.32054275089623
0.0637070229067573,3.08821800123022,2.65397550898269,1.1636196305421,1.31077365282541
0.0660987559113347,3.03584992969077,2.62871552258774,1.15487959941068,1.30092833719886
0.068490488915912,2.98252808191176,2.60209539278722,1.14620243753517,1.29115384141932
0.0708822219204894,2.92850562977338,2.57392850685144,1.13775717623007,1.28164057289119
0.0732739549250667,2.87413475804681,2.54408584071263,1.12973183217817,1.2726003253206
0.0756656879296441,2.81974946460422,2.51250070482907,1.12228802928676,1.26421516194695
0.0780574209342214,2.76572628933101,2.47920920853723,1.11556793182566,1.2566452254615
0.0804491539387988,2.71230574814733,2.44431336841218,1.10963912532591,1.24996664841743
0.0828408869433761,2.65965520478281,2.40799740857952,1.1045091640492,1.24418794040578
0.0852326199479534,2.60776436076192,2.37052005813515,1.1000811200954,1.23919991580061
0.0876243529525307,2.55650351215157,2.33218249600941,1.09618501833625,1.23481110402693
0.0900160859571081,2.50561497104528,2.29333621827984,1.09256329319416,1.23073136717012
0.0924078189616855,2.45476147899749,2.25432310863167,1.0889128845809,1.22661931946422
0.0947995519662628,2.40361965094779,2.21546555104261,1.08492756739848,1.22213000987906
0.0971912849708401,2.35192580767859,2.17702818853953,1.08033778343329,1.21695979124763
0.0995830179754175,2.29954733851087,2.13923492295141,1.07493913540748,1.21087841774088
0.101974750979995,2.24653061053133,2.10217762511639,1.06866831027514,1.2038145695991
0.104366483984572,2.19312903602065,2.06588551872505,1.06159272435102,1.19584418875969
0.10675821698915,2.13971826442071,2.03029211083397,1.0538967535769,1.18717496777126
0.109149949993727,2.08679965285101,1.99525986727508,1.04587862818137,1.17814285174499
0.111541682998304,2.03484601830694,1.96058659086319,1.03787612737424,1.16912833622859
0.113933416002882,1.98422771897642,1.92604946931074,1.03020599968624,1.16048822650257
0.116325149007459,1.93512707621948,1.89143083581526,1.02310221424797,1.15248607997341
0.118716882012036,1.88749557022004,1.85652797469,1.01668038184838,1.14525212783708
0.121108615016614,1.84105553029376,1.82119907926574,1.01090295468194,1.13874407390594
0.123500348021191,1.79537965528404,1.78536529591829,1.00560913746259,1.13278078835123
0.125892081025768,1.74994028259393,1.74902474847441,1.00052345406794,1.12705195770473
0.128283814030346,1.70426588193083,1.71226520199478,0.995328223656806,1.12119972647338
0.130675547034923,1.65799553870282,1.67523789540444,0.989707517512038,1.11486821286579
0.1330672800395,1.6109333492953,1.63815948459297,0.983380045988358,1.10774055469937
0.135459013044078,1.56308332114557,1.60126325607287,0.976156366055046,1.09960335154079
0.137850746048655,1.51459865742033,1.56481188611339,0.967911012730239,1.09031527181721
0.140242479053232,1.46575849093924,1.52903657627756,0.958615715071788,1.07984446937794
0.14263421205781,1.41691994096485,1.49414723947927,0.948313461703189,1.06823936928694
0.145025945062387,1.36843453094244,1.46028548452787,0.937100687120008,1.05560860136851
0.147417678066964,1.32064637366247,1.42754374653744,0.925117970546087,1.04211052281938
0.149809411071542,1.27382753373011,1.39593043715483,0.912529378130341,1.02792994797206
0.152201144076119,1.2282343218455,1.36539852003919,0.899542737024678,1.01330098627942
0.154592877080696,1.1840508424616,1.33584392146581,0.886369150942686,0.998461438117568
0.156984610085274,1.1414202934494,1.30712656672608,0.873228593546443,0.983659095525245
0.159376343089851,1.10044796503823,1.27908316310556,0.860341216880995,0.969141951482879
0.161768076094428,1.06116021506461,1.25155286111097,0.847874866525931,0.955099077709173
0.164159809099006,1.02355320944712,1.22436704336994,0.835985593527489,0.941706259825595
0.166551542103583,0.987538959308526,1.19738664306123,0.824745260882311,0.929044448789089
0.16894327510816,0.952950657844464,1.17048409927709,0.814150878626222,0.917110276517715
0.171335008112738,0.919586059755966,1.14358048296925,0.804128850964915,0.905820840123273
0.173726741117315,0.887188625828289,1.11661976446547,0.794530648714593,0.895008827078813
0.176118474121893,0.855492499822025,1.08956809062746,0.785166624445986,0.88446060670375
0.17851020712647,0.824237572448202,1.06242764493617,0.775805840874668,0.873916036852029
0.180901940131047,0.793214768084776,1.03522380848753,0.766225391631663,0.863124021901137
0.183293673135625,0.762271008819368,1.00800298008415,0.756219003197522,0.851852202506599
0.185685406140202,0.731330918153926,0.980825778584382,0.7456277497207,0.839921554687134
0.188077139144779,0.70038619471096,0.953780257321888,0.734326580293839,0.827191213309218
0.190468872149356,0.669500194454431,0.926947992129783,0.722262953411408,0.813601992347348
0.192860605153934,0.638797230278888,0.900423957190027,0.709440508749231,0.799157991759146
0.195252338158511,0.608446868830258,0.874290641669125,0.695932038879727,0.78394120963363
0.197644071163089,0.578633861111448,0.848618577028863,0.681853870247961,0.768082683326408
0.200035804167666,0.549589707221749,0.823467585009022,0.667409036162276,0.751811122206278
0.202427537172243,0.521538315702941,0.798875928225383,0.65284019367248,0.735399870293235
0.204819270176821,0.494704885387995,0.774854685961472,0.638448594750569,0.719188276578472
0.207211003181398,0.469316854486558,0.751399948018384,0.624589948035337,0.70357703343566
0.209602736185975,0.445537976777892,0.728487979764582,0.611592763578436,0.688936195055268
0.211994469190553,0.423510191315866,0.706085705318681,0.599799979132449,0.675652067889033
0.21438620219513,0.403289531939434,0.68414754427855,0.589477423857032,0.664024098465256
0.216777935199707,0.384870691924426,0.662643191428419,0.580811358062526,0.654262102002719
0.219169668204285,0.368153113279949,0.641542584114659,0.573856081257657,0.646427244851261
0.221561401208862,0.352961998325078,0.620818874880052,0.568542633941781,0.640441846732736
0.223953134213439,0.339074010465342,0.600452952004201,0.564697049674875,0.636109941009873
0.226344867218017,0.326207529820818,0.58045002716266,0.561990721949617,0.633061364838529
0.228736600222594,0.314075589304123,0.560812423299417,0.560036789941863,0.630860334082471
0.231128333227171,0.302403564797569,0.541550244041535,0.558403524187824,0.629020521774166
0.233520066231749,0.290962721771262,0.52268464201316,0.556669736173225,0.627067474928383
0.235911799236326,0.279585228984065,0.50422444713845,0.554485667188003,0.624607203541892
0.238303532240903,0.268192039096548,0.486190945568355,0.551618744736252,0.621377723464543
0.240695265245481,0.256768107785066,0.468592232511092,0.547956389309096,0.617252218123109
0.243086998250058,0.245389274093629,0.451445991705649,0.543562859350022,0.61230307223205
0.245478731254635,0.234151705958581,0.434772539288443,0.538561396590959,0.606669112956962
0.247870464259213,0.223193979702625,0.418599275528308,0.533192465326021,0.600621214261206
0.25026219726379,0.212620692160004,0.402947946002125,0.527662925868053,0.594392396489899
0.252653930268367,0.202509345412074,0.387849841626293,0.522133371417486,0.588163561829994
0.255045663272945,0.192888870140313,0.373342106282997,0.516654475598051,0.581991792208554
0.257437396277522,0.183731539333093,0.359446372851211,0.511151462944783,0.575792855882851
0.259829129282099,0.174979999143772,0.346193266936636,0.505440214629589,0.569359349933134
0.262220862286677,0.166556181100794,0.333587859953494,0.499287297577357,0.562428320799217
0.264612595291254,0.15838888104894,0.321625775523447,0.492463269746218,0.554741310669423
0.267004328295831,0.150446718997286,0.310286599271782,0.484863733562365,0.546180719611976
0.269396061300409,0.142737043199892,0.299530400650971,0.476536080777381,0.536799932648671
0.271787794304986,0.135317637832249,0.289299131228338,0.467742980276858,0.526894836378198
0.274179527309564,0.128286526580047,0.279521940040032,0.458949757438267,0.516989602298503
0.276571260314141,0.121768617029604,0.270125991351541,0.450784526214415,0.507791777101564
0.278962993318718,0.115879341651948,0.26103301181774,0.443926003247657,0.500065909501741
0.281354726323296,0.110714451588447,0.252170110232353,0.439046687517537,0.494569544250599
0.283746459327873,0.106320076324202,0.243476890535588,0.436674199716962,0.491897026170791
0.28613819233245,0.10268305163958,0.234902061074727,0.437131335373486,0.49241197225679
0.288529925337028,0.0997207896172341,0.226427833124022,0.4404087087766,0.496103809859487
0.290921658341605,0.0972994756242323,0.218047454500821,0.446230733795914,0.502662101590825
0.293313391346182,0.0952400399294793,0.209775343171962,0.454009696703996,0.511424810089882
0.29570512435076,0.0933470157191938,0.201642398452047,0.462933472502771,0.521477107158217
0.298096857355337,0.0914421501646264,0.193692677782623,0.472099158375259,0.531801906806134
0.300488590359914,0.089371997038251,0.185985592422052,0.480531829774437,0.541300993279802
0.302880323364492,0.0870459665007514,0.178582966655894,0.487425918220284,0.54906692405123
0.305272056369069,0.084434839716263,0.171539693589462,0.492217503421319,0.554464464168234
0.307663789373646,0.0815717880290974,0.164908153574371,0.49464981725303,0.557204374017061
0.310055522378224,0.0785468557766884,0.158722318616022,0.49486963434996,0.55745198969106
0.312447255382801,0.0754839760850218,0.153005404083463,0.493341895583284,0.55573104955633
0.314838988387378,0.0725190786277672,0.14775453188598,0.490807812810297,0.552876500831192
0.317230721391956,0.069780569043836,0.142948083117151,0.488153233832794,0.549886217673599
0.319622454396533,0.0673699039055456,0.138544775705163,0.486268093204145,0.547762677813109
0.32201418740111,0.0653482044523352,0.134485013461239,0.485914398716032,0.54736425430426
0.324405920405688,0.063737504853596,0.13069061242702,0.487697652263954,0.549373022208797
0.326797653410265,0.0625220503157242,0.127080112806919,0.491989257286212,0.554207353500448
0.329189386414842,0.0616551653115869,0.123571953098655,0.49894141644232,0.562038698738093
0.33158111941942,0.0610738275438717,0.120089413784881,0.50856962007721,0.57288450721141
0.333972852423997,0.0607146920735812,0.116565649649632,0.520862640546978,0.586732131402752
0.336364585428574,0.0605135645323892,0.112951392547685,0.535748724893692,0.603500744309633
0.338756318433152,0.0604234814092662,0.109222946161849,0.553212337998365,0.62317284620609
0.341148051437729,0.0604052565767614,0.105371272058418,0.573261149806302,0.645757076996401
0.343539784442306,0.0604287985129022,0.101415730192753,0.595852323875696,0.671205183043528
0.345931517446884,0.0604737074399527,0.0973900658011561,0.620943285564911,0.699469205618459
0.348323250451461,0.0605144134141425,0.0933465463438001,0.64827693990161,0.730259536925684
0.350714983456038,0.0605208163351055,0.0893382281495151,0.677434706157579,0.763104661552673
0.353106716460616,0.0604596267379824,0.085427677384795,0.707728789882135,0.79722980497616
0.355498449465193,0.0602908993111258,0.0816626794724531,0.738291955402509,0.831658058899983
0.357890182469771,0.0599794342474261,0.0780903550241289,0.768077366646537,0.865210201947839
0.360281915474348,0.0594970242968506,0.0747397737217139,0.796055718851676,0.896726761102896
0.362673648478925,0.0588344831377162,0.0716266590472598,0.821404822175174,0.925281570498566
0.365065381483503,0.0580045962634241,0.068752809414099,0.843668742524567,0.950361037565474
0.36745711448808,0.0570446907489388,0.0661135190100229,0.862829442497091,0.971944843849299
0.369848847492657,0.056015605392701,0.0636905581239085,0.87949622428687,0.990719345304946
0.372240580497235,0.0549870877317563,0.0614679965840509,0.894564501651968,1.00769319177953
0.374632313501812,0.0540345129176978,0.059429550230137,0.909219617319207,1.02420162717502
0.377024046506389,0.0532235786862996,0.0575628035726344,0.924617554791968,1.04154682333482
0.379415779510967,0.0526067225001704,0.0558611739520718,0.941740367742831,1.06083502670399
0.381807512515544,0.0522145018527096,0.0543228188854444,0.961189108444819,1.08274330001227
0.384199245520121,0.0520575136277398,0.0529474966026344,0.983191217111286,1.10752784608698
0.386590978524699,0.0521269110084233,0.051739938610412,1.00747918162264,1.13488732260888
0.388982711529276,0.0523989230356303,0.0506964300543481,1.03358210784186,1.1642912850823
0.391374444533853,0.0528395151049658,0.049810270166127,1.06081566971501,1.19496886600219
0.393766177538431,0.0534093138083378,0.0490664472887907,1.08850990360044,1.22616537657953
0.396157910543008,0.0540620868480125,0.0484418871279018,1.11601942148273,1.25715381154193
0.398549643547585,0.0547518763012256,0.0479071620182063,1.14287455141714,1.28740510314727
0.400941376552163,0.0554307521440315,0.0474285542030259,1.1687211022025,1.31652026835816
0.40333310955674,0.0560503351640387,0.046972420702089,1.19326052024281,1.34416299780224
0.405724842561317,0.0565662808340274,0.0465044946951495,1.2163615840756,1.37018547544827
0.408116575565895,0.0569415993217866,0.0459987091680546,1.23789559210787,1.39444272380294
0.410508308570472,0.05714950118839,0.0454364126384586,1.25779078650274,1.41685391036783
0.412900041575049,0.0571790158577265,0.0448036488519218,1.27621337375235,1.43760626049139
0.415291774579627,0.0570325510248068,0.0440993074045375,1.29327543631532,1.4568260308385
0.417683507584204,0.0567288229687935,0.0433239389059768,1.30941055687269,1.47500163595605
0.420075240588781,0.0563012699193996,0.0424886254299703,1.32509040595336,1.4926643949159
0.422466973593359,0.0557864257346729,0.0416036495620528,1.34090221223179,1.5104757986851
0.424858706597936,0.0552244808062598,0.0406795731942041,1.3575481862265,1.52922686094391
0.427250439602514,0.0546479019758965,0.039728814319371,1.37552310362434,1.54947492785374
0.429642172607091,0.0540851506160694,0.0387606474269816,1.39536241539713,1.57182316475126
0.432033905611668,0.0535481025721492,0.0377834235013345,1.4172379739559,1.59646515689978
0.434425638616246,0.053039067317686,0.0368039336795685,1.44112495635569,1.62337294218745
0.436817371620823,0.0525532777475739,0.035828122582066,1.46681639896699,1.65231338388684
0.4392091046254,0.0520852458596546,0.0348628680405575,1.49400347094398,1.68293859569106
0.441600837629978,0.0516291910613962,0.0339162554779005,1.52225504655245,1.71476293071121
0.443992570634555,0.0511841481494752,0.0329966228421436,1.55119353863397,1.74736105124591
0.446384303639132,0.050755183215024,0.0321184612900028,1.58024952555315,1.78009152528642
0.44877603664371,0.0503531278858405,0.0312924385778295,1.6091148588693,1.81260723522956
0.451167769648287,0.0499938921629223,0.0305334644242863,1.63734751707891,1.84441026051294
0.453559502652864,0.049698583870893,0.029854296549552,1.66470456901919,1.87522694833866
